date,Industrial_Production_Total,Industrial_Production_Manufacturing,Retail_Sales
2000-01-01,91.538,92.2097,261545
2000-02-01,91.8239,92.4168,265686
2000-03-01,92.1504,93.0135,269019
2000-04-01,92.6989,93.5958,264067
2000-05-01,92.9499,93.6194,265992
2000-06-01,92.9862,93.7348,267750
2000-07-01,92.8048,93.8178,265683
2000-08-01,92.5521,93.2292,266885
2000-09-01,92.9792,93.725,270523
2000-10-01,92.6179,93.4177,270339
2000-11-01,92.6438,93.1847,268850
2000-12-01,92.3415,92.6399,268338
2001-01-01,91.902,92.3203,272881
2001-02-01,91.3034,91.8104,272627
2001-03-01,91.1162,91.6592,269820
2001-04-01,90.7891,91.2613,274410
2001-05-01,90.3555,90.7213,275769
2001-06-01,89.8784,90.168,274474
2001-07-01,89.3028,89.6173,273098
2001-08-01,89.2003,89.297,275659
2001-09-01,88.7485,88.9392,268652
2001-10-01,88.5052,88.558,288632
2001-11-01,87.97,88.2521,280033
2001-12-01,87.9324,88.4161,276302
2002-01-01,88.5176,89.0258,277135
2002-02-01,88.5278,89.0692,278869
2002-03-01,89.1686,89.7358,278079
2002-04-01,89.604,90.044,281147
2002-05-01,89.964,90.5176,278966
2002-06-01,90.7061,91.4436,280426
2002-07-01,90.6769,91.3272,284161
2002-08-01,90.5762,91.4182,285884
2002-09-01,90.6531,91.4934,281064
2002-10-01,90.4643,91.2516,282940
2002-11-01,90.9711,91.7517,283408
2002-12-01,90.4652,91.1153,286646
2003-01-01,91.2361,91.9301,288657
2003-02-01,91.3445,91.8197,284696
2003-03-01,91.1044,91.9555,288177
2003-04-01,90.5617,91.3398,289053
2003-05-01,90.537,91.396,289619
2003-06-01,90.6527,91.8251,293671
2003-07-01,91.1185,92.1799,296207
2003-08-01,90.9197,91.8284,299592
2003-09-01,91.5059,92.6407,298921
2003-10-01,91.6186,92.7097,298205
2003-11-01,92.2329,93.5573,299433
2003-12-01,92.2602,93.4535,300702
2004-01-01,92.4006,93.362,301993
2004-02-01,92.958,94.046,303915
2004-03-01,92.5861,93.9999,309471
2004-04-01,92.93,94.2717,307358
2004-05-01,93.6013,94.9474,311088
2004-06-01,92.871,94.2172,309127
2004-07-01,93.5649,95.0506,311681
2004-08-01,93.6277,95.4605,311192
2004-09-01,93.7467,95.5578,317446
2004-10-01,94.5465,96.5274,318476
2004-11-01,94.7813,96.5183,320520
2004-12-01,95.5365,97.33,324672
2005-01-01,95.8801,97.9499,321272
2005-02-01,96.5761,98.8565,325308
2005-03-01,96.4456,98.3855,326179
2005-04-01,96.6532,98.811,329124
2005-05-01,96.7402,99.0631,327233
2005-06-01,97.1753,99.3453,337219
2005-07-01,96.8676,98.995,339529
2005-08-01,97.1833,99.5311,335605
2005-09-01,95.3005,98.3893,336600
2005-10-01,96.4572,99.8738,336753
2005-11-01,97.5414,100.8416,339719
2005-12-01,98.0452,100.9959,339895
2006-01-01,98.1999,101.7914,349664
2006-02-01,98.2413,101.5006,347021
2006-03-01,98.4628,101.4364,348357
2006-04-01,98.7618,101.8079,350072
2006-05-01,98.7869,101.5902,348889
2006-06-01,99.0997,101.9267,350795
2006-07-01,99.0489,101.6573,351916
2006-08-01,99.4836,102.4705,353285
2006-09-01,99.3183,102.5967,351240
2006-10-01,99.2044,102.1083,351035
2006-11-01,99.1627,102.2234,352116
2006-12-01,100.1735,103.7877,356367
2007-01-01,99.8346,103.433,355792
2007-02-01,100.7753,103.7703,356545
2007-03-01,100.9547,104.6813,359415
2007-04-01,101.6334,105.3577,358562
2007-05-01,101.7306,105.3756,363085
2007-06-01,101.7893,105.8434,360234
2007-07-01,101.6672,105.9225,361770
2007-08-01,101.863,105.6772,363676
2007-09-01,102.0894,106.0198,365178
2007-10-01,101.8015,105.8942,367322
2007-11-01,102.3446,106.4614,370776
2007-12-01,102.3803,106.6125,366569
2008-01-01,102.2448,106.3605,367368
2008-02-01,101.8438,105.5496,364126
2008-03-01,101.5336,105.1411,365164
2008-04-01,100.8785,104.1184,364816
2008-05-01,100.2674,103.5516,368255
2008-06-01,100.0335,102.8599,368926
2008-07-01,99.676,101.8548,367594
2008-08-01,98.1111,100.5497,364611
2008-09-01,93.7895,96.9448,358991
2008-10-01,94.7219,96.395,346137
2008-11-01,93.4715,93.9577,332498
2008-12-01,90.8357,90.7372,324767
2009-01-01,88.57,87.761,329787
2009-02-01,88.031,87.7622,328376
2009-03-01,86.6528,86.2344,322634
2009-04-01,85.9344,85.6368,324323
2009-05-01,85.0665,84.711,327011
2009-06-01,84.7459,84.4343,332227
2009-07-01,85.7027,85.8216,333670
2009-08-01,86.6426,86.8203,339586
2009-09-01,87.4063,87.7576,330998
2009-10-01,87.6419,87.8323,334595
2009-11-01,88.0221,88.7957,337321
2009-12-01,88.3793,88.7374,338736
2010-01-01,89.3426,89.7715,339093
2010-02-01,89.6779,89.8215,339580
2010-03-01,90.2928,91.0021,346974
2010-04-01,90.5991,91.8003,349869
2010-05-01,91.823,92.9906,346858
2010-06-01,91.9928,92.9321,346516
2010-07-01,92.3421,93.443,347612
2010-08-01,92.6805,93.6275,349188
2010-09-01,92.9537,93.7421,352179
2010-10-01,92.6903,93.7752,356215
2010-11-01,92.7709,93.9046,359450
2010-12-01,93.6787,94.3885,361979
2011-01-01,93.4814,94.4812,364394
2011-02-01,93.1102,94.681,367475
2011-03-01,94.0788,95.3244,370775
2011-04-01,93.7749,94.7934,372820
2011-05-01,93.888,94.7881,372505
2011-06-01,94.172,94.9349,375587
2011-07-01,94.636,95.4946,375442
2011-08-01,95.2749,95.9868,375860
2011-09-01,95.1961,96.2364,380042
2011-10-01,95.8568,96.7654,382207
2011-11-01,95.8485,96.5632,383422
2011-12-01,96.3571,97.2084,383985
2012-01-01,96.9318,98.0951,387531
2012-02-01,97.2435,98.5224,392310
2012-03-01,96.74,98.0069,393698
2012-04-01,97.4359,98.5366,392073
2012-05-01,97.6609,98.2793,391376
2012-06-01,97.6663,98.6278,387901
2012-07-01,97.8713,98.4571,389686
2012-08-01,97.4525,98.3137,394524
2012-09-01,97.381,98.1136,397681
2012-10-01,97.7193,97.9828,397494
2012-11-01,98.0777,98.5509,399708
2012-12-01,98.3101,99.2403,401093
2013-01-01,98.3342,99.0467,404434
2013-02-01,98.7941,99.4999,409118
2013-03-01,99.1921,99.4239,406223
2013-04-01,99.1065,99.1189,404231
2013-05-01,99.1839,99.3881,406677
2013-06-01,99.3897,99.6551,407921
2013-07-01,99.0814,98.7947,410268
2013-08-01,99.6543,99.6198,409691
2013-09-01,100.161,99.644,410044
2013-10-01,100.082,99.8771,411399
2013-11-01,100.3158,99.8721,412561
2013-12-01,100.5175,99.6773,414812
2014-01-01,100.1599,98.6228,411561
2014-02-01,100.9168,99.5446,416736
2014-03-01,101.8942,100.4304,421230
2014-04-01,101.9928,100.4384,425546
2014-05-01,102.3836,100.7026,426253
2014-06-01,102.735,101.0359,427305
2014-07-01,102.9632,101.516,428079
2014-08-01,102.7688,100.9258,431379
2014-09-01,103.0641,100.9676,430189
2014-10-01,103.0764,100.8816,431903
2014-11-01,103.7126,101.593,433113
2014-12-01,103.7044,101.3884,430110
2015-01-01,102.8905,100.7857,428208
2015-02-01,102.2335,100.0389,427119
2015-03-01,101.8914,100.3616,433647
2015-04-01,101.3355,100.3447,434470
2015-05-01,100.8883,100.3722,437865
2015-06-01,100.571,99.9743,437951
2015-07-01,101.2228,100.7102,441942
2015-08-01,101.0367,100.4099,441849
2015-09-01,100.7547,100.1731,439867
2015-10-01,100.2675,100.0112,438693
2015-11-01,99.5298,99.7327,440303
2015-12-01,99.0417,99.4727,442149
2016-01-01,99.5607,99.9002,439466
2016-02-01,99.0445,99.569,443117
2016-03-01,98.3096,99.5203,441856
2016-04-01,98.6421,99.4128,444254
2016-05-01,98.4184,99.334,445490
2016-06-01,98.8833,99.5908,450237
2016-07-01,98.9992,99.6224,449789
2016-08-01,98.85,99.1988,449946
2016-09-01,98.7457,99.3936,453056
2016-10-01,98.7611,99.4863,453847
2016-11-01,98.3491,99.3724,453892
2016-12-01,99.0214,99.3843,459305
2017-01-01,98.7611,99.5441,464412
2017-02-01,98.3646,99.4265,464284
2017-03-01,99.0137,99.1019,463674
2017-04-01,100.0224,100.3189,465276
2017-05-01,100.1408,100.1472,462754
2017-06-01,100.3471,100.1949,465130
2017-07-01,100.1068,99.8077,465089
2017-08-01,99.6925,99.6412,466020
2017-09-01,99.7954,99.6858,475724
2017-10-01,101.0247,100.7464,476107
2017-11-01,101.2664,100.8253,480949
2017-12-01,101.4644,100.5601,483586
2018-01-01,101.4625,100.2412,481414
2018-02-01,101.7085,101.1146,484031
2018-03-01,102.2067,101.06,484110
2018-04-01,103.3329,101.8116,484154
2018-05-01,102.4024,100.9887,491960
2018-06-01,103.198,101.7103,490228
2018-07-01,103.3646,101.7704,493142
2018-08-01,104.0327,102.0029,493445
2018-09-01,104.1004,102.0449,491507
2018-10-01,103.9856,101.6625,496416
2018-11-01,104.0681,101.403,498854
2018-12-01,104.0936,101.769,489113
2019-01-01,103.4021,100.8777,490440
2019-02-01,102.8371,100.2878,491751
2019-03-01,102.8757,100.0465,499292
2019-04-01,102.274,99.4028,499343
2019-05-01,102.392,99.3987,504741
2019-06-01,102.4375,99.7717,505251
2019-07-01,101.9408,99.0618,509091
2019-08-01,102.639,99.7154,512561
2019-09-01,102.2917,98.9031,509282
2019-10-01,101.4281,98.0889,510648
2019-11-01,101.9372,98.9065,514215
2019-12-01,101.7003,98.9568,515866
2020-01-01,101.0338,98.6069,515119
2020-02-01,101.3735,98.8309,515330
2020-03-01,97.4078,94.3639,468324
2020-04-01,84.5619,79.8587,401028
2020-05-01,85.9604,83.4204,478449
2020-06-01,91.5934,89.9764,518038
2020-07-01,95.0256,93.2857,526304
2020-08-01,95.9549,94.6243,530735
2020-09-01,95.9669,94.5995,541302
2020-10-01,96.7394,95.5707,539114
2020-11-01,97.0816,96.0944,533941
2020-12-01,98.363,96.8555,538548
2021-01-01,98.8822,97.7998,559230
2021-02-01,95.6149,93.7406,544891
2021-03-01,98.3856,96.6782,603581
2021-04-01,98.5587,96.8939,608961
2021-05-01,99.4333,97.9551,605282
2021-06-01,99.7987,97.9706,611950
2021-07-01,100.2519,98.8487,601817
2021-08-01,100.0437,98.2683,605533
2021-09-01,98.8579,97.0654,609671
2021-10-01,100.1861,98.4333,618573
2021-11-01,100.8654,99.0146,624874
2021-12-01,100.5726,98.897,619938
2022-01-01,100.1856,97.9535,631509
2022-02-01,100.8064,98.5223,638101
2022-03-01,101.3907,98.9704,651027
2022-04-01,101.44,98.9204,660194
2022-05-01,101.3335,98.4799,659847
2022-06-01,101.018,97.9383,666113
2022-07-01,101.223,98.0214,659550
2022-08-01,101.0963,98.0019,663566
2022-09-01,101.2918,97.9936,661854
2022-10-01,101.2529,98.239,668671
2022-11-01,100.9552,97.4555,659458
2022-12-01,99.7664,95.7545,651763
2023-01-01,100.505,97.4332,680253
2023-02-01,100.6416,97.4821,672152
2023-03-01,101.0205,96.8552,665071
2023-04-01,101.253,97.7738,670494
2023-05-01,100.9286,97.5956,673902
2023-06-01,100.1196,96.9217,677117
2023-07-01,100.9067,97.3075,678424
2023-08-01,100.8393,97.2654,684755
2023-09-01,101.0211,97.3037,689403
2023-10-01,100.4689,96.786,686148
2023-11-01,100.8639,97.2483,685328
2023-12-01,100.6031,97.2445,686277
2024-01-01,99.2223,95.7457,680456
2024-02-01,100.285,96.9553,685280
2024-03-01,100.4575,97.0896,687641
2024-04-01,100.2434,96.564,687602
2024-05-01,100.863,97.1046,692774
2024-06-01,100.894,96.9264,692449
2024-07-01,99.9757,96.1663,698835
2024-08-01,100.4309,96.6244,697039
2024-09-01,99.8084,96.0864,703055
2024-10-01,99.4695,95.4449,708290
2024-11-01,99.2925,95.7246,711853
2024-12-01,100.3273,96.1524,717265
2025-01-01,100.0647,95.7673,711260
2025-02-01,101.0993,96.9554,711575
2025-03-01,101.0404,97.3898,723339
2025-04-01,101.1279,97.3314,722442
2025-05-01,100.9655,97.2482,714513
2025-06-01,101.4785,97.5794,719484
2025-07-01,101.894,98.0693,727176
2025-08-01,101.6247,98.084,731700
2025-09-01,101.668,98.0473,732192
2025-10-01,101.2195,97.2128,731051
2025-11-01,101.0344,97.1299,734718
2025-12-01,101.4941,96.9857,734717
2026-01-01,101.0388,97.0786,734503
2026-02-01,101.9053,97.733,741278
2026-03-01,101.7543,98.0678,754013
2026-04-01,102.5198,98.7618,759097
2026-05-01,102.5099,98.8119,766192
2026-06-01,102.7868,99.1524,768072
2026-07-01,102.9939,99.314,763602
