date,NonFarm_Payrolls,Unemployment_Rate,Initial_Claims,Continuing_Claims,Avg_Hourly_Earnings,Total_Private_Employees,Manufacturing_Employees
2000-01-01,131011.0,4.0,286000.0,2102000.0,,110440.0,17284.0
2000-01-08,,,298000.0,2107000.0,,,
2000-01-15,,,289000.0,2115000.0,,,
2000-01-22,,,284000.0,2061000.0,,,
2000-01-29,,,285000.0,2164000.0,,,
2000-02-01,131120.0,4.1,,,,110521.0,17284.0
2000-02-05,,,312000.0,2160000.0,,,
2000-02-12,,,300000.0,2141000.0,,,
2000-02-19,,,283000.0,2132000.0,,,
2000-02-26,,,280000.0,2157000.0,,,
2000-03-01,131604.0,4.0,,,,110871.0,17302.0
2000-03-04,,,286000.0,2098000.0,,,
2000-03-11,,,270000.0,2099000.0,,,
2000-03-18,,,271000.0,2051000.0,,,
2000-03-25,,,272000.0,2068000.0,,,
2000-04-01,131884.0,3.8,266000.0,2026000.0,,111082.0,17299.0
2000-04-08,,,268000.0,2027000.0,,,
2000-04-15,,,259000.0,1962000.0,,,
2000-04-22,,,274000.0,2035000.0,,,
2000-04-29,,,291000.0,2027000.0,,,
2000-05-01,132105.0,4.0,,,,110958.0,17278.0
2000-05-06,,,293000.0,1991000.0,,,
2000-05-13,,,276000.0,1982000.0,,,
2000-05-20,,,280000.0,1998000.0,,,
2000-05-27,,,280000.0,1987000.0,,,
2000-06-01,132063.0,4.0,,,,111176.0,17295.0
2000-06-03,,,290000.0,2019000.0,,,
2000-06-10,,,284000.0,2020000.0,,,
2000-06-17,,,294000.0,2041000.0,,,
2000-06-24,,,296000.0,2033000.0,,,
2000-07-01,132228.0,4.0,281000.0,2052000.0,,111361.0,17322.0
2000-07-08,,,293000.0,2099000.0,,,
2000-07-15,,,303000.0,2122000.0,,,
2000-07-22,,,300000.0,2070000.0,,,
2000-07-29,,,298000.0,2085000.0,,,
2000-08-01,132234.0,4.1,,,,111397.0,17287.0
2000-08-05,,,306000.0,2096000.0,,,
2000-08-12,,,315000.0,2109000.0,,,
2000-08-19,,,318000.0,2145000.0,,,
2000-08-26,,,312000.0,2119000.0,,,
2000-09-01,132337.0,3.9,,,,111602.0,17229.0
2000-09-02,,,301000.0,2169000.0,,,
2000-09-09,,,309000.0,2139000.0,,,
2000-09-16,,,311000.0,2115000.0,,,
2000-09-23,,,288000.0,2098000.0,,,
2000-09-30,,,292000.0,2077000.0,,,
2000-10-01,132352.0,3.9,,,,111609.0,17217.0
2000-10-07,,,309000.0,2133000.0,,,
2000-10-14,,,299000.0,2124000.0,,,
2000-10-21,,,295000.0,2082000.0,,,
2000-10-28,,,301000.0,2126000.0,,,
2000-11-01,132556.0,3.9,,,,111796.0,17202.0
2000-11-04,,,331000.0,2110000.0,,,
2000-11-11,,,318000.0,2161000.0,,,
2000-11-18,,,332000.0,2279000.0,,,
2000-11-25,,,356000.0,2295000.0,,,
2000-12-01,132716.0,3.9,,,,111912.0,17181.0
2000-12-02,,,338000.0,2229000.0,,,
2000-12-09,,,321000.0,2263000.0,,,
2000-12-16,,,354000.0,2322000.0,,,
2000-12-23,,,364000.0,2340000.0,,,
2000-12-30,,,353000.0,2378000.0,,,
2001-01-01,132703.0,4.2,,,,111868.0,17105.0
2001-01-06,,,337000.0,2357000.0,,,
2001-01-13,,,318000.0,2367000.0,,,
2001-01-20,,,343000.0,2419000.0,,,
2001-01-27,,,362000.0,2440000.0,,,
2001-02-01,132788.0,4.2,,,,111882.0,17030.0
2001-02-03,,,376000.0,2489000.0,,,
2001-02-10,,,365000.0,2435000.0,,,
2001-02-17,,,358000.0,2516000.0,,,
2001-02-24,,,386000.0,2506000.0,,,
2001-03-01,132751.0,4.3,,,,111806.0,16938.0
2001-03-03,,,384000.0,2558000.0,,,
2001-03-10,,,393000.0,2557000.0,,,
2001-03-17,,,393000.0,2605000.0,,,
2001-03-24,,,378000.0,2587000.0,,,
2001-03-31,,,388000.0,2620000.0,,,
2001-04-01,132458.0,4.4,,,,111466.0,16802.0
2001-04-07,,,398000.0,2582000.0,,,
2001-04-14,,,383000.0,2742000.0,,,
2001-04-21,,,400000.0,2737000.0,,,
2001-04-28,,,406000.0,2728000.0,,,
2001-05-01,132408.0,4.3,,,,111379.0,16660.0
2001-05-05,,,381000.0,2732000.0,,,
2001-05-12,,,390000.0,2800000.0,,,
2001-05-19,,,402000.0,2819000.0,,,
2001-05-26,,,405000.0,2926000.0,,,
2001-06-01,132300.0,4.5,,,,111163.0,16513.0
2001-06-02,,,406000.0,2919000.0,,,
2001-06-09,,,411000.0,2948000.0,,,
2001-06-16,,,394000.0,2939000.0,,,
2001-06-23,,,381000.0,2972000.0,,,
2001-06-30,,,394000.0,2959000.0,,,
2001-07-01,132172.0,4.6,,,,110987.0,16381.0
2001-07-07,,,401000.0,3063000.0,,,
2001-07-14,,,405000.0,3029000.0,,,
2001-07-21,,,398000.0,2975000.0,,,
2001-07-28,,,388000.0,3056000.0,,,
2001-08-01,132021.0,4.9,,,,110803.0,16233.0
2001-08-04,,,401000.0,3079000.0,,,
2001-08-11,,,394000.0,3125000.0,,,
2001-08-18,,,402000.0,3113000.0,,,
2001-08-25,,,395000.0,3163000.0,,,
2001-09-01,131763.0,5.0,402000.0,3213000.0,,110521.0,16116.0
2001-09-08,,,408000.0,3197000.0,,,
2001-09-15,,,395000.0,3214000.0,,,
2001-09-22,,,453000.0,3302000.0,,,
2001-09-29,,,517000.0,3385000.0,,,
2001-10-01,131452.0,5.3,,,,110177.0,15973.0
2001-10-06,,,476000.0,3432000.0,,,
2001-10-13,,,482000.0,3521000.0,,,
2001-10-20,,,482000.0,3557000.0,,,
2001-10-27,,,483000.0,3600000.0,,,
2001-11-01,131144.0,5.5,,,,109818.0,15825.0
2001-11-03,,,440000.0,3616000.0,,,
2001-11-10,,,428000.0,3627000.0,,,
2001-11-17,,,431000.0,3790000.0,,,
2001-11-24,,,491000.0,3593000.0,,,
2001-12-01,130983.0,5.7,465000.0,3619000.0,,109628.0,15712.0
2001-12-08,,,393000.0,3626000.0,,,
2001-12-15,,,389000.0,3637000.0,,,
2001-12-22,,,416000.0,3591000.0,,,
2001-12-29,,,421000.0,3474000.0,,,
2002-01-01,130859.0,5.7,,,,109482.0,15588.0
2002-01-05,,,397000.0,3587000.0,,,
2002-01-12,,,418000.0,3500000.0,,,
2002-01-19,,,405000.0,3557000.0,,,
2002-01-26,,,414000.0,3558000.0,,,
2002-02-01,130737.0,5.7,,,,109347.0,15518.0
2002-02-02,,,404000.0,3537000.0,,,
2002-02-09,,,397000.0,3562000.0,,,
2002-02-16,,,397000.0,3580000.0,,,
2002-02-23,,,398000.0,3538000.0,,,
2002-03-01,130722.0,5.7,,,,109291.0,15443.0
2002-03-02,,,392000.0,3567000.0,,,
2002-03-09,,,399000.0,3567000.0,,,
2002-03-16,,,392000.0,3598000.0,,,
2002-03-23,,,415000.0,3599000.0,,,
2002-03-30,,,479000.0,3723000.0,,,
2002-04-01,130616.0,5.9,,,,109173.0,15392.0
2002-04-06,,,445000.0,3732000.0,,,
2002-04-13,,,442000.0,3650000.0,,,
2002-04-20,,,416000.0,3675000.0,,,
2002-04-27,,,414000.0,3700000.0,,,
2002-05-01,130632.0,5.8,,,,109118.0,15338.0
2002-05-04,,,409000.0,3712000.0,,,
2002-05-11,,,413000.0,3729000.0,,,
2002-05-18,,,411000.0,3695000.0,,,
2002-05-25,,,403000.0,3712000.0,,,
2002-06-01,130674.0,5.8,378000.0,3664000.0,,109125.0,15297.0
2002-06-08,,,388000.0,3681000.0,,,
2002-06-15,,,396000.0,3604000.0,,,
2002-06-22,,,388000.0,3639000.0,,,
2002-06-29,,,386000.0,3588000.0,,,
2002-07-01,130584.0,5.8,,,,109040.0,15256.0
2002-07-06,,,391000.0,3554000.0,,,
2002-07-13,,,384000.0,3495000.0,,,
2002-07-20,,,379000.0,3473000.0,,,
2002-07-27,,,390000.0,3495000.0,,,
2002-08-01,130581.0,5.7,,,,108992.0,15171.0
2002-08-03,,,388000.0,3498000.0,,,
2002-08-10,,,389000.0,3485000.0,,,
2002-08-17,,,399000.0,3531000.0,,,
2002-08-24,,,398000.0,3521000.0,,,
2002-08-31,,,394000.0,3549000.0,,,
2002-09-01,130502.0,5.7,,,,108956.0,15119.0
2002-09-07,,,416000.0,3532000.0,,,
2002-09-14,,,412000.0,3554000.0,,,
2002-09-21,,,401000.0,3579000.0,,,
2002-09-28,,,409000.0,3555000.0,,,
2002-10-01,130617.0,5.7,,,,109058.0,15059.0
2002-10-05,,,404000.0,3619000.0,,,
2002-10-12,,,405000.0,3529000.0,,,
2002-10-19,,,412000.0,3518000.0,,,
2002-10-26,,,409000.0,3557000.0,,,
2002-11-01,130616.0,5.9,,,,109035.0,14992.0
2002-11-02,,,405000.0,3557000.0,,,
2002-11-09,,,400000.0,3539000.0,,,
2002-11-16,,,389000.0,3438000.0,,,
2002-11-23,,,390000.0,3474000.0,,,
2002-11-30,,,377000.0,3404000.0,,,
2002-12-01,130465.0,6.0,,,,108877.0,14911.0
2002-12-07,,,425000.0,3537000.0,,,
2002-12-14,,,429000.0,3497000.0,,,
2002-12-21,,,394000.0,3435000.0,,,
2002-12-28,,,409000.0,3462000.0,,,
2003-01-01,130573.0,5.8,,,,108947.0,14867.0
2003-01-04,,,393000.0,3438000.0,,,
2003-01-11,,,378000.0,3388000.0,,,
2003-01-18,,,402000.0,3357000.0,,,
2003-01-25,,,407000.0,3475000.0,,,
2003-02-01,130441.0,5.9,413000.0,3368000.0,,108817.0,14780.0
2003-02-08,,,390000.0,3457000.0,,,
2003-02-15,,,420000.0,3423000.0,,,
2003-02-22,,,421000.0,3500000.0,,,
2003-03-01,130235.0,5.9,436000.0,3496000.0,,108625.0,14721.0
2003-03-08,,,424000.0,3559000.0,,,
2003-03-15,,,430000.0,3528000.0,,,
2003-03-22,,,411000.0,3585000.0,,,
2003-03-29,,,436000.0,3536000.0,,,
2003-04-01,130173.0,6.0,,,,108578.0,14608.0
2003-04-05,,,417000.0,3583000.0,,,
2003-04-12,,,434000.0,3586000.0,,,
2003-04-19,,,450000.0,3674000.0,,,
2003-04-26,,,444000.0,3676000.0,,,
2003-05-01,130197.0,6.1,,,,108630.0,14558.0
2003-05-03,,,428000.0,3730000.0,,,
2003-05-10,,,417000.0,3704000.0,,,
2003-05-17,,,425000.0,3716000.0,,,
2003-05-24,,,419000.0,3672000.0,,,
2003-05-31,,,431000.0,3774000.0,,,
2003-06-01,130186.0,6.3,,,,108580.0,14493.0
2003-06-07,,,429000.0,3682000.0,,,
2003-06-14,,,421000.0,3695000.0,,,
2003-06-21,,,408000.0,3692000.0,,,
2003-06-28,,,429000.0,3737000.0,,,
2003-07-01,130184.0,6.2,,,,108551.0,14403.0
2003-07-05,,,433000.0,3627000.0,,,
2003-07-12,,,412000.0,3599000.0,,,
2003-07-19,,,403000.0,3592000.0,,,
2003-07-26,,,398000.0,3647000.0,,,
2003-08-01,130153.0,6.1,,,,108597.0,14376.0
2003-08-02,,,401000.0,3601000.0,,,
2003-08-09,,,404000.0,3596000.0,,,
2003-08-16,,,398000.0,3603000.0,,,
2003-08-23,,,391000.0,3574000.0,,,
2003-08-30,,,407000.0,3608000.0,,,
2003-09-01,130252.0,6.1,,,,108748.0,14346.0
2003-09-06,,,422000.0,3598000.0,,,
2003-09-13,,,394000.0,3559000.0,,,
2003-09-20,,,379000.0,3588000.0,,,
2003-09-27,,,387000.0,3558000.0,,,
2003-10-01,130439.0,6.0,,,,108881.0,14334.0
2003-10-04,,,386000.0,3570000.0,,,
2003-10-11,,,376000.0,3468000.0,,,
2003-10-18,,,387000.0,3466000.0,,,
2003-10-25,,,379000.0,3441000.0,,,
2003-11-01,130480.0,5.8,363000.0,3427000.0,,108945.0,14316.0
2003-11-08,,,371000.0,3441000.0,,,
2003-11-15,,,370000.0,3331000.0,,,
2003-11-22,,,354000.0,3337000.0,,,
2003-11-29,,,357000.0,3331000.0,,,
2003-12-01,130589.0,5.7,,,,109043.0,14299.0
2003-12-06,,,367000.0,3318000.0,,,
2003-12-13,,,363000.0,3251000.0,,,
2003-12-20,,,354000.0,3254000.0,,,
2003-12-27,,,349000.0,3258000.0,,,
2004-01-01,130756.0,5.7,,,,109218.0,14291.0
2004-01-03,,,356000.0,3188000.0,,,
2004-01-10,,,354000.0,3154000.0,,,
2004-01-17,,,362000.0,3139000.0,,,
2004-01-24,,,353000.0,3142000.0,,,
2004-01-31,,,376000.0,3118000.0,,,
2004-02-01,130821.0,5.6,,,,109271.0,14279.0
2004-02-07,,,380000.0,3179000.0,,,
2004-02-14,,,356000.0,3131000.0,,,
2004-02-21,,,359000.0,3092000.0,,,
2004-02-28,,,348000.0,3057000.0,,,
2004-03-01,131140.0,5.8,,,,109552.0,14287.0
2004-03-06,,,344000.0,3072000.0,,,
2004-03-13,,,338000.0,3040000.0,,,
2004-03-20,,,346000.0,3066000.0,,,
2004-03-27,,,340000.0,3007000.0,,,
2004-04-01,131412.0,5.6,,,,109798.0,14315.0
2004-04-03,,,335000.0,2990000.0,,,
2004-04-10,,,355000.0,3022000.0,,,
2004-04-17,,,364000.0,3031000.0,,,
2004-04-24,,,339000.0,2960000.0,,,
2004-05-01,131697.0,5.6,324000.0,2998000.0,,110083.0,14342.0
2004-05-08,,,329000.0,2978000.0,,,
2004-05-15,,,349000.0,2976000.0,,,
2004-05-22,,,342000.0,3010000.0,,,
2004-05-29,,,337000.0,2916000.0,,,
2004-06-01,131794.0,5.6,,,,110193.0,14334.0
2004-06-05,,,355000.0,2923000.0,,,
2004-06-12,,,339000.0,2990000.0,,,
2004-06-19,,,354000.0,2973000.0,,,
2004-06-26,,,348000.0,2917000.0,,,
2004-07-01,131854.0,5.5,,,,110248.0,14331.0
2004-07-03,,,326000.0,2948000.0,,,
2004-07-10,,,345000.0,2852000.0,,,
2004-07-17,,,355000.0,2956000.0,,,
2004-07-24,,,348000.0,2935000.0,,,
2004-07-31,,,341000.0,2894000.0,,,
2004-08-01,131939.0,5.4,,,,110313.0,14345.0
2004-08-07,,,336000.0,2920000.0,,,
2004-08-14,,,332000.0,2889000.0,,,
2004-08-21,,,343000.0,2877000.0,,,
2004-08-28,,,352000.0,2880000.0,,,
2004-09-01,132089.0,5.4,,,,110454.0,14332.0
2004-09-04,,,326000.0,2872000.0,,,
2004-09-11,,,331000.0,2875000.0,,,
2004-09-18,,,341000.0,2865000.0,,,
2004-09-25,,,351000.0,2839000.0,,,
2004-10-01,132429.0,5.5,,,,110773.0,14332.0
2004-10-02,,,335000.0,2799000.0,,,
2004-10-09,,,338000.0,2773000.0,,,
2004-10-16,,,327000.0,2781000.0,,,
2004-10-23,,,338000.0,2774000.0,,,
2004-10-30,,,332000.0,2763000.0,,,
2004-11-01,132503.0,5.4,,,,110811.0,14306.0
2004-11-06,,,330000.0,2765000.0,,,
2004-11-13,,,337000.0,2707000.0,,,
2004-11-20,,,313000.0,2705000.0,,,
2004-11-27,,,335000.0,2761000.0,,,
2004-12-01,132630.0,5.4,,,,110937.0,14285.0
2004-12-04,,,343000.0,2725000.0,,,
2004-12-11,,,316000.0,2692000.0,,,
2004-12-18,,,322000.0,2688000.0,,,
2004-12-25,,,320000.0,2771000.0,,,
2005-01-01,132781.0,5.3,356000.0,2672000.0,,111046.0,14257.0
2005-01-08,,,369000.0,2720000.0,,,
2005-01-15,,,332000.0,2790000.0,,,
2005-01-22,,,329000.0,2706000.0,,,
2005-01-29,,,331000.0,2731000.0,,,
2005-02-01,133034.0,5.4,,,,111290.0,14272.0
2005-02-05,,,307000.0,2710000.0,,,
2005-02-12,,,308000.0,2666000.0,,,
2005-02-19,,,318000.0,2667000.0,,,
2005-02-26,,,314000.0,2703000.0,,,
2005-03-01,133154.0,5.2,,,,111414.0,14268.0
2005-03-05,,,333000.0,2658000.0,,,
2005-03-12,,,324000.0,2681000.0,,,
2005-03-19,,,329000.0,2616000.0,,,
2005-03-26,,,342000.0,2683000.0,,,
2005-04-01,133520.0,5.2,,,,111766.0,14249.0
2005-04-02,,,335000.0,2653000.0,,,
2005-04-09,,,323000.0,2626000.0,,,
2005-04-16,,,307000.0,2559000.0,,,
2005-04-23,,,317000.0,2588000.0,,,
2005-04-30,,,334000.0,2596000.0,,,
2005-05-01,133689.0,5.1,,,,111908.0,14255.0
2005-05-07,,,327000.0,2605000.0,,,
2005-05-14,,,321000.0,2568000.0,,,
2005-05-21,,,320000.0,2595000.0,,,
2005-05-28,,,340000.0,2577000.0,,,
2005-06-01,133948.0,5.0,,,,112185.0,14227.0
2005-06-04,,,338000.0,2630000.0,,,
2005-06-11,,,333000.0,2599000.0,,,
2005-06-18,,,321000.0,2602000.0,,,
2005-06-25,,,311000.0,2569000.0,,,
2005-07-01,134300.0,5.0,,,,112443.0,14225.0
2005-07-02,,,327000.0,2612000.0,,,
2005-07-09,,,338000.0,2583000.0,,,
2005-07-16,,,323000.0,2619000.0,,,
2005-07-23,,,318000.0,2592000.0,,,
2005-07-30,,,316000.0,2570000.0,,,
2005-08-01,134502.0,4.9,,,,112639.0,14200.0
2005-08-06,,,311000.0,2584000.0,,,
2005-08-13,,,319000.0,2573000.0,,,
2005-08-20,,,315000.0,2598000.0,,,
2005-08-27,,,318000.0,2568000.0,,,
2005-09-01,134552.0,5.0,,,,112707.0,14173.0
2005-09-03,,,326000.0,2575000.0,,,
2005-09-10,,,422000.0,2651000.0,,,
2005-09-17,,,424000.0,2787000.0,,,
2005-09-24,,,359000.0,2853000.0,,,
2005-10-01,134641.0,5.0,384000.0,2841000.0,,112812.0,14189.0
2005-10-08,,,383000.0,2831000.0,,,
2005-10-15,,,348000.0,2821000.0,,,
2005-10-22,,,324000.0,2772000.0,,,
2005-10-29,,,322000.0,2752000.0,,,
2005-11-01,134997.0,5.0,,,,113138.0,14184.0
2005-11-05,,,325000.0,2746000.0,,,
2005-11-12,,,309000.0,2760000.0,,,
2005-11-19,,,324000.0,2712000.0,,,
2005-11-26,,,311000.0,2587000.0,,,
2005-12-01,135159.0,4.9,,,,113280.0,14189.0
2005-12-03,,,321000.0,2589000.0,,,
2005-12-10,,,327000.0,2620000.0,,,
2005-12-17,,,312000.0,2660000.0,,,
2005-12-24,,,320000.0,2668000.0,,,
2005-12-31,,,302000.0,2660000.0,,,
2006-01-01,135427.0,4.7,,,,113580.0,14208.0
2006-01-07,,,326000.0,2561000.0,,,
2006-01-14,,,285000.0,2586000.0,,,
2006-01-21,,,290000.0,2516000.0,,,
2006-01-28,,,282000.0,2565000.0,,,
2006-02-01,135733.0,4.8,,,,113855.0,14208.0
2006-02-04,,,289000.0,2520000.0,,,
2006-02-11,,,298000.0,2517000.0,,,
2006-02-18,,,283000.0,2488000.0,,,
2006-02-25,,,293000.0,2504000.0,,,
2006-03-01,136038.0,4.7,,,20.04,114135.0,14210.0
2006-03-04,,,302000.0,2453000.0,,,
2006-03-11,,,307000.0,2474000.0,,,
2006-03-18,,,303000.0,2456000.0,,,
2006-03-25,,,295000.0,2439000.0,,,
2006-04-01,136210.0,4.7,291000.0,2405000.0,20.17,114291.0,14223.0
2006-04-08,,,299000.0,2411000.0,,,
2006-04-15,,,299000.0,2408000.0,,,
2006-04-22,,,308000.0,2424000.0,,,
2006-04-29,,,321000.0,2357000.0,,,
2006-05-01,136249.0,4.6,,,20.13,114323.0,14200.0
2006-05-06,,,347000.0,2372000.0,,,
2006-05-13,,,335000.0,2383000.0,,,
2006-05-20,,,319000.0,2399000.0,,,
2006-05-27,,,330000.0,2381000.0,,,
2006-06-01,136337.0,4.6,,,20.22,114415.0,14210.0
2006-06-03,,,307000.0,2408000.0,,,
2006-06-10,,,298000.0,2412000.0,,,
2006-06-17,,,308000.0,2395000.0,,,
2006-06-24,,,309000.0,2419000.0,,,
2006-07-01,136529.0,4.7,316000.0,2399000.0,20.29,114556.0,14185.0
2006-07-08,,,343000.0,2491000.0,,,
2006-07-15,,,318000.0,2475000.0,,,
2006-07-22,,,306000.0,2422000.0,,,
2006-07-29,,,311000.0,2460000.0,,,
2006-08-01,136692.0,4.7,,,20.32,114681.0,14154.0
2006-08-05,,,318000.0,2477000.0,,,
2006-08-12,,,310000.0,2467000.0,,,
2006-08-19,,,315000.0,2464000.0,,,
2006-08-26,,,314000.0,2457000.0,,,
2006-09-01,136826.0,4.5,,,20.4,114744.0,14120.0
2006-09-02,,,315000.0,2467000.0,,,
2006-09-09,,,314000.0,2449000.0,,,
2006-09-16,,,324000.0,2438000.0,,,
2006-09-23,,,319000.0,2440000.0,,,
2006-09-30,,,309000.0,2437000.0,,,
2006-10-01,136843.0,4.4,,,20.42,114775.0,14068.0
2006-10-07,,,316000.0,2449000.0,,,
2006-10-14,,,305000.0,2459000.0,,,
2006-10-21,,,313000.0,2428000.0,,,
2006-10-28,,,328000.0,2449000.0,,,
2006-11-01,137060.0,4.5,,,20.49,114977.0,14034.0
2006-11-04,,,319000.0,2414000.0,,,
2006-11-11,,,311000.0,2467000.0,,,
2006-11-18,,,326000.0,2506000.0,,,
2006-11-25,,,349000.0,2517000.0,,,
2006-12-01,137249.0,4.4,,,20.58,115161.0,14009.0
2006-12-02,,,327000.0,2472000.0,,,
2006-12-09,,,311000.0,2517000.0,,,
2006-12-16,,,318000.0,2513000.0,,,
2006-12-23,,,323000.0,2449000.0,,,
2006-12-30,,,341000.0,2455000.0,,,
2007-01-01,137472.0,4.6,,,20.59,115377.0,14004.0
2007-01-06,,,330000.0,2518000.0,,,
2007-01-13,,,296000.0,2507000.0,,,
2007-01-20,,,335000.0,2552000.0,,,
2007-01-27,,,308000.0,2520000.0,,,
2007-02-01,137560.0,4.5,,,20.68,115429.0,13993.0
2007-02-03,,,310000.0,2575000.0,,,
2007-02-10,,,338000.0,2527000.0,,,
2007-02-17,,,321000.0,2626000.0,,,
2007-02-24,,,322000.0,2549000.0,,,
2007-03-01,137784.0,4.4,,,20.72,115635.0,13964.0
2007-03-03,,,320000.0,2581000.0,,,
2007-03-10,,,308000.0,2511000.0,,,
2007-03-17,,,309000.0,2515000.0,,,
2007-03-24,,,303000.0,2489000.0,,,
2007-03-31,,,307000.0,2499000.0,,,
2007-04-01,137847.0,4.5,,,20.79,115672.0,13939.0
2007-04-07,,,332000.0,2497000.0,,,
2007-04-14,,,327000.0,2538000.0,,,
2007-04-21,,,321000.0,2463000.0,,,
2007-04-28,,,301000.0,2486000.0,,,
2007-05-01,137992.0,4.4,,,20.84,115799.0,13922.0
2007-05-05,,,300000.0,2429000.0,,,
2007-05-12,,,297000.0,2465000.0,,,
2007-05-19,,,310000.0,2417000.0,,,
2007-05-26,,,310000.0,2480000.0,,,
2007-06-01,138070.0,4.6,,,20.95,115863.0,13903.0
2007-06-02,,,313000.0,2452000.0,,,
2007-06-09,,,313000.0,2484000.0,,,
2007-06-16,,,320000.0,2453000.0,,,
2007-06-23,,,313000.0,2520000.0,,,
2007-06-30,,,317000.0,2501000.0,,,
2007-07-01,138044.0,4.7,,,20.94,115873.0,13881.0
2007-07-07,,,321000.0,2563000.0,,,
2007-07-14,,,317000.0,2555000.0,,,
2007-07-21,,,310000.0,2514000.0,,,
2007-07-28,,,305000.0,2537000.0,,,
2007-08-01,138013.0,4.6,,,21.0,115787.0,13821.0
2007-08-04,,,314000.0,2531000.0,,,
2007-08-11,,,316000.0,2556000.0,,,
2007-08-18,,,321000.0,2556000.0,,,
2007-08-25,,,329000.0,2569000.0,,,
2007-09-01,138099.0,4.7,314000.0,2565000.0,21.04,115820.0,13784.0
2007-09-08,,,321000.0,2537000.0,,,
2007-09-15,,,313000.0,2536000.0,,,
2007-09-22,,,302000.0,2530000.0,,,
2007-09-29,,,317000.0,2518000.0,,,
2007-10-01,138175.0,4.7,,,21.06,115878.0,13756.0
2007-10-06,,,316000.0,2521000.0,,,
2007-10-13,,,335000.0,2541000.0,,,
2007-10-20,,,334000.0,2598000.0,,,
2007-10-27,,,328000.0,2587000.0,,,
2007-11-01,138290.0,4.7,,,21.12,115956.0,13751.0
2007-11-03,,,327000.0,2617000.0,,,
2007-11-10,,,333000.0,2607000.0,,,
2007-11-17,,,332000.0,2609000.0,,,
2007-11-24,,,352000.0,2634000.0,,,
2007-12-01,138395.0,5.0,344000.0,2639000.0,21.16,116019.0,13739.0
2007-12-08,,,332000.0,2672000.0,,,
2007-12-15,,,350000.0,2737000.0,,,
2007-12-22,,,355000.0,2752000.0,,,
2007-12-29,,,360000.0,2760000.0,,,
2008-01-01,138391.0,5.0,,,21.19,116003.0,13717.0
2008-01-05,,,346000.0,2828000.0,,,
2008-01-12,,,322000.0,2752000.0,,,
2008-01-19,,,321000.0,2770000.0,,,
2008-01-26,,,366000.0,2845000.0,,,
2008-02-01,138329.0,4.9,,,21.27,115912.0,13690.0
2008-02-02,,,350000.0,2810000.0,,,
2008-02-09,,,344000.0,2846000.0,,,
2008-02-16,,,339000.0,2837000.0,,,
2008-02-23,,,354000.0,2884000.0,,,
2008-03-01,138259.0,5.1,345000.0,2867000.0,21.36,115816.0,13650.0
2008-03-08,,,348000.0,2895000.0,,,
2008-03-15,,,369000.0,2897000.0,,,
2008-03-22,,,368000.0,2938000.0,,,
2008-03-29,,,387000.0,2967000.0,,,
2008-04-01,138040.0,5.0,,,21.38,115590.0,13589.0
2008-04-05,,,354000.0,2969000.0,,,
2008-04-12,,,365000.0,2937000.0,,,
2008-04-19,,,349000.0,2964000.0,,,
2008-04-26,,,370000.0,2986000.0,,,
2008-05-01,137851.0,5.4,,,21.47,115368.0,13555.0
2008-05-03,,,370000.0,2993000.0,,,
2008-05-10,,,366000.0,2997000.0,,,
2008-05-17,,,367000.0,3016000.0,,,
2008-05-24,,,369000.0,3007000.0,,,
2008-05-31,,,362000.0,3055000.0,,,
2008-06-01,137700.0,5.6,,,21.52,115183.0,13494.0
2008-06-07,,,382000.0,3010000.0,,,
2008-06-14,,,378000.0,3057000.0,,,
2008-06-21,,,381000.0,3054000.0,,,
2008-06-28,,,392000.0,3110000.0,,,
2008-07-01,137497.0,5.8,,,21.6,114929.0,13419.0
2008-07-05,,,371000.0,3113000.0,,,
2008-07-12,,,385000.0,3104000.0,,,
2008-07-19,,,402000.0,3227000.0,,,
2008-07-26,,,434000.0,3261000.0,,,
2008-08-01,137211.0,6.1,,,21.7,114644.0,13348.0
2008-08-02,,,448000.0,3330000.0,,,
2008-08-09,,,430000.0,3327000.0,,,
2008-08-16,,,424000.0,3385000.0,,,
2008-08-23,,,421000.0,3384000.0,,,
2008-08-30,,,442000.0,3464000.0,,,
2008-09-01,136760.0,6.1,,,21.73,114223.0,13267.0
2008-09-06,,,441000.0,3420000.0,,,
2008-09-13,,,449000.0,3493000.0,,,
2008-09-20,,,483000.0,3551000.0,,,
2008-09-27,,,483000.0,3623000.0,,,
2008-10-01,136291.0,6.5,,,21.76,113742.0,13138.0
2008-10-04,,,482000.0,3676000.0,,,
2008-10-11,,,461000.0,3696000.0,,,
2008-10-18,,,478000.0,3729000.0,,,
2008-10-25,,,480000.0,3823000.0,,,
2008-11-01,135541.0,6.8,490000.0,3928000.0,21.86,112981.0,13026.0
2008-11-08,,,512000.0,4011000.0,,,
2008-11-15,,,536000.0,4002000.0,,,
2008-11-22,,,532000.0,4095000.0,,,
2008-11-29,,,529000.0,4447000.0,,,
2008-12-01,134847.0,7.3,,,21.95,112291.0,12842.0
2008-12-06,,,570000.0,4417000.0,,,
2008-12-13,,,566000.0,4445000.0,,,
2008-12-20,,,587000.0,4548000.0,,,
2008-12-27,,,533000.0,4679000.0,,,
2009-01-01,134079.0,7.8,,,21.96,111500.0,12552.0
2009-01-03,,,503000.0,4692000.0,,,
2009-01-10,,,551000.0,4760000.0,,,
2009-01-17,,,591000.0,4864000.0,,,
2009-01-24,,,586000.0,4980000.0,,,
2009-01-31,,,629000.0,5010000.0,,,
2009-02-01,133318.0,8.3,,,21.98,110742.0,12371.0
2009-02-07,,,637000.0,5157000.0,,,
2009-02-14,,,632000.0,5279000.0,,,
2009-02-21,,,655000.0,5307000.0,,,
2009-02-28,,,652000.0,5445000.0,,,
2009-03-01,132494.0,8.7,,,22.05,109934.0,12196.0
2009-03-07,,,660000.0,5600000.0,,,
2009-03-14,,,651000.0,5699000.0,,,
2009-03-21,,,661000.0,5829000.0,,,
2009-03-28,,,665000.0,5935000.0,,,
2009-04-01,131822.0,9.0,,,22.1,109145.0,12017.0
2009-04-04,,,653000.0,6044000.0,,,
2009-04-11,,,599000.0,6130000.0,,,
2009-04-18,,,639000.0,6264000.0,,,
2009-04-25,,,620000.0,6300000.0,,,
2009-05-01,131466.0,9.4,,,22.12,108849.0,11850.0
2009-05-02,,,602000.0,6416000.0,,,
2009-05-09,,,625000.0,6516000.0,,,
2009-05-16,,,620000.0,6539000.0,,,
2009-05-23,,,606000.0,6522000.0,,,
2009-05-30,,,607000.0,6635000.0,,,
2009-06-01,131008.0,9.5,,,22.14,108432.0,11713.0
2009-06-06,,,596000.0,6506000.0,,,
2009-06-13,,,595000.0,6525000.0,,,
2009-06-20,,,608000.0,6488000.0,,,
2009-06-27,,,594000.0,6618000.0,,,
2009-07-01,130662.0,9.5,,,22.18,108141.0,11654.0
2009-07-04,,,573000.0,6145000.0,,,
2009-07-11,,,546000.0,6136000.0,,,
2009-07-18,,,560000.0,6118000.0,,,
2009-07-25,,,587000.0,6157000.0,,,
2009-08-01,130472.0,9.6,555000.0,6111000.0,22.23,107935.0,11612.0
2009-08-08,,,555000.0,6090000.0,,,
2009-08-15,,,562000.0,6008000.0,,,
2009-08-22,,,560000.0,6060000.0,,,
2009-08-29,,,564000.0,5970000.0,,,
2009-09-01,130246.0,9.8,,,22.27,107795.0,11580.0
2009-09-05,,,558000.0,6079000.0,,,
2009-09-12,,,542000.0,6006000.0,,,
2009-09-19,,,536000.0,5942000.0,,,
2009-09-26,,,554000.0,5912000.0,,,
2009-10-01,130061.0,10.0,,,22.31,107537.0,11527.0
2009-10-03,,,533000.0,5900000.0,,,
2009-10-10,,,511000.0,5828000.0,,,
2009-10-17,,,531000.0,5746000.0,,,
2009-10-24,,,530000.0,5705000.0,,,
2009-10-31,,,522000.0,5649000.0,,,
2009-11-01,130057.0,9.9,,,22.34,107524.0,11498.0
2009-11-07,,,512000.0,5568000.0,,,
2009-11-14,,,507000.0,5462000.0,,,
2009-11-21,,,482000.0,5489000.0,,,
2009-11-28,,,475000.0,5323000.0,,,
2009-12-01,129808.0,9.9,,,22.37,107326.0,11465.0
2009-12-05,,,497000.0,5289000.0,,,
2009-12-12,,,498000.0,5191000.0,,,
2009-12-19,,,479000.0,5100000.0,,,
2009-12-26,,,468000.0,4987000.0,,,
2010-01-01,129802.0,9.8,,,22.4,107311.0,11447.0
2010-01-02,,,456000.0,4870000.0,,,
2010-01-09,,,469000.0,4879000.0,,,
2010-01-16,,,507000.0,4809000.0,,,
2010-01-23,,,471000.0,4841000.0,,,
2010-01-30,,,496000.0,4796000.0,,,
2010-02-01,129706.0,9.8,,,22.46,107230.0,11439.0
2010-02-06,,,466000.0,4838000.0,,,
2010-02-13,,,489000.0,4815000.0,,,
2010-02-20,,,500000.0,4767000.0,,,
2010-02-27,,,488000.0,4755000.0,,,
2010-03-01,129866.0,9.9,,,22.46,107348.0,11439.0
2010-03-06,,,472000.0,4766000.0,,,
2010-03-13,,,478000.0,4750000.0,,,
2010-03-20,,,472000.0,4743000.0,,,
2010-03-27,,,459000.0,4668000.0,,,
2010-04-01,130120.0,9.9,,,22.49,107551.0,11475.0
2010-04-03,,,479000.0,4755000.0,,,
2010-04-10,,,479000.0,4746000.0,,,
2010-04-17,,,469000.0,4721000.0,,,
2010-04-24,,,449000.0,4690000.0,,,
2010-05-01,130642.0,9.6,451000.0,4695000.0,22.51,107646.0,11511.0
2010-05-08,,,451000.0,4707000.0,,,
2010-05-15,,,474000.0,4688000.0,,,
2010-05-22,,,463000.0,4731000.0,,,
2010-05-29,,,458000.0,4553000.0,,,
2010-06-01,130510.0,9.4,,,22.53,107770.0,11529.0
2010-06-05,,,459000.0,4624000.0,,,
2010-06-12,,,467000.0,4606000.0,,,
2010-06-19,,,452000.0,4619000.0,,,
2010-06-26,,,464000.0,4484000.0,,,
2010-07-01,130415.0,9.4,,,22.59,107846.0,11546.0
2010-07-03,,,454000.0,4620000.0,,,
2010-07-10,,,439000.0,4482000.0,,,
2010-07-17,,,462000.0,4545000.0,,,
2010-07-24,,,465000.0,4529000.0,,,
2010-07-31,,,476000.0,4467000.0,,,
2010-08-01,130415.0,9.5,,,22.62,107995.0,11538.0
2010-08-07,,,483000.0,4478000.0,,,
2010-08-14,,,486000.0,4432000.0,,,
2010-08-21,,,464000.0,4426000.0,,,
2010-08-28,,,467000.0,4509000.0,,,
2010-09-01,130341.0,9.5,,,22.67,108094.0,11549.0
2010-09-04,,,452000.0,4501000.0,,,
2010-09-11,,,444000.0,4487000.0,,,
2010-09-18,,,459000.0,4452000.0,,,
2010-09-25,,,459000.0,4431000.0,,,
2010-10-01,130620.0,9.4,,,22.73,108323.0,11548.0
2010-10-02,,,446000.0,4407000.0,,,
2010-10-09,,,459000.0,4403000.0,,,
2010-10-16,,,444000.0,4348000.0,,,
2010-10-23,,,432000.0,4331000.0,,,
2010-10-30,,,453000.0,4328000.0,,,
2010-11-01,130749.0,9.8,,,22.73,108462.0,11571.0
2010-11-06,,,434000.0,4270000.0,,,
2010-11-13,,,432000.0,4176000.0,,,
2010-11-20,,,407000.0,4218000.0,,,
2010-11-27,,,432000.0,4118000.0,,,
2010-12-01,130830.0,9.3,,,22.76,108564.0,11579.0
2010-12-04,,,428000.0,4137000.0,,,
2010-12-11,,,425000.0,4062000.0,,,
2010-12-18,,,424000.0,4113000.0,,,
2010-12-25,,,404000.0,4088000.0,,,
2011-01-01,130837.0,9.1,413000.0,3898000.0,22.87,108579.0,11606.0
2011-01-08,,,434000.0,3907000.0,,,
2011-01-15,,,421000.0,3974000.0,,,
2011-01-22,,,446000.0,3926000.0,,,
2011-01-29,,,420000.0,3887000.0,,,
2011-02-01,131057.0,9.0,,,22.87,108842.0,11637.0
2011-02-05,,,402000.0,3928000.0,,,
2011-02-12,,,425000.0,3839000.0,,,
2011-02-19,,,394000.0,3821000.0,,,
2011-02-26,,,385000.0,3809000.0,,,
2011-03-01,131283.0,9.0,,,22.87,109091.0,11659.0
2011-03-05,,,414000.0,3772000.0,,,
2011-03-12,,,404000.0,3772000.0,,,
2011-03-19,,,407000.0,3752000.0,,,
2011-03-26,,,399000.0,3766000.0,,,
2011-04-01,131597.0,9.1,,,22.91,109413.0,11689.0
2011-04-02,,,395000.0,3756000.0,,,
2011-04-09,,,416000.0,3751000.0,,,
2011-04-16,,,402000.0,3717000.0,,,
2011-04-23,,,422000.0,3796000.0,,,
2011-04-30,,,468000.0,3834000.0,,,
2011-05-01,131703.0,9.0,,,22.97,109574.0,11697.0
2011-05-07,,,435000.0,3787000.0,,,
2011-05-14,,,414000.0,3781000.0,,,
2011-05-21,,,423000.0,3799000.0,,,
2011-05-28,,,418000.0,3728000.0,,,
2011-06-01,131931.0,9.1,,,23.0,109767.0,11710.0
2011-06-04,,,423000.0,3750000.0,,,
2011-06-11,,,413000.0,3746000.0,,,
2011-06-18,,,416000.0,3752000.0,,,
2011-06-25,,,421000.0,3719000.0,,,
2011-07-01,131992.0,9.0,,,23.11,109943.0,11729.0
2011-07-02,,,418000.0,3733000.0,,,
2011-07-09,,,408000.0,3724000.0,,,
2011-07-16,,,420000.0,3734000.0,,,
2011-07-23,,,411000.0,3741000.0,,,
2011-07-30,,,406000.0,3676000.0,,,
2011-08-01,132125.0,9.0,,,23.06,110108.0,11748.0
2011-08-06,,,405000.0,3709000.0,,,
2011-08-13,,,409000.0,3717000.0,,,
2011-08-20,,,415000.0,3715000.0,,,
2011-08-27,,,409000.0,3723000.0,,,
2011-09-01,132344.0,9.0,,,23.11,110361.0,11752.0
2011-09-03,,,414000.0,3759000.0,,,
2011-09-10,,,429000.0,3758000.0,,,
2011-09-17,,,422000.0,3747000.0,,,
2011-09-24,,,406000.0,3707000.0,,,
2011-10-01,132553.0,8.8,405000.0,3697000.0,23.18,110555.0,11762.0
2011-10-08,,,410000.0,3731000.0,,,
2011-10-15,,,395000.0,3704000.0,,,
2011-10-22,,,403000.0,3699000.0,,,
2011-10-29,,,399000.0,3677000.0,,,
2011-11-01,132690.0,8.6,,,23.19,110719.0,11753.0
2011-11-05,,,392000.0,3603000.0,,,
2011-11-12,,,383000.0,3676000.0,,,
2011-11-19,,,385000.0,3739000.0,,,
2011-11-26,,,397000.0,3592000.0,,,
2011-12-01,132888.0,8.5,,,23.22,110934.0,11783.0
2011-12-03,,,387000.0,3595000.0,,,
2011-12-10,,,368000.0,3543000.0,,,
2011-12-17,,,368000.0,3588000.0,,,
2011-12-24,,,386000.0,3575000.0,,,
2011-12-31,,,376000.0,3566000.0,,,
2012-01-01,133246.0,8.3,,,23.26,111300.0,11820.0
2012-01-07,,,391000.0,3421000.0,,,
2012-01-14,,,367000.0,3511000.0,,,
2012-01-21,,,381000.0,3419000.0,,,
2012-01-28,,,372000.0,3454000.0,,,
2012-02-01,133509.0,8.3,,,23.28,111562.0,11841.0
2012-02-04,,,368000.0,3391000.0,,,
2012-02-11,,,361000.0,3362000.0,,,
2012-02-18,,,359000.0,3382000.0,,,
2012-02-25,,,365000.0,3392000.0,,,
2012-03-01,133748.0,8.2,,,23.36,111805.0,11880.0
2012-03-03,,,375000.0,3367000.0,,,
2012-03-10,,,369000.0,3353000.0,,,
2012-03-17,,,368000.0,3342000.0,,,
2012-03-24,,,363000.0,3336000.0,,,
2012-03-31,,,358000.0,3286000.0,,,
2012-04-01,133825.0,8.2,,,23.39,111894.0,11897.0
2012-04-07,,,387000.0,3325000.0,,,
2012-04-14,,,381000.0,3355000.0,,,
2012-04-21,,,387000.0,3316000.0,,,
2012-04-28,,,372000.0,3296000.0,,,
2012-05-01,133932.0,8.2,,,23.41,112021.0,11908.0
2012-05-05,,,373000.0,3326000.0,,,
2012-05-12,,,369000.0,3334000.0,,,
2012-05-19,,,371000.0,3301000.0,,,
2012-05-26,,,381000.0,3351000.0,,,
2012-06-01,134013.0,8.2,,,23.46,112083.0,11918.0
2012-06-02,,,377000.0,3327000.0,,,
2012-06-09,,,383000.0,3343000.0,,,
2012-06-16,,,384000.0,3323000.0,,,
2012-06-23,,,380000.0,3325000.0,,,
2012-06-30,,,372000.0,3304000.0,,,
2012-07-01,134157.0,8.2,,,23.49,112244.0,11944.0
2012-07-07,,,360000.0,3314000.0,,,
2012-07-14,,,390000.0,3307000.0,,,
2012-07-21,,,368000.0,3290000.0,,,
2012-07-28,,,372000.0,3312000.0,,,
2012-08-01,134339.0,8.1,,,23.48,112423.0,11940.0
2012-08-04,,,371000.0,3302000.0,,,
2012-08-11,,,369000.0,3296000.0,,,
2012-08-18,,,376000.0,3306000.0,,,
2012-08-25,,,377000.0,3321000.0,,,
2012-09-01,134517.0,7.8,371000.0,3327000.0,23.57,112592.0,11934.0
2012-09-08,,,393000.0,3312000.0,,,
2012-09-15,,,392000.0,3316000.0,,,
2012-09-22,,,377000.0,3308000.0,,,
2012-09-29,,,376000.0,3309000.0,,,
2012-10-01,134669.0,7.8,,,23.56,112766.0,11941.0
2012-10-06,,,350000.0,3295000.0,,,
2012-10-13,,,386000.0,3302000.0,,,
2012-10-20,,,374000.0,3285000.0,,,
2012-10-27,,,364000.0,3223000.0,,,
2012-11-01,134825.0,7.7,,,23.63,112942.0,11930.0
2012-11-03,,,365000.0,3368000.0,,,
2012-11-10,,,446000.0,3364000.0,,,
2012-11-17,,,406000.0,3325000.0,,,
2012-11-24,,,388000.0,3248000.0,,,
2012-12-01,135074.0,7.9,375000.0,3195000.0,23.72,113187.0,11939.0
2012-12-08,,,340000.0,3229000.0,,,
2012-12-15,,,356000.0,3179000.0,,,
2012-12-22,,,362000.0,3221000.0,,,
2012-12-29,,,362000.0,3127000.0,,,
2013-01-01,135257.0,8.0,,,23.74,113388.0,11962.0
2013-01-05,,,363000.0,3147000.0,,,
2013-01-12,,,344000.0,3108000.0,,,
2013-01-19,,,339000.0,3138000.0,,,
2013-01-26,,,366000.0,3138000.0,,,
2013-02-01,135546.0,7.7,,,23.78,113665.0,11974.0
2013-02-02,,,361000.0,3075000.0,,,
2013-02-09,,,347000.0,3081000.0,,,
2013-02-16,,,362000.0,3036000.0,,,
2013-02-23,,,342000.0,3043000.0,,,
2013-03-01,135689.0,7.5,,,23.8,113819.0,11977.0
2013-03-02,,,340000.0,3011000.0,,,
2013-03-09,,,343000.0,3024000.0,,,
2013-03-16,,,343000.0,3028000.0,,,
2013-03-23,,,358000.0,3046000.0,,,
2013-03-30,,,375000.0,3080000.0,,,
2013-04-01,135873.0,7.6,,,23.87,114004.0,11978.0
2013-04-06,,,359000.0,3076000.0,,,
2013-04-13,,,356000.0,3024000.0,,,
2013-04-20,,,343000.0,3027000.0,,,
2013-04-27,,,331000.0,3039000.0,,,
2013-05-01,136096.0,7.5,,,23.89,114232.0,11978.0
2013-05-04,,,335000.0,3042000.0,,,
2013-05-11,,,360000.0,2975000.0,,,
2013-05-18,,,343000.0,3020000.0,,,
2013-05-25,,,353000.0,3012000.0,,,
2013-06-01,136279.0,7.5,346000.0,2999000.0,23.96,114439.0,11982.0
2013-06-08,,,337000.0,3004000.0,,,
2013-06-15,,,353000.0,2996000.0,,,
2013-06-22,,,347000.0,2962000.0,,,
2013-06-29,,,340000.0,3003000.0,,,
2013-07-01,136391.0,7.3,,,23.98,114576.0,11962.0
2013-07-06,,,351000.0,3113000.0,,,
2013-07-13,,,344000.0,3011000.0,,,
2013-07-20,,,355000.0,2947000.0,,,
2013-07-27,,,334000.0,3010000.0,,,
2013-08-01,136646.0,7.2,,,24.02,114815.0,11992.0
2013-08-03,,,339000.0,2944000.0,,,
2013-08-10,,,327000.0,2987000.0,,,
2013-08-17,,,340000.0,2968000.0,,,
2013-08-24,,,336000.0,2934000.0,,,
2013-08-31,,,325000.0,2839000.0,,,
2013-09-01,136821.0,7.2,,,24.06,114986.0,12010.0
2013-09-07,,,300000.0,2822000.0,,,
2013-09-14,,,323000.0,2863000.0,,,
2013-09-21,,,314000.0,2954000.0,,,
2013-09-28,,,319000.0,2944000.0,,,
2013-10-01,137041.0,7.2,,,24.09,115211.0,12033.0
2013-10-05,,,368000.0,2929000.0,,,
2013-10-12,,,368000.0,2925000.0,,,
2013-10-19,,,351000.0,2933000.0,,,
2013-10-26,,,347000.0,2927000.0,,,
2013-11-01,137317.0,6.9,,,24.16,115474.0,12054.0
2013-11-02,,,342000.0,2873000.0,,,
2013-11-09,,,340000.0,2925000.0,,,
2013-11-16,,,331000.0,2837000.0,,,
2013-11-23,,,316000.0,2813000.0,,,
2013-11-30,,,312000.0,2808000.0,,,
2013-12-01,137372.0,6.7,,,24.18,115552.0,12060.0
2013-12-07,,,354000.0,2892000.0,,,
2013-12-14,,,364000.0,2903000.0,,,
2013-12-21,,,334000.0,2832000.0,,,
2013-12-28,,,332000.0,2807000.0,,,
2014-01-01,137561.0,6.6,,,24.22,115747.0,12058.0
2014-01-04,,,322000.0,2903000.0,,,
2014-01-11,,,318000.0,2907000.0,,,
2014-01-18,,,327000.0,2847000.0,,,
2014-01-25,,,340000.0,2850000.0,,,
2014-02-01,137712.0,6.7,331000.0,2852000.0,24.33,115887.0,12084.0
2014-02-08,,,337000.0,2859000.0,,,
2014-02-15,,,332000.0,2861000.0,,,
2014-02-22,,,341000.0,2823000.0,,,
2014-03-01,137985.0,6.7,319000.0,2787000.0,24.31,116152.0,12096.0
2014-03-08,,,322000.0,2816000.0,,,
2014-03-15,,,321000.0,2764000.0,,,
2014-03-22,,,313000.0,2800000.0,,,
2014-03-29,,,330000.0,2729000.0,,,
2014-04-01,138298.0,6.2,,,24.34,116445.0,12109.0
2014-04-05,,,311000.0,2730000.0,,,
2014-04-12,,,308000.0,2680000.0,,,
2014-04-19,,,327000.0,2767000.0,,,
2014-04-26,,,345000.0,2707000.0,,,
2014-05-01,138513.0,6.3,,,24.4,116681.0,12120.0
2014-05-03,,,325000.0,2702000.0,,,
2014-05-10,,,303000.0,2691000.0,,,
2014-05-17,,,324000.0,2657000.0,,,
2014-05-24,,,305000.0,2646000.0,,,
2014-05-31,,,312000.0,2641000.0,,,
2014-06-01,138849.0,6.1,,,24.46,116954.0,12146.0
2014-06-07,,,317000.0,2598000.0,,,
2014-06-14,,,314000.0,2595000.0,,,
2014-06-21,,,315000.0,2583000.0,,,
2014-06-28,,,308000.0,2579000.0,,,
2014-07-01,139072.0,6.2,,,24.48,117171.0,12165.0
2014-07-05,,,302000.0,2540000.0,,,
2014-07-12,,,308000.0,2528000.0,,,
2014-07-19,,,294000.0,2542000.0,,,
2014-07-26,,,303000.0,2524000.0,,,
2014-08-01,139269.0,6.1,,,24.54,117414.0,12182.0
2014-08-02,,,295000.0,2530000.0,,,
2014-08-09,,,309000.0,2508000.0,,,
2014-08-16,,,303000.0,2517000.0,,,
2014-08-23,,,300000.0,2483000.0,,,
2014-08-30,,,303000.0,2486000.0,,,
2014-09-01,139563.0,5.9,,,24.56,117666.0,12201.0
2014-09-06,,,307000.0,2452000.0,,,
2014-09-13,,,288000.0,2465000.0,,,
2014-09-20,,,295000.0,2447000.0,,,
2014-09-27,,,290000.0,2427000.0,,,
2014-10-01,139798.0,5.7,,,24.59,117881.0,12233.0
2014-10-04,,,293000.0,2441000.0,,,
2014-10-11,,,281000.0,2409000.0,,,
2014-10-18,,,290000.0,2437000.0,,,
2014-10-25,,,291000.0,2406000.0,,,
2014-11-01,140089.0,5.8,280000.0,2436000.0,24.66,118157.0,12260.0
2014-11-08,,,291000.0,2384000.0,,,
2014-11-15,,,293000.0,2351000.0,,,
2014-11-22,,,303000.0,2389000.0,,,
2014-11-29,,,291000.0,2484000.0,,,
2014-12-01,140364.0,5.6,,,24.63,118417.0,12266.0
2014-12-06,,,291000.0,2381000.0,,,
2014-12-13,,,286000.0,2379000.0,,,
2014-12-20,,,276000.0,2338000.0,,,
2014-12-27,,,285000.0,2422000.0,,,
2015-01-01,140568.0,5.7,,,24.74,118608.0,12265.0
2015-01-03,,,294000.0,2381000.0,,,
2015-01-10,,,304000.0,2400000.0,,,
2015-01-17,,,298000.0,2336000.0,,,
2015-01-24,,,261000.0,2335000.0,,,
2015-01-31,,,281000.0,2297000.0,,,
2015-02-01,140827.0,5.5,,,24.79,118849.0,12275.0
2015-02-07,,,298000.0,2344000.0,,,
2015-02-14,,,285000.0,2319000.0,,,
2015-02-21,,,305000.0,2341000.0,,,
2015-02-28,,,317000.0,2357000.0,,,
2015-03-01,140923.0,5.4,,,24.85,118953.0,12286.0
2015-03-07,,,293000.0,2361000.0,,,
2015-03-14,,,290000.0,2361000.0,,,
2015-03-21,,,284000.0,2306000.0,,,
2015-03-28,,,269000.0,2278000.0,,,
2015-04-01,141196.0,5.4,,,24.89,119191.0,12291.0
2015-04-04,,,282000.0,2273000.0,,,
2015-04-11,,,298000.0,2320000.0,,,
2015-04-18,,,295000.0,2279000.0,,,
2015-04-25,,,269000.0,2254000.0,,,
2015-05-01,141538.0,5.6,,,24.97,119526.0,12306.0
2015-05-02,,,267000.0,2261000.0,,,
2015-05-09,,,271000.0,2253000.0,,,
2015-05-16,,,276000.0,2258000.0,,,
2015-05-23,,,281000.0,2236000.0,,,
2015-05-30,,,275000.0,2294000.0,,,
2015-06-01,141709.0,5.3,,,24.97,119694.0,12307.0
2015-06-06,,,278000.0,2250000.0,,,
2015-06-13,,,269000.0,2268000.0,,,
2015-06-20,,,273000.0,2265000.0,,,
2015-06-27,,,275000.0,2312000.0,,,
2015-07-01,141991.0,5.2,,,25.01,119941.0,12323.0
2015-07-04,,,292000.0,2233000.0,,,
2015-07-11,,,285000.0,2226000.0,,,
2015-07-18,,,265000.0,2267000.0,,,
2015-07-25,,,269000.0,2253000.0,,,
2015-08-01,142125.0,5.1,270000.0,2257000.0,25.1,120065.0,12318.0
2015-08-08,,,274000.0,2247000.0,,,
2015-08-15,,,279000.0,2256000.0,,,
2015-08-22,,,274000.0,2252000.0,,,
2015-08-29,,,279000.0,2258000.0,,,
2015-09-01,142275.0,5.0,,,25.11,120235.0,12326.0
2015-09-05,,,273000.0,2243000.0,,,
2015-09-12,,,264000.0,2255000.0,,,
2015-09-19,,,269000.0,2234000.0,,,
2015-09-26,,,272000.0,2240000.0,,,
2015-10-01,142579.0,5.0,,,25.2,120523.0,12334.0
2015-10-03,,,267000.0,2207000.0,,,
2015-10-10,,,265000.0,2214000.0,,,
2015-10-17,,,264000.0,2194000.0,,,
2015-10-24,,,264000.0,2218000.0,,,
2015-10-31,,,275000.0,2205000.0,,,
2015-11-01,142808.0,5.1,,,25.25,120727.0,12329.0
2015-11-07,,,276000.0,2209000.0,,,
2015-11-14,,,272000.0,2185000.0,,,
2015-11-21,,,261000.0,2181000.0,,,
2015-11-28,,,265000.0,2259000.0,,,
2015-12-01,143077.0,5.0,,,25.25,120980.0,12333.0
2015-12-05,,,280000.0,2242000.0,,,
2015-12-12,,,268000.0,2190000.0,,,
2015-12-19,,,260000.0,2176000.0,,,
2015-12-26,,,276000.0,2207000.0,,,
2016-01-01,143210.0,4.8,,,25.37,121096.0,12354.0
2016-01-02,,,273000.0,2218000.0,,,
2016-01-09,,,284000.0,2190000.0,,,
2016-01-16,,,290000.0,2221000.0,,,
2016-01-23,,,269000.0,2199000.0,,,
2016-01-30,,,282000.0,2210000.0,,,
2016-02-01,143406.0,4.9,,,25.38,121268.0,12337.0
2016-02-06,,,266000.0,2213000.0,,,
2016-02-13,,,262000.0,2206000.0,,,
2016-02-20,,,270000.0,2203000.0,,,
2016-02-27,,,269000.0,2180000.0,,,
2016-03-01,143662.0,5.0,,,25.45,121484.0,12313.0
2016-03-05,,,255000.0,2203000.0,,,
2016-03-12,,,263000.0,2163000.0,,,
2016-03-19,,,264000.0,2138000.0,,,
2016-03-26,,,271000.0,2165000.0,,,
2016-04-01,143854.0,5.1,,,25.53,121670.0,12325.0
2016-04-02,,,273000.0,2151000.0,,,
2016-04-09,,,263000.0,2139000.0,,,
2016-04-16,,,257000.0,2135000.0,,,
2016-04-23,,,259000.0,2137000.0,,,
2016-04-30,,,278000.0,2183000.0,,,
2016-05-01,143900.0,4.8,,,25.58,121701.0,12303.0
2016-05-07,,,289000.0,2185000.0,,,
2016-05-14,,,279000.0,2177000.0,,,
2016-05-21,,,267000.0,2186000.0,,,
2016-05-28,,,263000.0,2131000.0,,,
2016-06-01,144147.0,4.9,,,25.62,121967.0,12321.0
2016-06-04,,,265000.0,2170000.0,,,
2016-06-11,,,273000.0,2158000.0,,,
2016-06-18,,,261000.0,2160000.0,,,
2016-06-25,,,262000.0,2139000.0,,,
2016-07-01,144520.0,4.8,,,25.69,122231.0,12342.0
2016-07-02,,,255000.0,2131000.0,,,
2016-07-09,,,252000.0,2125000.0,,,
2016-07-16,,,260000.0,2140000.0,,,
2016-07-23,,,264000.0,2134000.0,,,
2016-07-30,,,266000.0,2143000.0,,,
2016-08-01,144661.0,4.9,,,25.71,122377.0,12319.0
2016-08-06,,,265000.0,2157000.0,,,
2016-08-13,,,264000.0,2137000.0,,,
2016-08-20,,,264000.0,2148000.0,,,
2016-08-27,,,261000.0,2138000.0,,,
2016-09-01,144967.0,5.0,,,25.77,122644.0,12317.0
2016-09-03,,,257000.0,2149000.0,,,
2016-09-10,,,252000.0,2110000.0,,,
2016-09-17,,,250000.0,2098000.0,,,
2016-09-24,,,247000.0,2081000.0,,,
2016-10-01,145065.0,4.9,245000.0,2080000.0,25.9,122770.0,12316.0
2016-10-08,,,250000.0,2081000.0,,,
2016-10-15,,,263000.0,2069000.0,,,
2016-10-22,,,256000.0,2066000.0,,,
2016-10-29,,,265000.0,2067000.0,,,
2016-11-01,145183.0,4.7,,,25.9,122906.0,12311.0
2016-11-05,,,250000.0,2046000.0,,,
2016-11-12,,,232000.0,2045000.0,,,
2016-11-19,,,246000.0,2050000.0,,,
2016-11-26,,,255000.0,2038000.0,,,
2016-12-01,145408.0,4.7,,,25.93,123104.0,12324.0
2016-12-03,,,248000.0,2029000.0,,,
2016-12-10,,,252000.0,2030000.0,,,
2016-12-17,,,260000.0,2078000.0,,,
2016-12-24,,,257000.0,2077000.0,,,
2016-12-31,,,244000.0,2028000.0,,,
2017-01-01,145628.0,4.7,,,26.0,123312.0,12334.0
2017-01-07,,,245000.0,2080000.0,,,
2017-01-14,,,240000.0,2099000.0,,,
2017-01-21,,,250000.0,2067000.0,,,
2017-01-28,,,241000.0,2078000.0,,,
2017-02-01,145846.0,4.6,,,26.07,123520.0,12350.0
2017-02-04,,,230000.0,2064000.0,,,
2017-02-11,,,233000.0,2076000.0,,,
2017-02-18,,,237000.0,2034000.0,,,
2017-02-25,,,221000.0,2065000.0,,,
2017-03-01,145970.0,4.4,,,26.11,123641.0,12361.0
2017-03-04,,,236000.0,2020000.0,,,
2017-03-11,,,228000.0,2002000.0,,,
2017-03-18,,,235000.0,2021000.0,,,
2017-03-25,,,236000.0,2027000.0,,,
2017-04-01,146175.0,4.4,216000.0,1990000.0,26.18,123840.0,12367.0
2017-04-08,,,222000.0,1968000.0,,,
2017-04-15,,,231000.0,1961000.0,,,
2017-04-22,,,238000.0,1962000.0,,,
2017-04-29,,,232000.0,1896000.0,,,
2017-05-01,146380.0,4.4,,,26.21,124033.0,12377.0
2017-05-06,,,233000.0,1892000.0,,,
2017-05-13,,,234000.0,1902000.0,,,
2017-05-20,,,236000.0,1900000.0,,,
2017-05-27,,,253000.0,1891000.0,,,
2017-06-01,146583.0,4.3,,,26.26,124223.0,12390.0
2017-06-03,,,251000.0,1909000.0,,,
2017-06-10,,,245000.0,1914000.0,,,
2017-06-17,,,249000.0,1915000.0,,,
2017-06-24,,,247000.0,1929000.0,,,
2017-07-01,146772.0,4.3,256000.0,1911000.0,26.35,124398.0,12390.0
2017-07-08,,,259000.0,1942000.0,,,
2017-07-15,,,245000.0,1929000.0,,,
2017-07-22,,,249000.0,1928000.0,,,
2017-07-29,,,245000.0,1926000.0,,,
2017-08-01,146919.0,4.4,,,26.37,124609.0,12435.0
2017-08-05,,,254000.0,1928000.0,,,
2017-08-12,,,245000.0,1926000.0,,,
2017-08-19,,,245000.0,1928000.0,,,
2017-08-26,,,247000.0,1912000.0,,,
2017-09-01,147008.0,4.3,,,26.49,124675.0,12443.0
2017-09-02,,,297000.0,1911000.0,,,
2017-09-09,,,280000.0,1939000.0,,,
2017-09-16,,,261000.0,1872000.0,,,
2017-09-23,,,264000.0,1871000.0,,,
2017-09-30,,,260000.0,1871000.0,,,
2017-10-01,147149.0,4.2,,,26.5,124788.0,12457.0
2017-10-07,,,252000.0,1869000.0,,,
2017-10-14,,,235000.0,1902000.0,,,
2017-10-21,,,241000.0,1913000.0,,,
2017-10-28,,,241000.0,1927000.0,,,
2017-11-01,147372.0,4.2,,,26.54,124993.0,12472.0
2017-11-04,,,248000.0,1939000.0,,,
2017-11-11,,,254000.0,1944000.0,,,
2017-11-18,,,246000.0,1974000.0,,,
2017-11-25,,,243000.0,1997000.0,,,
2017-12-01,147523.0,4.1,,,26.63,125139.0,12501.0
2017-12-02,,,241000.0,1953000.0,,,
2017-12-09,,,229000.0,1984000.0,,,
2017-12-16,,,244000.0,2006000.0,,,
2017-12-23,,,251000.0,1979000.0,,,
2017-12-30,,,248000.0,1933000.0,,,
2018-01-01,147660.0,4.0,,,26.72,125286.0,12527.0
2018-01-06,,,252000.0,1971000.0,,,
2018-01-13,,,230000.0,1972000.0,,,
2018-01-20,,,231000.0,1990000.0,,,
2018-01-27,,,228000.0,1985000.0,,,
2018-02-01,148054.0,4.1,,,26.74,125635.0,12551.0
2018-02-03,,,224000.0,1996000.0,,,
2018-02-10,,,225000.0,1959000.0,,,
2018-02-17,,,219000.0,1985000.0,,,
2018-02-24,,,216000.0,1957000.0,,,
2018-03-01,148280.0,4.0,,,26.85,125853.0,12576.0
2018-03-03,,,228000.0,1960000.0,,,
2018-03-10,,,223000.0,1948000.0,,,
2018-03-17,,,225000.0,1959000.0,,,
2018-03-24,,,221000.0,1917000.0,,,
2018-03-31,,,232000.0,1943000.0,,,
2018-04-01,148420.0,4.0,,,26.91,125976.0,12595.0
2018-04-07,,,234000.0,1949000.0,,,
2018-04-14,,,236000.0,1900000.0,,,
2018-04-21,,,207000.0,1827000.0,,,
2018-04-28,,,209000.0,1834000.0,,,
2018-05-01,148742.0,3.8,,,26.98,126293.0,12623.0
2018-05-05,,,211000.0,1765000.0,,,
2018-05-12,,,222000.0,1769000.0,,,
2018-05-19,,,230000.0,1751000.0,,,
2018-05-26,,,222000.0,1737000.0,,,
2018-06-01,148960.0,4.0,,,27.03,126478.0,12656.0
2018-06-02,,,223000.0,1690000.0,,,
2018-06-09,,,222000.0,1693000.0,,,
2018-06-16,,,218000.0,1671000.0,,,
2018-06-23,,,222000.0,1671000.0,,,
2018-06-30,,,228000.0,1672000.0,,,
2018-07-01,149020.0,3.8,,,27.1,126584.0,12676.0
2018-07-07,,,216000.0,1676000.0,,,
2018-07-14,,,205000.0,1659000.0,,,
2018-07-21,,,210000.0,1624000.0,,,
2018-07-28,,,207000.0,1657000.0,,,
2018-08-01,149277.0,3.8,,,27.21,126809.0,12688.0
2018-08-04,,,210000.0,1624000.0,,,
2018-08-11,,,206000.0,1625000.0,,,
2018-08-18,,,207000.0,1605000.0,,,
2018-08-25,,,211000.0,1602000.0,,,
2018-09-01,149358.0,3.7,201000.0,1575000.0,27.32,126884.0,12710.0
2018-09-08,,,204000.0,1538000.0,,,
2018-09-15,,,206000.0,1544000.0,,,
2018-09-22,,,205000.0,1545000.0,,,
2018-09-29,,,210000.0,1553000.0,,,
2018-10-01,149527.0,3.8,,,27.37,127048.0,12731.0
2018-10-06,,,211000.0,1565000.0,,,
2018-10-13,,,208000.0,1588000.0,,,
2018-10-20,,,217000.0,1603000.0,,,
2018-10-27,,,216000.0,1615000.0,,,
2018-11-01,149617.0,3.8,,,27.44,127144.0,12741.0
2018-11-03,,,218000.0,1642000.0,,,
2018-11-10,,,221000.0,1665000.0,,,
2018-11-17,,,225000.0,1749000.0,,,
2018-11-24,,,237000.0,1684000.0,,,
2018-12-01,149809.0,3.9,232000.0,1694000.0,27.56,127298.0,12761.0
2018-12-08,,,208000.0,1745000.0,,,
2018-12-15,,,217000.0,1756000.0,,,
2018-12-22,,,228000.0,1770000.0,,,
2018-12-29,,,238000.0,1783000.0,,,
2019-01-01,150060.0,4.0,,,27.59,127552.0,12790.0
2019-01-05,,,225000.0,1766000.0,,,
2019-01-12,,,218000.0,1780000.0,,,
2019-01-19,,,214000.0,1813000.0,,,
2019-01-26,,,234000.0,1759000.0,,,
2019-02-01,150067.0,3.8,,,27.69,127542.0,12782.0
2019-02-02,,,232000.0,1806000.0,,,
2019-02-09,,,226000.0,1778000.0,,,
2019-02-16,,,211000.0,1826000.0,,,
2019-02-23,,,221000.0,1796000.0,,,
2019-03-01,150295.0,3.8,,,27.77,127726.0,12788.0
2019-03-02,,,216000.0,1807000.0,,,
2019-03-09,,,218000.0,1792000.0,,,
2019-03-16,,,212000.0,1800000.0,,,
2019-03-23,,,210000.0,1760000.0,,,
2019-03-30,,,203000.0,1742000.0,,,
2019-04-01,150591.0,3.7,,,27.79,127972.0,12785.0
2019-04-06,,,196000.0,1680000.0,,,
2019-04-13,,,197000.0,1664000.0,,,
2019-04-20,,,222000.0,1659000.0,,,
2019-04-27,,,224000.0,1663000.0,,,
2019-05-01,150618.0,3.6,,,27.88,128056.0,12778.0
2019-05-04,,,225000.0,1627000.0,,,
2019-05-11,,,212000.0,1635000.0,,,
2019-05-18,,,215000.0,1621000.0,,,
2019-05-25,,,222000.0,1629000.0,,,
2019-06-01,150838.0,3.6,223000.0,1631000.0,27.97,128234.0,12787.0
2019-06-08,,,226000.0,1608000.0,,,
2019-06-15,,,217000.0,1634000.0,,,
2019-06-22,,,234000.0,1625000.0,,,
2019-06-29,,,226000.0,1657000.0,,,
2019-07-01,150937.0,3.7,,,28.03,128365.0,12790.0
2019-07-06,,,215000.0,1633000.0,,,
2019-07-13,,,211000.0,1634000.0,,,
2019-07-20,,,202000.0,1623000.0,,,
2019-07-27,,,206000.0,1634000.0,,,
2019-08-01,151169.0,3.6,,,28.14,128544.0,12789.0
2019-08-03,,,208000.0,1656000.0,,,
2019-08-10,,,212000.0,1618000.0,,,
2019-08-17,,,207000.0,1629000.0,,,
2019-08-24,,,213000.0,1604000.0,,,
2019-08-31,,,215000.0,1591000.0,,,
2019-09-01,151365.0,3.5,,,28.16,128712.0,12787.0
2019-09-07,,,207000.0,1596000.0,,,
2019-09-14,,,205000.0,1567000.0,,,
2019-09-21,,,211000.0,1561000.0,,,
2019-09-28,,,215000.0,1600000.0,,,
2019-10-01,151460.0,3.6,,,28.24,128790.0,12733.0
2019-10-05,,,209000.0,1602000.0,,,
2019-10-12,,,215000.0,1611000.0,,,
2019-10-19,,,210000.0,1628000.0,,,
2019-10-26,,,215000.0,1633000.0,,,
2019-11-01,151667.0,3.6,,,28.34,128958.0,12777.0
2019-11-02,,,214000.0,1646000.0,,,
2019-11-09,,,227000.0,1668000.0,,,
2019-11-16,,,229000.0,1702000.0,,,
2019-11-23,,,221000.0,1702000.0,,,
2019-11-30,,,231000.0,1708000.0,,,
2019-12-01,151794.0,3.6,,,28.38,129068.0,12760.0
2019-12-07,,,247000.0,1728000.0,,,
2019-12-14,,,236000.0,1753000.0,,,
2019-12-21,,,230000.0,1754000.0,,,
2019-12-28,,,231000.0,1843000.0,,,
2020-01-01,152031.0,3.6,,,28.43,129250.0,12745.0
2020-01-04,,,224000.0,1827000.0,,,
2020-01-11,,,207000.0,1804000.0,,,
2020-01-18,,,221000.0,1774000.0,,,
2020-01-25,,,210000.0,1796000.0,,,
2020-02-01,152293.0,3.5,207000.0,1755000.0,28.54,129436.0,12743.0
2020-02-08,,,202000.0,1782000.0,,,
2020-02-15,,,209000.0,1760000.0,,,
2020-02-22,,,218000.0,1783000.0,,,
2020-02-29,,,215000.0,1771000.0,,,
2020-03-01,150895.0,4.4,,,28.73,128068.0,12684.0
2020-03-07,,,208000.0,1753000.0,,,
2020-03-14,,,273000.0,1844000.0,,,
2020-03-21,,,2914000.0,3238000.0,,,
2020-03-28,,,5946000.0,8004000.0,,,
2020-04-01,130426.0,14.8,,,30.04,108517.0,11382.0
2020-04-04,,,6137000.0,12396000.0,,,
2020-04-11,,,4869000.0,16193000.0,,,
2020-04-18,,,4201000.0,17789000.0,,,
2020-04-25,,,3446000.0,21750000.0,,,
2020-05-01,133040.0,13.2,,,29.72,111647.0,11610.0
2020-05-02,,,2796000.0,20939000.0,,,
2020-05-09,,,2335000.0,23130000.0,,,
2020-05-16,,,2176000.0,19153000.0,,,
2020-05-23,,,1921000.0,19194000.0,,,
2020-05-30,,,1639000.0,19216000.0,,,
2020-06-01,137671.0,11.0,,,29.38,116259.0,11950.0
2020-06-06,,,1575000.0,18743000.0,,,
2020-06-13,,,1473000.0,17860000.0,,,
2020-06-20,,,1467000.0,17501000.0,,,
2020-06-27,,,1446000.0,16610000.0,,,
2020-07-01,139255.0,10.2,,,29.39,117741.0,11973.0
2020-07-04,,,1413000.0,17273000.0,,,
2020-07-11,,,1468000.0,16251000.0,,,
2020-07-18,,,1393000.0,16799000.0,,,
2020-07-25,,,1260000.0,15929000.0,,,
2020-08-01,140821.0,8.4,1044000.0,15255000.0,29.49,118821.0,11999.0
2020-08-08,,,884000.0,14184000.0,,,
2020-08-15,,,927000.0,13910000.0,,,
2020-08-22,,,876000.0,13217000.0,,,
2020-08-29,,,881000.0,13501000.0,,,
2020-09-01,141770.0,7.8,,,29.51,119841.0,12057.0
2020-09-05,,,892000.0,12765000.0,,,
2020-09-12,,,861000.0,12684000.0,,,
2020-09-19,,,859000.0,11367000.0,,,
2020-09-26,,,795000.0,10481000.0,,,
2020-10-01,142460.0,6.9,,,29.54,120655.0,12086.0
2020-10-03,,,785000.0,9270000.0,,,
2020-10-10,,,839000.0,8425000.0,,,
2020-10-17,,,804000.0,7777000.0,,,
2020-10-24,,,776000.0,7180000.0,,,
2020-10-31,,,773000.0,6705000.0,,,
2020-11-01,142733.0,6.7,,,29.64,121050.0,12118.0
2020-11-07,,,737000.0,6341000.0,,,
2020-11-14,,,738000.0,6088000.0,,,
2020-11-21,,,793000.0,5580000.0,,,
2020-11-28,,,737000.0,5784000.0,,,
2020-12-01,142548.0,6.7,,,29.91,120870.0,12153.0
2020-12-05,,,873000.0,5609000.0,,,
2020-12-12,,,886000.0,5416000.0,,,
2020-12-19,,,815000.0,5332000.0,,,
2020-12-26,,,773000.0,5181000.0,,,
2021-01-01,142863.0,6.4,,,29.93,121122.0,12142.0
2021-01-02,,,803000.0,5330000.0,,,
2021-01-09,,,890000.0,5069000.0,,,
2021-01-16,,,844000.0,4877000.0,,,
2021-01-23,,,799000.0,4789000.0,,,
2021-01-30,,,803000.0,4658000.0,,,
2021-02-01,143380.0,6.2,,,30.05,121626.0,12172.0
2021-02-06,,,812000.0,4599000.0,,,
2021-02-13,,,802000.0,4495000.0,,,
2021-02-20,,,702000.0,4406000.0,,,
2021-02-27,,,704000.0,4227000.0,,,
2021-03-01,144232.0,6.1,,,30.03,122388.0,12229.0
2021-03-06,,,693000.0,4185000.0,,,
2021-03-13,,,699000.0,3970000.0,,,
2021-03-20,,,627000.0,3887000.0,,,
2021-03-27,,,658000.0,3859000.0,,,
2021-04-01,144587.0,6.1,,,30.22,122694.0,12193.0
2021-04-03,,,645000.0,3830000.0,,,
2021-04-10,,,571000.0,3779000.0,,,
2021-04-17,,,566000.0,3776000.0,,,
2021-04-24,,,574000.0,3767000.0,,,
2021-05-01,145065.0,5.8,517000.0,3756000.0,30.41,123136.0,12216.0
2021-05-08,,,494000.0,3737000.0,,,
2021-05-15,,,467000.0,3618000.0,,,
2021-05-22,,,441000.0,3575000.0,,,
2021-05-29,,,427000.0,3422000.0,,,
2021-06-01,145820.0,5.9,,,30.54,123789.0,12247.0
2021-06-05,,,420000.0,3350000.0,,,
2021-06-12,,,428000.0,3268000.0,,,
2021-06-19,,,422000.0,3263000.0,,,
2021-06-26,,,368000.0,3313000.0,,,
2021-07-01,146762.0,5.4,,,30.66,124723.0,12305.0
2021-07-03,,,371000.0,3179000.0,,,
2021-07-10,,,333000.0,3061000.0,,,
2021-07-17,,,387000.0,3138000.0,,,
2021-07-24,,,380000.0,2863000.0,,,
2021-07-31,,,379000.0,2793000.0,,,
2021-08-01,147314.0,5.1,,,30.78,125178.0,12353.0
2021-08-07,,,361000.0,2809000.0,,,
2021-08-14,,,367000.0,2802000.0,,,
2021-08-21,,,358000.0,2733000.0,,,
2021-08-28,,,353000.0,2786000.0,,,
2021-09-01,147771.0,4.7,,,30.98,125669.0,12393.0
2021-09-04,,,335000.0,2608000.0,,,
2021-09-11,,,342000.0,2756000.0,,,
2021-09-18,,,367000.0,2803000.0,,,
2021-09-25,,,375000.0,2722000.0,,,
2021-10-01,148572.0,4.5,,,31.14,126545.0,12453.0
2021-10-02,,,312000.0,2624000.0,,,
2021-10-09,,,291000.0,2533000.0,,,
2021-10-16,,,289000.0,2265000.0,,,
2021-10-23,,,269000.0,2168000.0,,,
2021-10-30,,,261000.0,2199000.0,,,
2021-11-01,149230.0,4.1,,,31.23,127184.0,12498.0
2021-11-06,,,251000.0,2036000.0,,,
2021-11-13,,,250000.0,1968000.0,,,
2021-11-20,,,224000.0,1803000.0,,,
2021-11-27,,,221000.0,1874000.0,,,
2021-12-01,149816.0,3.9,,,31.39,127754.0,12537.0
2021-12-04,,,206000.0,1767000.0,,,
2021-12-11,,,227000.0,1767000.0,,,
2021-12-18,,,215000.0,1628000.0,,,
2021-12-25,,,217000.0,1703000.0,,,
2022-01-01,150006.0,4.0,229000.0,1690000.0,31.6,127957.0,12564.0
2022-01-08,,,250000.0,1721000.0,,,
2022-01-15,,,246000.0,1700000.0,,,
2022-01-22,,,240000.0,1709000.0,,,
2022-01-29,,,231000.0,1695000.0,,,
2022-02-01,150825.0,3.9,,,31.64,128793.0,12601.0
2022-02-05,,,210000.0,1671000.0,,,
2022-02-12,,,234000.0,1637000.0,,,
2022-02-19,,,224000.0,1615000.0,,,
2022-02-26,,,208000.0,1613000.0,,,
2022-03-01,151315.0,3.7,,,31.8,129282.0,12674.0
2022-03-05,,,222000.0,1583000.0,,,
2022-03-12,,,217000.0,1541000.0,,,
2022-03-19,,,207000.0,1518000.0,,,
2022-03-26,,,214000.0,1532000.0,,,
2022-04-01,151623.0,3.7,,,31.96,129554.0,12726.0
2022-04-02,,,214000.0,1492000.0,,,
2022-04-09,,,214000.0,1432000.0,,,
2022-04-16,,,210000.0,1429000.0,,,
2022-04-23,,,209000.0,1424000.0,,,
2022-04-30,,,218000.0,1385000.0,,,
2022-05-01,151924.0,3.6,,,32.1,129799.0,12735.0
2022-05-07,,,204000.0,1365000.0,,,
2022-05-14,,,225000.0,1378000.0,,,
2022-05-21,,,211000.0,1362000.0,,,
2022-05-28,,,199000.0,1363000.0,,,
2022-06-01,152358.0,3.6,,,32.19,130216.0,12767.0
2022-06-04,,,213000.0,1344000.0,,,
2022-06-11,,,211000.0,1356000.0,,,
2022-06-18,,,214000.0,1358000.0,,,
2022-06-25,,,212000.0,1403000.0,,,
2022-07-01,153072.0,3.5,,,32.34,130766.0,12800.0
2022-07-02,,,214000.0,1360000.0,,,
2022-07-09,,,212000.0,1367000.0,,,
2022-07-16,,,216000.0,1391000.0,,,
2022-07-23,,,221000.0,1418000.0,,,
2022-07-30,,,228000.0,1427000.0,,,
2022-08-01,153362.0,3.6,,,32.44,131056.0,12832.0
2022-08-06,,,221000.0,1422000.0,,,
2022-08-13,,,220000.0,1410000.0,,,
2022-08-20,,,215000.0,1419000.0,,,
2022-08-27,,,210000.0,1418000.0,,,
2022-09-01,153582.0,3.5,,,32.57,131285.0,12849.0
2022-09-03,,,203000.0,1397000.0,,,
2022-09-10,,,195000.0,1402000.0,,,
2022-09-17,,,202000.0,1382000.0,,,
2022-09-24,,,190000.0,1397000.0,,,
2022-10-01,153939.0,3.6,203000.0,1392000.0,32.7,131646.0,12883.0
2022-10-08,,,207000.0,1404000.0,,,
2022-10-15,,,199000.0,1402000.0,,,
2022-10-22,,,202000.0,1429000.0,,,
2022-10-29,,,202000.0,1430000.0,,,
2022-11-01,154242.0,3.6,,,32.82,131863.0,12896.0
2022-11-05,,,204000.0,1406000.0,,,
2022-11-12,,,210000.0,1450000.0,,,
2022-11-19,,,220000.0,1464000.0,,,
2022-11-26,,,209000.0,1512000.0,,,
2022-12-01,154342.0,3.5,,,32.94,131977.0,12895.0
2022-12-03,,,209000.0,1539000.0,,,
2022-12-10,,,209000.0,1551000.0,,,
2022-12-17,,,213000.0,1558000.0,,,
2022-12-24,,,205000.0,1597000.0,,,
2022-12-31,,,205000.0,1585000.0,,,
2023-01-01,154776.0,3.5,,,33.02,132292.0,12903.0
2023-01-07,,,210000.0,1584000.0,,,
2023-01-14,,,204000.0,1604000.0,,,
2023-01-21,,,204000.0,1599000.0,,,
2023-01-28,,,200000.0,1629000.0,,,
2023-02-01,155066.0,3.6,,,33.15,132528.0,12898.0
2023-02-04,,,215000.0,1641000.0,,,
2023-02-11,,,220000.0,1646000.0,,,
2023-02-18,,,217000.0,1637000.0,,,
2023-02-25,,,207000.0,1662000.0,,,
2023-03-01,155134.0,3.5,,,33.27,132554.0,12888.0
2023-03-04,,,230000.0,1662000.0,,,
2023-03-11,,,222000.0,1676000.0,,,
2023-03-18,,,230000.0,1693000.0,,,
2023-03-25,,,234000.0,1702000.0,,,
2023-04-01,155375.0,3.4,217000.0,1694000.0,33.43,132733.0,12884.0
2023-04-08,,,220000.0,1739000.0,,,
2023-04-15,,,223000.0,1726000.0,,,
2023-04-22,,,209000.0,1708000.0,,,
2023-04-29,,,213000.0,1713000.0,,,
2023-05-01,155655.0,3.6,,,33.5,132933.0,12869.0
2023-05-06,,,223000.0,1713000.0,,,
2023-05-13,,,225000.0,1716000.0,,,
2023-05-20,,,227000.0,1744000.0,,,
2023-05-27,,,229000.0,1725000.0,,,
2023-06-01,155880.0,3.6,,,33.69,133088.0,12875.0
2023-06-03,,,252000.0,1751000.0,,,
2023-06-10,,,256000.0,1762000.0,,,
2023-06-17,,,259000.0,1753000.0,,,
2023-06-24,,,236000.0,1775000.0,,,
2023-07-01,156043.0,3.5,248000.0,1774000.0,33.85,133206.0,12862.0
2023-07-08,,,230000.0,1790000.0,,,
2023-07-15,,,229000.0,1770000.0,,,
2023-07-22,,,231000.0,1778000.0,,,
2023-07-29,,,238000.0,1774000.0,,,
2023-08-01,156261.0,3.7,,,33.89,133354.0,12861.0
2023-08-05,,,258000.0,1805000.0,,,
2023-08-12,,,248000.0,1797000.0,,,
2023-08-19,,,240000.0,1821000.0,,,
2023-08-26,,,234000.0,1804000.0,,,
2023-09-01,156417.0,3.7,,,34.01,133469.0,12872.0
2023-09-02,,,225000.0,1812000.0,,,
2023-09-09,,,225000.0,1797000.0,,,
2023-09-16,,,211000.0,1801000.0,,,
2023-09-23,,,216000.0,1793000.0,,,
2023-09-30,,,216000.0,1798000.0,,,
2023-10-01,156576.0,3.9,,,34.08,133583.0,12837.0
2023-10-07,,,210000.0,1806000.0,,,
2023-10-14,,,200000.0,1804000.0,,,
2023-10-21,,,214000.0,1812000.0,,,
2023-10-28,,,217000.0,1819000.0,,,
2023-11-01,156703.0,3.7,,,34.17,133667.0,12859.0
2023-11-04,,,216000.0,1802000.0,,,
2023-11-11,,,230000.0,1787000.0,,,
2023-11-18,,,213000.0,1803000.0,,,
2023-11-25,,,213000.0,1812000.0,,,
2023-12-01,156857.0,3.8,,,34.29,133766.0,12872.0
2023-12-02,,,215000.0,1814000.0,,,
2023-12-09,,,203000.0,1801000.0,,,
2023-12-16,,,209000.0,1801000.0,,,
2023-12-23,,,212000.0,1815000.0,,,
2023-12-30,,,200000.0,1751000.0,,,
2024-01-01,157032.0,3.7,,,34.47,133892.0,12875.0
2024-01-06,,,201000.0,1723000.0,,,
2024-01-13,,,195000.0,1753000.0,,,
2024-01-20,,,224000.0,1829000.0,,,
2024-01-27,,,226000.0,1804000.0,,,
2024-02-01,157238.0,3.9,,,34.52,134027.0,12852.0
2024-02-03,,,213000.0,1800000.0,,,
2024-02-10,,,213000.0,1784000.0,,,
2024-02-17,,,202000.0,1802000.0,,,
2024-02-24,,,212000.0,1788000.0,,,
2024-03-01,157466.0,3.9,,,34.65,134170.0,12836.0
2024-03-02,,,213000.0,1800000.0,,,
2024-03-09,,,213000.0,1790000.0,,,
2024-03-16,,,213000.0,1807000.0,,,
2024-03-23,,,214000.0,1788000.0,,,
2024-03-30,,,223000.0,1810000.0,,,
2024-04-01,157530.0,3.9,,,34.76,134233.0,12833.0
2024-04-06,,,213000.0,1797000.0,,,
2024-04-13,,,212000.0,1781000.0,,,
2024-04-20,,,209000.0,1769000.0,,,
2024-04-27,,,207000.0,1788000.0,,,
2024-05-01,157608.0,3.9,,,34.89,134278.0,12825.0
2024-05-04,,,230000.0,1792000.0,,,
2024-05-11,,,222000.0,1791000.0,,,
2024-05-18,,,216000.0,1808000.0,,,
2024-05-25,,,220000.0,1804000.0,,,
2024-06-01,157695.0,4.1,227000.0,1821000.0,35.01,134356.0,12814.0
2024-06-08,,,240000.0,1830000.0,,,
2024-06-15,,,236000.0,1839000.0,,,
2024-06-22,,,233000.0,1862000.0,,,
2024-06-29,,,238000.0,1853000.0,,,
2024-07-01,157748.0,4.2,,,35.08,134348.0,12806.0
2024-07-06,,,223000.0,1864000.0,,,
2024-07-13,,,241000.0,1848000.0,,,
2024-07-20,,,237000.0,1873000.0,,,
2024-07-27,,,248000.0,1871000.0,,,
2024-08-01,157757.0,4.2,,,35.22,134321.0,12772.0
2024-08-03,,,234000.0,1863000.0,,,
2024-08-10,,,228000.0,1855000.0,,,
2024-08-17,,,232000.0,1862000.0,,,
2024-08-24,,,232000.0,1847000.0,,,
2024-08-31,,,227000.0,1845000.0,,,
2024-09-01,157912.0,4.1,,,35.34,134463.0,12758.0
2024-09-07,,,227000.0,1825000.0,,,
2024-09-14,,,223000.0,1831000.0,,,
2024-09-21,,,221000.0,1825000.0,,,
2024-09-28,,,227000.0,1858000.0,,,
2024-10-01,157945.0,4.1,,,35.46,134459.0,12697.0
2024-10-05,,,258000.0,1869000.0,,,
2024-10-12,,,241000.0,1882000.0,,,
2024-10-19,,,227000.0,1853000.0,,,
2024-10-26,,,219000.0,1876000.0,,,
2024-11-01,158079.0,4.2,,,35.6,134575.0,12711.0
2024-11-02,,,221000.0,1870000.0,,,
2024-11-09,,,218000.0,1887000.0,,,
2024-11-16,,,216000.0,1887000.0,,,
2024-11-23,,,219000.0,1866000.0,,,
2024-11-30,,,222000.0,1859000.0,,,
2024-12-01,158316.0,4.1,,,35.69,134787.0,12693.0
2024-12-07,,,238000.0,1865000.0,,,
2024-12-14,,,222000.0,1881000.0,,,
2024-12-21,,,219000.0,1833000.0,,,
2024-12-28,,,212000.0,1868000.0,,,
2025-01-01,158268.0,4.0,,,35.84,134711.0,12673.0
2025-01-04,,,206000.0,1850000.0,,,
2025-01-11,,,219000.0,1891000.0,,,
2025-01-18,,,223000.0,1854000.0,,,
2025-01-25,,,212000.0,1876000.0,,,
2025-02-01,158310.0,4.2,220000.0,1840000.0,35.94,134751.0,12671.0
2025-02-08,,,216000.0,1862000.0,,,
2025-02-15,,,223000.0,1849000.0,,,
2025-02-22,,,241000.0,1889000.0,,,
2025-03-01,158377.0,4.2,224000.0,1857000.0,36.11,134818.0,12666.0
2025-03-08,,,222000.0,1876000.0,,,
2025-03-15,,,225000.0,1852000.0,,,
2025-03-22,,,224000.0,1889000.0,,,
2025-03-29,,,220000.0,1852000.0,,,
2025-04-01,158485.0,4.2,,,36.12,134917.0,12662.0
2025-04-05,,,223000.0,1876000.0,,,
2025-04-12,,,217000.0,1840000.0,,,
2025-04-19,,,224000.0,1906000.0,,,
2025-04-26,,,239000.0,1876000.0,,,
2025-05-01,158498.0,4.3,,,36.28,134937.0,12651.0
2025-05-03,,,228000.0,1884000.0,,,
2025-05-10,,,226000.0,1889000.0,,,
2025-05-17,,,225000.0,1917000.0,,,
2025-05-24,,,236000.0,1896000.0,,,
2025-05-31,,,244000.0,1947000.0,,,
2025-06-01,158478.0,4.1,,,36.36,134892.0,12636.0
2025-06-07,,,246000.0,1935000.0,,,
2025-06-14,,,243000.0,1960000.0,,,
2025-06-21,,,236000.0,1954000.0,,,
2025-06-28,,,231000.0,1952000.0,,,
2025-07-01,158542.0,4.3,,,36.47,134957.0,12625.0
2025-07-05,,,228000.0,1949000.0,,,
2025-07-12,,,221000.0,1941000.0,,,
2025-07-19,,,218000.0,1936000.0,,,
2025-07-26,,,219000.0,1963000.0,,,
2025-08-01,158472.0,4.3,,,36.62,134937.0,12615.0
2025-08-02,,,226000.0,1942000.0,,,
2025-08-09,,,224000.0,1957000.0,,,
2025-08-16,,,233000.0,1942000.0,,,
2025-08-23,,,229000.0,1937000.0,,,
2025-08-30,,,236000.0,1927000.0,,,
2025-09-01,158548.0,4.4,,,36.7,135005.0,12612.0
2025-09-06,,,259000.0,1925000.0,,,
2025-09-13,,,233000.0,1916000.0,,,
2025-09-20,,,219000.0,1921000.0,,,
2025-09-27,,,225000.0,1929000.0,,,
2025-10-01,158408.0,,,,36.85,135018.0,12603.0
2025-10-04,,,233000.0,1928000.0,,,
2025-10-11,,,222000.0,1947000.0,,,
2025-10-18,,,231000.0,1953000.0,,,
2025-10-25,,,221000.0,1962000.0,,,
2025-11-01,158449.0,4.5,228000.0,1946000.0,37.0,135090.0,12593.0
2025-11-08,,,228000.0,1949000.0,,,
2025-11-15,,,222000.0,1943000.0,,,
2025-11-22,,,218000.0,1932000.0,,,
2025-11-29,,,216000.0,1894000.0,,,
2025-12-01,158432.0,4.4,,,37.02,135083.0,12580.0
2025-12-06,,,235000.0,1887000.0,,,
2025-12-13,,,224000.0,1910000.0,,,
2025-12-20,,,215000.0,1860000.0,,,
2025-12-27,,,203000.0,1900000.0,,,
2026-01-01,158592.0,4.3,,,37.15,135263.0,12582.0
2026-01-03,,,207000.0,1875000.0,,,
2026-01-10,,,201000.0,1865000.0,,,
2026-01-17,,,210000.0,1823000.0,,,
2026-01-24,,,211000.0,1842000.0,,,
2026-01-31,,,230000.0,1859000.0,,,
2026-02-01,158436.0,4.4,,,37.27,135115.0,12583.0
2026-02-07,,,230000.0,1865000.0,,,
2026-02-14,,,208000.0,1827000.0,,,
2026-02-21,,,211000.0,1871000.0,,,
2026-02-28,,,214000.0,1847000.0,,,
2026-03-01,158650.0,4.3,,,37.35,135317.0,12598.0
2026-03-07,,,213000.0,1851000.0,,,
2026-03-14,,,205000.0,1816000.0,,,
2026-03-21,,,211000.0,1832000.0,,,
2026-03-28,,,203000.0,1787000.0,,,
2026-04-01,158829.0,4.3,,,37.41,135494.0,12598.0
2026-04-04,,,218000.0,1809000.0,,,
2026-04-11,,,208000.0,1808000.0,,,
2026-04-18,,,215000.0,1776000.0,,,
2026-04-25,,,190000.0,1758000.0,,,
2026-05-01,159001.0,4.3,,,37.53,135614.0,12605.0
2026-05-02,,,199000.0,1776000.0,,,
2026-05-09,,,212000.0,1771000.0,,,
2026-05-16,,,210000.0,1785000.0,,,
2026-05-23,,,212000.0,1771000.0,,,
2026-05-30,,,225000.0,1786000.0,,,
2026-06-06,,,230000.0,1810000.0,,,
2026-06-13,,,226000.0,,,,
