date,shares_outstanding,nav,fund_aum,class_aum,shares_change,estimated_flow_eur,flow_pct_assets,flow_zscore,flow_5d,flow_20d
2025-01-02,1857685.0,118.1195,295848924.79,219428823.35750002,,,,,,
2025-01-03,1857685.0,117.886,295264082.93,218995053.91,0.0,0.0,0.0,,,
2025-01-06,1857685.0,119.5076,299325417.45,222007475.906,0.0,0.0,0.0,,,
2025-01-07,1857685.0,119.5442,299417120.56,222075467.17700002,0.0,0.0,0.0,,,
2025-01-08,1857685.0,119.4195,299104996.69,221843813.8575,0.0,0.0,0.0,,,
2025-01-09,1857685.0,120.4446,301672279.2,223748126.751,0.0,0.0,0.0,,0.0,
2025-01-10,1857685.0,119.0314,298132847.68,221122846.30900002,0.0,0.0,0.0,,0.0,
2025-01-13,1857685.0,118.6938,299717485.27,220495691.853,0.0,0.0,0.0,,0.0,
2025-01-14,1857685.0,119.3539,301384135.39,221721949.72149998,0.0,0.0,0.0,,0.0,
2025-01-15,1857685.0,120.8931,305270886.19,224581298.4735,0.0,0.0,0.0,,0.0,
2025-01-16,1857685.0,120.2986,303769609.89,223476904.741,0.0,0.0,0.0,,0.0,
2025-01-17,1857685.0,121.0682,305713137.19,224906579.117,0.0,0.0,0.0,,0.0,
2025-01-20,1857685.0,121.3447,306411170.15,225420229.01950002,0.0,0.0,0.0,,0.0,
2025-01-21,1857685.0,121.2021,306051241.4,225155323.1385,0.0,0.0,0.0,,0.0,
2025-01-22,1849014.0,120.7593,304933209.45,223285636.3302,-8671.0,-1047103.8903,-0.004689526417863792,,-209420.77805999998,
2025-01-23,1849014.0,121.867,307730144.64,225333789.138,0.0,0.0,0.0,,-209420.77805999998,
2025-01-24,1849014.0,121.7735,307494072.56,225160906.329,0.0,0.0,0.0,,-209420.77805999998,
2025-01-27,1849014.0,121.9214,307867507.23,225434375.49960002,0.0,0.0,0.0,,-209420.77805999998,
2025-01-28,1849014.0,123.5162,311894554.15,228383183.0268,0.0,0.0,0.0,,-209420.77805999998,
2025-01-29,1849014.0,124.8587,315284686.36,230865484.3218,0.0,0.0,0.0,,0.0,
2025-01-30,1849014.0,126.2119,318701503.52,233367570.0666,0.0,0.0,0.0,0.2236065845090337,0.0,-52355.194514999996
2025-01-31,1849014.0,125.6953,317397071.63,232412369.43420002,0.0,0.0,0.0,0.21821767699505212,0.0,-52355.194514999996
2025-02-03,1849014.0,124.035,316035380.42,229342451.48999998,0.0,0.0,0.0,0.2132005031146751,0.0,-52355.194514999996
2025-02-04,1849014.0,125.7315,320357963.23,232479303.741,0.0,0.0,0.0,0.20851420081614422,0.0,-52355.194514999996
2025-02-05,1849014.0,127.3928,324590976.26,235551070.69919997,0.0,0.0,0.0,0.20412393199100562,0.0,-52355.194514999996
2025-02-06,1849014.0,129.3668,330867061.4,239201024.3352,0.0,0.0,0.0,0.19999978675907867,0.0,-52355.194514999996
2025-02-07,1862514.0,128.936,332748251.79,240145105.104,13500.0,1740636.0,0.007248267664028297,3.0,348127.2,34676.605485
2025-02-10,1862514.0,129.1365,333265665.06,240518539.161,0.0,0.0,0.0,-0.05606526946830283,348127.2,34676.605485
2025-02-11,1862514.0,129.8049,334990535.19,241763443.51860002,0.0,0.0,0.0,-0.055089589537038956,348127.2,34676.605485
2025-02-12,1862514.0,131.1927,338571996.09,244348240.4478,0.0,0.0,0.0,-0.05416305270681711,348127.2,34676.605485
2025-02-13,1862514.0,131.444,339220469.19,244816290.216,0.0,0.0,0.0,-0.0532816743573854,348127.2,34676.605485
2025-02-14,1862514.0,131.6422,339732006.07,245185440.4908,0.0,0.0,0.0,-0.05244190721320633,0.0,34676.605485
2025-02-17,1862514.0,132.2583,341321992.0,246332935.36619997,0.0,0.0,0.0,-0.05164058160949218,0.0,34676.605485
2025-02-18,1862514.0,133.5476,345727115.15,248734274.6664,0.0,0.0,0.0,-0.050874855418450785,0.0,34676.605485
2025-02-19,1862514.0,131.3646,340075730.54,244668406.60439998,0.0,0.0,0.0,-0.050142171845573145,0.0,87031.8
2025-02-20,1913514.0,131.749,347790052.67,252103555.986,51000.0,6719199.0,0.026652535596812982,3.0,1343839.8,422991.75
2025-02-21,1913514.0,131.5958,347385632.0,251810405.6412,0.0,0.0,0.0,-0.17399515550577355,1343839.8,422991.75
2025-02-24,1905544.0,132.2116,349011200.82,251935021.11040002,-7970.0,-1053726.452,-0.004182532652093051,-1.0402496894551068,1133094.5096,370305.42740000004
2025-02-25,1905544.0,133.2975,351877922.04,254004251.34000003,0.0,0.0,0.0,-0.14291372866694566,1133094.5096,370305.42740000004
2025-02-26,1905544.0,135.4835,357648503.64,258169770.524,0.0,0.0,0.0,-0.14108053974370602,1133094.5096,370305.42740000004
2025-02-27,1935595.0,134.8541,364359670.23,261022921.68949997,30051.0,4052500.5590999997,0.01552545857991987,2.8625157049157797,599754.8214199999,572930.455355
2025-02-28,1935595.0,135.6324,366462338.66,262529395.27799997,0.0,0.0,0.0,-0.19749905589725714,599754.8214199999,572930.455355
2025-03-03,1935595.0,135.8955,367173169.95,263038650.3225,0.0,0.0,0.0,-0.1950989406884305,810500.11182,572930.455355
2025-03-04,1943337.0,132.4214,360980743.57,257339406.2118,7742.0,1025206.4788,0.003983868984123701,0.6002438098577341,1015541.40758,624190.779295
2025-03-05,1943337.0,134.2729,366028011.39,260937494.6673,0.0,0.0,0.0,-0.2084247177785737,1015541.40758,624190.779295
2025-03-06,1951337.0,134.4801,367668679.13,262415994.89369997,8000.0,1075840.8,0.004099753143613841,0.6259311783059298,420209.45576,677982.819295
2025-03-07,1951337.0,134.709,368294491.39,262862655.933,0.0,0.0,0.0,-0.2215796932886708,420209.45576,590951.019295
2025-03-10,1951337.0,132.9348,363443832.83,259400593.8276,0.0,0.0,0.0,-0.2191446300460907,420209.45576,590951.019295
2025-03-11,1951337.0,130.8457,357732252.37,255324055.7009,0.0,0.0,0.0,-0.2167881796513017,215168.15999999997,590951.019295
2025-03-12,1951337.0,130.0994,361019205.47,253867772.8978,0.0,0.0,0.0,-0.21450619843140384,215168.15999999997,590951.019295
2025-03-13,1951337.0,130.2754,361507498.82,254211208.20979998,0.0,0.0,0.0,-0.2122948423787899,0.0,590951.019295
2025-03-14,1951337.0,132.1413,366685284.68,257852207.9181,0.0,0.0,0.0,-0.21015053983449222,0.0,590951.019295
2025-03-17,1951337.0,133.5801,370677811.29,260659791.59369996,0.0,0.0,0.0,-0.2080699671563819,0.0,590951.019295
2025-03-18,1951337.0,135.6892,376530577.43,264775356.4604,0.0,0.0,0.0,-0.20605002699405886,0.0,590951.019295
2025-03-19,1951337.0,136.2324,378037869.5,265835322.71880004,0.0,0.0,0.0,-0.204087828846528,0.0,590951.019295
2025-03-20,1951337.0,135.1951,375159379.98,263811200.8487,0.0,0.0,0.0,-0.2021806716243482,0.0,254991.069295
2025-03-21,1951337.0,135.6398,376393449.8,264678960.4126,0.0,0.0,0.0,-0.2003260279763921,0.0,254991.069295
2025-03-24,1951337.0,135.3633,375626116.62,264139415.7321,0.0,0.0,0.0,-0.19852153017388988,0.0,307677.391895
2025-03-25,1959286.0,137.0001,380168326.07,268422377.9286,7949.0,1089013.7949,0.004057090184893885,0.7354554798565905,217802.75898,362128.08164
2025-03-26,1959286.0,136.5978,379051956.12,267634157.1708,0.0,0.0,0.0,-0.21036305565366062,217802.75898,362128.08164
2025-03-27,1959286.0,136.5,378780667.37,267442539.0,0.0,0.0,0.0,-0.2085544131276754,217802.75898,159503.053685
2025-03-28,1967286.0,135.3457,377703508.18,266263700.77019998,8000.0,1082765.5999999999,0.004066516002248783,0.7474161221330418,434355.8789799999,213641.33368500002
2025-03-31,1976786.0,133.5846,374057891.14,264068167.09559998,9500.0,1269053.7,0.004805780696544796,0.9099106358211771,688166.61898,277094.018685
2025-04-01,1968958.0,135.2417,379773097.02,266285227.1486,-7828.0,-1058672.0276000001,-0.003975706947532655,-1.163363556624484,258629.45447999993,172900.093365
2025-04-02,1968958.0,135.7604,381229556.95,267306525.66320002,0.0,0.0,0.0,-0.21572927691256297,258629.45447999993,172900.09336499998
2025-04-03,1968958.0,134.1469,377740370.78,264129611.93019998,0.0,0.0,0.0,-0.21401170728234906,258629.45447999993,119108.05336499999
2025-04-04,1968958.0,126.3216,355705302.81,248721924.8928,0.0,0.0,0.0,-0.21233454320614642,42076.33447999996,119108.05336499999
2025-04-07,1968958.0,119.8705,337540018.85,236019979.939,0.0,0.0,0.0,-0.2106962240294724,-211734.40552000003,119108.05336499999
2025-04-08,1968958.0,123.18,346858978.41,242536246.44000003,0.0,0.0,0.0,-0.20909527225091398,0.0,119108.05336499999
2025-04-09,1968958.0,120.447,339163348.24,237155084.226,0.0,0.0,0.0,-0.207530287908322,0.0,119108.05336499999
2025-04-10,1985458.0,125.6541,355899032.64,249480938.0778,16500.0,2073292.65,0.008310425100908706,1.8010964648797534,414658.52999999997,222772.68586499998
2025-04-11,1985458.0,125.4247,355249357.3,249025474.0126,0.0,0.0,0.0,-0.2284179760797434,414658.52999999997,222772.68586499998
2025-04-14,1985458.0,128.7204,364584002.86,255568947.94320002,0.0,0.0,0.0,-0.22676537368696845,414658.52999999997,222772.68586499998
2025-04-15,1985458.0,131.4753,372386950.73,261038686.1874,0.0,0.0,0.0,-0.22514815261054574,414658.52999999997,222772.68586499998
2025-04-16,1985458.0,132.1162,374202293.98,262311166.2196,0.0,0.0,0.0,-0.22356506735213597,414658.52999999997,222772.68586499998
2025-04-17,1985458.0,131.8715,373509216.62,261825324.64699998,0.0,0.0,0.0,-0.22201493297847522,0.0,222772.68586499998
2025-04-22,1985458.0,133.392,377815678.81,264844213.53599998,0.0,0.0,0.0,-0.22049662138462853,0.0,222772.68586499998
2025-04-23,1985458.0,135.4097,383530633.18,268850272.1426,0.0,0.0,0.0,-0.21900905783536154,0.0,222772.68586499998
2025-04-24,2153458.0,135.12,405410088.98,290975244.96000004,168000.0,22700160.0,0.07801405924796304,3.0,4540032.0,1303329.9961199998
2025-04-25,2153385.0,136.9205,411874199.12,294842550.8925,-73.0,-9995.1965,-3.39001153997079e-05,-0.19525975623380834,4538032.9607,1302830.236295
2025-04-28,2161185.0,137.9492,416044845.65,298133741.802,7800.0,1076003.76,0.003609131101687269,0.1869640835567544,4753233.7127,1356630.4242949998
2025-04-29,2161185.0,137.6772,415224469.9,297545899.482,0.0,0.0,0.0,-0.1940000548302567,4753233.7127,1302492.1442949998
2025-04-30,2169185.0,136.8498,413823740.55,296852533.413,8000.0,1094798.4,0.0036880210770404553,0.19767903508367066,4972193.3927,1293779.3792949999
2025-05-02,2169185.0,138.4881,418778033.42,300406309.1985,0.0,0.0,0.0,-0.19637546894333105,432161.3926999999,1346712.980675
2025-05-05,2156185.0,139.2227,420999286.31,300189897.3995,-13000.0,-1809895.1,-0.006029167256056414,-0.8378006155756302,72181.41199999997,1256218.2256749999
2025-05-06,2156185.0,139.3465,421373585.38,300456833.10249996,0.0,0.0,0.0,-0.18550161840460766,-143019.34000000003,1256218.2256749999
2025-05-07,2184185.0,138.8367,424789660.93,303245037.5895,28000.0,3887427.6,0.012819426925832747,1.189959217834507,634466.1799999999,1450589.605675
2025-05-08,2184185.0,138.9452,425121585.87,303482021.662,0.0,0.0,0.0,-0.19784348763022,415506.5,1450589.605675
2025-05-09,2184185.0,139.616,427173939.98,304947172.96000004,0.0,0.0,0.0,-0.19668491516688413,415506.5,1450589.605675
2025-05-12,2184185.0,140.651,430340584.48,307207804.435,0.0,0.0,0.0,-0.19554646893740057,777485.52,1450589.605675
2025-05-13,2184185.0,141.8279,433941532.33,309778371.7615,0.0,0.0,0.0,-0.19442757268475439,777485.52,1346924.973175
2025-05-14,2184185.0,142.555,436166278.6,311366492.675,0.0,0.0,0.0,-0.19332767299800954,0.0,1346924.973175
2025-05-15,2253185.0,143.485,448912054.67,323298249.725,69000.0,9900465.000000002,0.030623317659224613,3.0,1980093.0000000005,1841948.223175
2025-05-16,2432218.0,144.8654,479166500.66,352344233.4572,179033.0,25935687.1582,0.07360894459296001,3.0,7167230.431640001,3138732.581085
2025-05-19,2432218.0,145.2169,480329218.31,353199158.0842,0.0,0.0,0.0,-0.23453062160705382,7167230.431639999,3138732.581085
2025-05-20,2432218.0,147.527,489039868.83,358817824.886,0.0,0.0,0.0,-0.23323794867532285,7167230.431639999,3138732.581085
2025-05-21,2432218.0,147.3639,488499321.46,358421130.1302,0.0,0.0,0.0,-0.23196642943600565,7167230.431639999,3138732.581085
2025-05-22,2460418.0,147.0464,507161704.14,361795609.3952,28200.0,4146708.48,0.01146146711656312,0.735559990877434,6016479.12764,3346068.005085
2025-05-23,2610418.0,145.3078,522961339.82000005,379314096.6604,150000.0,21796169.999999996,0.05746206163150882,3.0,5188575.695999999,3300868.505085
2025-05-26,2603192.0,146.5166,527311712.4200001,381410840.9872,-7226.0,-1058728.9516,-0.0027758229127932167,-0.4732967458036212,4976829.905679999,3248431.81733
2025-05-27,2593557.0,146.7398,528115136.48,380578035.46860003,-9635.0,-1413837.973,-0.0037149752251444635,-0.5427273279505009,4694062.3110799985,3123939.7306799996
2025-05-28,2593557.0,145.3029,524133575.93,376851353.4153,0.0,0.0,0.0,-0.25177158037786995,4694062.3110799985,3123939.7306799996
2025-05-29,2586331.0,145.4685,525782364.26,376229691.07350004,-7226.0,-1051155.381,-0.002793919262460992,-0.46781952984798825,3654489.538879999,3016642.04163
2025-05-30,2586331.0,145.8312,527093039.36,377167753.3272,0.0,0.0,0.0,-0.24684840546862624,-704744.4611200008,3016642.04163
2025-06-02,2586331.0,146.351,528971806.71000004,378512128.181,0.0,0.0,0.0,-0.24559770312693166,-492998.6708000008,3107136.7966299998
2025-06-03,2586331.0,145.5807,526187678.69,376519877.4117,0.0,0.0,0.0,-0.24436583200359405,-210231.07620000077,3107136.7966299998
2025-06-04,2593557.0,145.3007,525175695.79999995,376845647.5899,7226.0,1049942.8582000001,0.0027861350261436323,-0.022139830188566998,-242.50456000072882,2965262.55954
2025-06-05,2601557.0,146.3522,530147210.0899999,380743590.3754,8000.0,1170817.6,0.0030750815761484375,0.0010018998257480313,444152.0916399993,3023803.4395399997
2025-06-06,2608786.0,146.8055,531789279.62,382984133.12299997,7229.0,1061256.9594999999,0.0027710206969831946,-0.02336300826175891,656403.4835399992,3076866.287515
2025-06-09,2608786.0,146.8415,531919679.04,383078049.41899997,0.0,0.0,0.0,-0.24624544500402343,656403.4835399992,3076866.287515
2025-06-10,2608786.0,146.5479,530855958.9499999,382312109.8494,0.0,0.0,0.0,-0.24506574694439823,656403.4835399992,3076866.287515
2025-06-11,2615937.0,145.6459,528630328.84,381000498.70830005,7151.0,1041513.8309000001,0.0027336285239285196,-0.021980175063189444,654717.6780799993,3128941.97906
2025-06-12,2615937.0,145.1785,526933678.10999995,379777809.75450003,0.0,0.0,0.0,-0.24482956119526333,420554.1580799992,2633918.72906
2025-06-13,2615937.0,143.3391,520257322.4499999,374966055.2367,0.0,0.0,0.0,-0.24368834669813877,208302.76617999928,1337134.3711499998
2025-06-16,2608704.0,145.4016,527743460.97,379309735.5264,-7233.0,-1051689.7728,-0.0027726411275483913,-0.47029946696514624,-2035.188380000717,1284549.88251
2025-06-17,2608704.0,143.5376,520978004.55,374447111.2704,0.0,0.0,0.0,-0.23927129448400755,-2035.188380000717,1284549.88251
2025-06-18,2608704.0,143.6564,521409090.6,374757025.3056,0.0,0.0,0.0,-0.23818744201629036,-210337.95456000074,1284549.88251
2025-06-19,2568339.0,141.8128,510390592.02,364223344.93920004,-40365.0,-5724273.672,-0.015716383234456198,-1.5299361709845742,-1355192.6889600009,791000.7749099998
2025-06-20,2508029.0,142.8995,506728139.27,358396090.0855,-60310.0,-8618268.844999999,-0.02404677138900706,-2.167721913978362,-3078846.4579600007,-729721.1673399999
2025-06-23,2508029.0,142.8112,506414877.06,358174631.1248,0.0,0.0,0.0,-0.20054882834602547,-2868508.5034000007,-676784.71976
2025-06-24,2508029.0,144.8288,513569447.49,363234830.4352,0.0,0.0,0.0,-0.19968476738368823,-2868508.5034000007,-606092.82111
2025-06-25,2508029.0,142.5231,505393263.81,357452067.9699,0.0,0.0,0.0,-0.19968476738368823,-2868508.5034000007,-606092.82111
2025-06-26,2508029.0,142.6198,505736189.12,357694594.3742,0.0,0.0,0.0,-0.19968476738368823,-1723653.7690000006,-553535.0520599999
2025-06-27,2508029.0,144.2763,511610099.84,361849144.4127,0.0,0.0,0.0,-0.19968476738368823,0.0,-553535.0520599999
2025-06-30,2508029.0,144.5215,512479689.12,362464113.1235,0.0,0.0,0.0,-0.19968476738368823,0.0,-553535.0520599999
2025-07-01,2508029.0,144.5937,512735744.36,362645192.8173,0.0,0.0,0.0,-0.19968476738368823,0.0,-553535.0520599999
2025-07-02,2508029.0,145.2623,515106659.65999997,364322061.00670004,0.0,0.0,0.0,-0.19968476738368823,0.0,-606032.19497
2025-07-03,2508029.0,146.6974,520195428.84999996,367921333.42459995,0.0,0.0,0.0,-0.19968476738368823,0.0,-664573.07497
2025-07-04,2487129.0,145.2355,511976179.77,361219423.87950003,-20900.0,-3035421.95,-0.008403263361088226,-0.8838658525792168,-607084.3900000008,-869407.020445
2025-07-07,2487129.0,146.2901,515693811.31,363842350.1229,0.0,0.0,0.0,-0.19330164090514002,-607084.3900000008,-869407.020445
2025-07-08,2487129.0,146.3922,516053633.87,364096285.9938,0.0,0.0,0.0,-0.19330164090514002,-607084.3900000008,-869407.020445
2025-07-09,2487129.0,148.2105,522463477.6399999,368618632.6545,0.0,0.0,0.0,-0.19330164090514002,-607084.3900000008,-921482.7119900001
2025-07-10,2486070.0,147.0374,518328156.5,365545269.018,-1059.0,-155712.6066,-0.0004259735244783936,-0.22800149294026792,-638226.9113200008,-929268.34232
2025-07-11,2486070.0,145.6569,513609424.07000005,362113249.383,0.0,0.0,0.0,-0.19299796735788421,-31142.521320000746,-929268.34232
2025-07-14,2484036.0,145.9391,514457529.81,362517978.2076,-2034.0,-296840.1294,-0.0008188287126273531,-0.2632302603537796,-90510.54720000074,-891525.8601499998
2025-07-15,2482712.0,144.2606,508540506.94,358157522.7472,-1324.0,-191001.0344,-0.0005332877917374226,-0.23935528306585122,-128710.75408000076,-901075.91187
2025-07-16,2481682.0,144.391,509000292.93,358332545.662,-1030.0,-148722.72999999998,-0.0004150410890678177,-0.22932995089939096,-158455.30008000074,-908512.04837
2025-07-17,2480285.0,145.5202,512980933.07,360931569.25699997,-1397.0,-203291.71939999997,-0.0005632417242373356,-0.24111348516482004,-167971.1226400007,-632462.95074
2025-07-18,2428961.0,145.4607,505498346.24,353318367.3327,-51324.0,-7465624.9668000005,-0.021130022260546794,-1.8892583449359264,-1661096.1160000009,-574830.7568300001
2025-07-21,2428961.0,145.898,507017877.97,354380551.978,0.0,0.0,0.0,-0.1775870666155226,-1601728.0901200008,-574830.7568300001
2025-07-22,2391561.0,146.0004,501913427.59,349168862.6244,-37400.0,-5460414.960000001,-0.015638321581594616,-1.4216953526116127,-2655610.875240001,-847851.5048300002
2025-07-23,2391561.0,146.2743,502854881.6,349823911.18230003,0.0,0.0,0.0,-0.1656158654402471,-2625866.329240001,-847851.5048300002
2025-07-24,2387708.0,148.2362,509599531.4,353944760.6296,-3853.0,-571154.0786,-0.001613681404928911,-0.2940740155159734,-2699438.8010800006,-876409.2087600001
2025-07-25,2387708.0,148.0348,508907314.65,353463876.2384,0.0,0.0,0.0,-0.1644945852627503,-1206313.8077200009,-876409.2087600001
2025-07-28,2387708.0,147.8755,508359824.54,353083514.354,0.0,0.0,0.0,-0.1644945852627503,-1206313.8077200009,-876409.2087600001
2025-07-29,2386649.0,149.1987,512908458.33000004,356084928.1563,-1059.0,-158001.4233,-0.00044371836830635754,-0.19981757224337873,-145831.10038000075,-884309.2799250002
2025-07-30,2375998.0,149.5413,514086421.9599999,355309829.7174,-10651.0,-1592764.3863000001,-0.004482747881100911,-0.5160852776677789,-464383.97764000075,-963947.4992400002
2025-07-31,2373879.0,149.7103,514667593.52,355394137.25369996,-2119.0,-317236.1257,-0.0008926318485483043,-0.22730184583870056,-413600.38706000074,-979809.305525
2025-08-01,2373879.0,146.8991,505003401.47,348720688.6089,0.0,0.0,0.0,-0.15566315634409106,-413600.38706000074,-828038.2080250002
2025-08-04,2371543.0,149.5903,514255022.22,354759828.83290005,-2336.0,-349442.94080000004,-0.0009850127111336374,-0.23402686055394217,-483488.9752200007,-845510.355065
2025-08-05,2368075.0,149.8121,515017570.15999997,354766288.7075,-3468.0,-519548.36279999994,-0.001464480643560698,-0.27146538235168804,-555798.3631200008,-871487.773205
2025-08-06,2366630.0,151.1536,519629427.24000007,357724644.36800003,-1445.0,-218416.95200000002,-0.0006105728398608992,-0.202534737494205,-280928.87626000075,-882408.620805
2025-08-07,2366630.0,152.7567,525140457.5199999,361518588.921,0.0,0.0,0.0,-0.15355310930245622,-217481.65112000075,-874622.9904750001
2025-08-08,2366630.0,154.1516,529935693.0,364819801.108,0.0,0.0,0.0,-0.15355310930245622,-217481.65112000075,-874622.9904750001
2025-08-11,2337852.0,154.4796,528746204.0199999,361150441.81920004,-28778.0,-4445613.9288,-0.012309590170806363,-1.1268305443449629,-1036715.8487200007,-1082061.680445
2025-08-12,2335444.0,154.5131,528861098.4100001,360856692.3164,-2408.0,-372067.54480000003,-0.0010310673259560069,-0.21194078749463424,-1007219.6851200007,-1091115.005965
2025-08-13,2333855.0,156.184,534580242.59000003,364510809.32,-1589.0,-248176.376,-0.0006808477818887634,-0.18304866181560228,-1013171.5699200009,-1096087.688265
2025-08-14,2330122.0,158.1193,541204396.67,368437259.5546,-3733.0,-590259.3469,-0.0016020620379533777,-0.2597059205368058,-1131223.4393000007,-1115436.0696400001
2025-08-15,2327497.0,158.8558,543725370.56,369736397.93259996,-2625.0,-416996.475,-0.0011278210025619797,-0.22040911468557703,-1214622.7343000008,-763004.64505
2025-08-18,2324727.0,158.5863,542802691.54,368669853.4401,-2770.0,-439284.051,-0.0011915377590573,-0.22474326448906426,-413356.7587400007,-784968.8476000001
2025-08-19,2331527.0,159.129,545742413.74,371013559.983,6800.0,1082077.2,0.0029165435356313697,0.11786630082849012,-122527.80978000075,-457844.2396
2025-08-20,2330323.0,159.0055,545319014.48,370534173.77650005,-1204.0,-191442.622,-0.0005166665736895701,-0.16195134610118936,-111181.05898000076,-467416.3707
2025-08-21,2327867.0,159.1226,545720699.46,370416249.4942,-2456.0,-390805.1056,-0.0010550430930976727,-0.20514335742303078,-71290.21072000076,-458398.92205
2025-08-22,2327867.0,160.0919,549045054.1,372672650.97730005,0.0,0.0,0.0,-0.11636332504428762,12109.08427999923,-458398.92205
2025-08-25,2322323.0,158.7196,545370113.32,368598177.6308,-5544.0,-879941.4624000001,-0.002387264820612809,-0.30944296080367445,-76022.39800000079,-502395.99517
2025-08-26,2317987.0,157.2129,541234532.02,364417458.4323,-4336.0,-681675.1344,-0.0018705885753457635,-0.26321262689910613,-428772.8648800008,-528579.680725
2025-08-27,2317987.0,156.2636,537966130.66,362216993.3732,0.0,0.0,0.0,-0.1106314454295547,-390484.3404800008,-448941.46141
2025-08-28,2317987.0,156.788,539771542.48,363432545.75600004,0.0,0.0,0.0,-0.1106314454295547,-312323.31936000084,-433079.65512499993
2025-08-29,2330910.0,155.3757,535639018.51000005,362166772.88699996,12923.0,2007920.1711,0.005544186605231433,0.33768542473079666,89260.71485999916,-332683.64657
2025-09-01,2310431.0,155.4081,535750684.81999993,359059691.8911,-20479.0,-3182602.4798999997,-0.008863714172810181,-0.8286412881314336,-371271.48864000075,-474341.623525
2025-09-02,2310431.0,152.9617,527317108.36,353407453.49270004,0.0,0.0,0.0,-0.10801864472074729,-234936.46176000073,-448364.205385
2025-09-03,2309396.0,153.8448,530361581.16,355288565.74079996,-1035.0,-159229.368,-0.0004481691316690598,-0.1441457302471039,-266782.3353600007,-445404.826185
2025-09-04,2309396.0,155.1849,534981396.62999994,358383387.3204,0.0,0.0,0.0,-0.10771085084076612,-266782.3353600007,-445404.826185
2025-09-05,2311386.0,154.4818,532557383.08000004,357067069.7748,1990.0,307418.782,0.0008609552882988821,-0.03830254917928357,-606882.6131800007,-430033.88708499994
2025-09-08,2311386.0,156.0539,537977147.93,360700799.7054,0.0,0.0,0.0,-0.10829877820285361,29637.882799999206,-207753.19064500002
2025-09-09,2311386.0,156.2771,538746704.84,361216701.0606,0.0,0.0,0.0,-0.10829877820285361,29637.882799999206,-189149.813405
2025-09-10,2311386.0,158.2901,545686220.85,365869521.0786,0.0,0.0,0.0,-0.10829877820285361,61483.75639999921,-176740.994605
2025-09-11,2311386.0,159.3679,549401876.37,368360732.9094,0.0,0.0,0.0,-0.10829877820285361,61483.75639999921,-147228.02726000003
2025-09-12,2317886.0,159.2309,548929110.59,369079073.8774,6500.0,1035000.85,0.002804279416675367,0.1205574125504463,207000.1699999992,-74628.16101000001
2025-09-15,2317886.0,160.1307,552031048.02,371164707.70019996,0.0,0.0,0.0,-0.10746572604369238,207000.1699999992,-52663.958460000016
2025-09-16,2416481.0,157.7178,559263311.51,381122067.0618,98595.0,15550186.491,0.04080106568187376,3.0,3317037.468199999,670741.50609
2025-09-17,2421275.0,157.3437,559926657.26,380972367.21750003,4794.0,754305.6978000001,0.0019799485808096972,0.02619985764715187,3467898.6077599996,718028.9220799999
2025-09-18,2430324.0,157.8422,561700309.14,383607686.8728,9049.0,1428314.0677999998,0.0037233718631754444,0.16299775004427394,3753561.4213199997,808984.88075
2025-09-19,2430324.0,158.7366,565953880.52,385781368.6584,0.0,0.0,0.0,-0.13032792325207557,3546561.2513199993,808984.88075
2025-09-22,2460324.0,156.8737,564018071.54,385960129.0788,30000.0,4706211.0,0.012193515975944631,0.8120351397286469,4487803.451319998,1088292.50387
2025-09-23,2466824.0,157.6873,568362635.55,388986816.13519996,6500.0,1024967.45,0.0026349670669654586,0.06567929775995907,1582759.6431199992,1173624.63309
2025-09-24,2466824.0,158.0681,570801084.02,389926182.7144,0.0,0.0,0.0,-0.13960799559649795,1431898.5035599992,1173624.63309
2025-09-25,2466824.0,157.6324,569227787.18,388851387.49759996,0.0,0.0,0.0,-0.13960799559649795,1146235.689999999,1173624.63309
2025-09-26,2466824.0,159.681,576625419.68,393904923.14400005,0.0,0.0,0.0,-0.13960799559649795,1146235.689999999,1073228.624535
2025-09-29,2466824.0,159.3298,576316758.93,393038574.55520004,0.0,0.0,0.0,-0.13960799559649795,204993.48999999906,1232358.74853
2025-09-30,2466824.0,160.9742,582264706.65,397095019.9408,0.0,0.0,0.0,-0.13434915781618095,0.0,1232358.74853
2025-10-01,2466824.0,161.6383,584666925.49,398733237.7592,0.0,0.0,0.0,-0.13434915781618095,0.0,1240320.2169299999
2025-10-02,2463211.0,161.1911,583049114.95,397047690.6221,-3613.0,-582383.4443,-0.0014667846156906574,-0.24774224977088308,-116476.68886000093,1211201.0447149999
2025-10-03,2452372.0,162.1161,586395013.0,397568984.3892,-10839.0,-1757176.4079,-0.004419802542191805,-0.474710440523251,-467911.97044000094,1107971.28522
2025-10-06,2423467.0,161.8168,585312401.07,392157674.8456,-28905.0,-4677314.604,-0.01192712754083303,-1.0470058153805584,-1403374.8912400012,874105.5550199999
2025-10-07,2421058.0,161.504,584180868.92,391010551.232,-2409.0,-389063.136,-0.0009950195327827751,-0.19857752792727446,-1481187.5184400012,854652.3982199999
2025-10-08,2421058.0,163.0812,589885982.7,394829043.90959996,0.0,0.0,0.0,-0.12142363630026959,-1481187.5184400012,854652.3982199999
2025-10-09,2389745.0,162.1044,586352859.06,387388179.378,-31313.0,-5075975.0772,-0.013103071666642256,-1.1229915657214555,-2379905.8450200013,600853.6443599999
2025-10-10,2388821.0,160.9736,582262834.39,384537116.12560004,-924.0,-148739.60640000002,-0.00038680169003872623,-0.1093633190510469,-2058218.4847200015,541666.62154
2025-10-13,2377050.0,161.6446,591188063.26,384237296.43,-11771.0,-1902718.5866,-0.004951936223470268,-0.524467103600518,-1503299.281240001,446530.69221
2025-10-14,2377050.0,162.1087,592885518.74,385340485.335,0.0,0.0,0.0,-0.06723396431438677,-1425486.654040001,-330978.63234000007
2025-10-15,2377050.0,161.9465,592292349.97,384954927.825,0.0,0.0,0.0,-0.06723396431438677,-1425486.654040001,-368693.9172300001
2025-10-16,2375533.0,162.721,595124851.3,386549105.293,-1517.0,-246847.757,-0.0006385935282734444,-0.12258059292927179,-459661.19000000117,-452452.00847000006
2025-10-17,2362285.0,162.2595,593437193.36,383303182.9575,-13248.0,-2149613.856,-0.005608129417068644,-0.5738394976525146,-859836.039920001,-559932.7012700001
2025-10-20,2368785.0,164.6181,603133440.68,389944886.0085,6500.0,1070017.65,0.0027440227796106443,0.1856286926720746,-265288.7926000012,-741742.3687700002
2025-10-21,2368785.0,163.9783,600789322.65,388429337.3655,0.0,0.0,0.0,-0.06636618298440558,-265288.7926000012,-792990.7412700001
2025-10-22,2372285.0,164.1266,601332659.75,389355071.281,3500.0,574443.1,0.001475370792295192,0.07821261723774718,-150400.1726000012,-764268.5862700001
2025-10-23,2360241.0,164.237,601736944.36,387638901.117,-12044.0,-1978070.4279999998,-0.005102868732472658,-0.5245314543445176,-496644.7068000012,-863172.10767
2025-10-24,2360241.0,165.0148,604586754.62,389474696.5668,0.0,0.0,0.0,-0.05399934915184296,-66721.93560000118,-863172.10767
2025-10-27,2363741.0,166.4534,620161783.92,393452726.1694,3500.0,582586.8999999999,0.0014807036811562686,0.0813962762553388,-164208.08560000118,-834042.7626700001
2025-10-28,2343245.0,167.3567,625139696.71,392157750.49149996,-20496.0,-3430142.9231999996,-0.008746844653461332,-0.8523186553401063,-850236.670240001,-1005549.9088300001
2025-10-29,2328793.0,168.0085,627574334.28,391257018.7405,-14452.0,-2428058.842,-0.006205789866252605,-0.613006496717305,-1450737.0586400009,-1126952.8509300002
2025-10-30,2322932.0,167.3176,627411450.69,388667407.2032,-5861.0,-980648.4536,-0.002523104421481128,-0.2581047475882293,-1251252.6637600013,-1146866.1013950002
2025-10-31,2331932.0,167.235,630822326.77,389980648.02000004,9000.0,1505115.0000000002,0.0038594607389923893,0.5240979619504526,-950229.6637600012,-983751.5310000002
2025-11-03,2327115.0,167.3009,631071246.27,389328433.9035,-4817.0,-805888.4353,-0.0020699449747863773,-0.20604101068269037,-1227924.7308200013,-790180.2225650001
2025-11-04,2333115.0,167.2898,633043996.45,390306341.72700006,6000.0,1003738.8,0.0025716692061900077,0.3642710887713908,-341148.3861800012,-720540.125765
2025-11-05,2323480.0,168.5013,637628376.24,391509400.524,-9635.0,-1623510.0254999998,-0.004146797045810594,-0.4602120676028374,-180238.6228800011,-801715.62704
2025-11-06,2327580.0,168.7081,638411019.56,392681599.398,4100.0,691703.21,0.0017614861787779582,0.28074546774424003,154231.70983999892,-513331.71268000006
2025-11-07,2327580.0,166.4378,629819783.81,387397294.52400005,0.0,0.0,0.0,0.16199587353718178,-146791.29016000114,-505894.73235999997
2025-11-10,2327580.0,169.3772,643259554.39,394238983.176,0.0,0.0,0.0,0.1581926701156552,14386.396899998863,-410758.80303
2025-11-11,2320354.0,171.538,651465700.97,398028884.452,-7226.0,-1239533.588,-0.0031141799915012968,-0.3607649001677099,-434268.0807000011,-472735.48243000003
2025-11-12,2319198.0,173.917,660500824.13,403347958.566,-1156.0,-201048.052,-0.000498448170445128,0.07517287868867317,-149775.68600000118,-482787.88503
2025-11-13,2327585.0,173.513,660701823.83,403866256.105,8387.0,1455253.531,0.0036033055720843706,0.747385495810678,2934.3781999988482,-397682.8206300001
2025-11-14,2343924.0,171.088,657113790.27,401017269.312,16339.0,2795406.832,0.006970789155279779,1.2879783276813357,562015.7445999988,-150431.78623000003
2025-11-17,2343924.0,169.2691,650127880.5,396753905.9484,0.0,0.0,0.0,0.13833558188180392,562015.7445999988,-203932.66872999998
2025-11-18,2345924.0,165.6497,636226673.75,388601606.8228,2000.0,331299.39999999997,0.000852542537609914,0.27769941295442063,876182.3421999989,-187367.69873
2025-11-19,2345924.0,166.3055,638905686.45,390140063.782,0.0,0.0,0.0,0.14115946098437956,916391.9525999989,-216089.85373
2025-11-20,2349454.0,167.3446,642897247.85,393168439.84840006,3530.0,590726.4380000001,0.0015024767456609067,0.391853666006589,743486.5339999988,-87650.01043
2025-11-21,2368383.0,165.6159,639042025.44,392241882.08970004,18929.0,3134943.3711,0.007992372855234985,1.4467125145044142,811393.8418199989,69097.158125
2025-11-24,2375758.0,167.1429,644934024.34,397091081.8182,7375.0,1232678.8875,0.0031042724048493155,0.6393452784207475,1057929.619319999,101601.7575
2025-11-25,2378648.0,168.95,651906845.04,401872579.59999996,2890.0,488265.49999999994,0.00121497590227726,0.32806969635150296,1089322.8393199989,297522.17866
2025-11-26,2380276.0,171.2757,660880702.23,407683438.0932,1628.0,278836.8396,0.0006839542977369011,0.24419461663512126,1145090.207239999,432866.96274000005
2025-11-27,2408001.0,171.331,663663744.57,412565219.331,27725.0,4750151.975,0.011513699537500192,1.970784905917605,1976975.314639999,719406.9841699998
2025-11-28,2417509.0,171.4876,665642324.91,414572816.38839996,9508.0,1630504.1008,0.003932973982723539,0.7415573175737037,1676087.4605799988,725676.4392099999
2025-12-01,2457397.0,171.6736,672887836.75,421870189.6192,39888.0,6847716.556799999,0.01623180951226033,2.616459065885999,2799094.994439999,1108356.688815
2025-12-02,2466897.0,172.562,678009244.18,425692680.114,9500.0,1639339.0,0.003850991751986402,0.6762213955656531,3029309.694439999,1140136.6988149998
2025-12-03,2466897.0,173.7407,682640369.68,428600411.6079,0.0,0.0,0.0,0.07583209775147665,2973542.3265199987,1221312.20009
2025-12-04,2470897.0,175.4306,699362837.3,433470943.2482,4000.0,701722.4,0.0016188453019288138,0.3131410411170351,2163856.4115199987,1221813.1595899998
2025-12-05,2470897.0,174.8225,698213178.13,431968390.78249997,0.0,0.0,0.0,0.024117470454849042,1837755.5913599986,1221813.1595899998
2025-12-08,2470897.0,175.065,699181746.71,432567583.305,0.0,0.0,0.0,0.024117470454849042,468212.27999999886,1221813.1595899998
2025-12-09,2489493.0,172.7514,695285204.41,430063401.0402,18596.0,3212485.0344,0.007469794050435168,1.277313852255469,782841.4868799988,1444414.09071
2025-12-10,2526924.0,173.0328,706058275.43,437240735.1072,37431.0,6476790.7368,0.014812871301234227,2.43528381605967,2078199.6342399989,1778306.03015
2025-12-11,2528549.0,174.2805,712437100.66,440676783.9945,1625.0,283205.8125,0.0006426610676716172,0.09780587311966296,1994496.3167399988,1719703.644225
2025-12-12,2527674.0,173.9815,711215092.49,439768514.031,-875.0,-152233.8125,-0.00034616805806444973,-0.06476333042898819,1964049.5542399988,1572321.612
2025-12-15,2548619.0,175.9118,725154939.62,448332155.8042,20945.0,3684472.651,0.00821817619659902,1.3260850913745543,2700944.084439999,1756545.2445499997
2025-12-16,2551316.0,174.8429,722147620.99,446079488.2564,2697.0,471551.30129999993,0.0010571015115336555,0.15270465037835537,2152757.3378199986,1763557.839615
2025-12-17,2562316.0,175.0066,725690174.89,448422211.2856,11000.0,1925072.5999999999,0.004292991184537738,0.6750527703047073,1242413.7104599988,1859811.469615
2025-12-18,2567601.0,177.0134,736686494.53,454499782.8534,5285.0,935515.8189999999,0.002058341619278073,0.30716625022105876,1372875.711759999,1877050.938665
2025-12-19,2563073.0,177.4177,740754397.66,454734516.59209996,-4528.0,-803347.3456,-0.0017666293546847868,-0.328905357100208,1242653.0051399989,1680136.4028299998
2025-12-22,2594849.0,177.2914,749153912.24,460044411.9986,31776.0,5633611.5264,0.012245799273869115,1.928967536882356,1632480.780219999,1900183.034775
2025-12-23,2594849.0,177.6141,753208998.7,460881769.7709,0.0,0.0,0.0,-0.05411810048959772,1538170.5199599988,1875769.7597750002
2025-12-24,2617538.0,177.5107,757492351.96,464641002.65660006,22689.0,4027540.2723000003,0.00866806900224562,1.3278756861086503,1958664.0544199988,2063204.9314100002
2025-12-29,2617538.0,177.7402,758471793.63,465241727.62759995,0.0,0.0,0.0,-0.06589725672482835,1771560.8906199993,1825697.33266
2025-12-30,2617538.0,179.3889,767699601.19,469557262.52820003,0.0,0.0,0.0,-0.06589725672482835,1932230.3597399988,1744172.12762
2025-12-31,2617538.0,178.8966,766117524.82,468268648.5708,0.0,0.0,0.0,-0.06700385840737887,805508.0544599991,1401786.29978
2026-01-02,2617538.0,180.7992,774265574.1,473248776.36960006,0.0,0.0,0.0,-0.06772366641855823,805508.0544599991,1319819.34978
2026-01-05,2616561.0,182.0807,781845289.7,476425258.4727,-977.0,-177892.8439,-0.0003733908745104739,-0.12781165604499026,-35578.56878000093,1310924.707585
2026-01-06,2616561.0,182.4158,786539219.8,477302068.0638,0.0,0.0,0.0,-0.06854050887879323,-35578.56878000093,1275838.5875849999
2026-01-07,2650834.0,181.8894,792886375.48,482158605.7596,34273.0,6233895.4062,0.012929138527723729,2.0362794757631955,1211200.5124599992,1587533.357895
2026-01-08,2657234.0,182.532,802432374.35,485030236.48800004,6400.0,1168204.8,0.002408519535727753,0.2796168734210045,1444841.4724599991,1645943.597895
2026-01-09,2647457.0,182.4763,803249455.3,483098157.7691,-9777.0,-1784070.7851,-0.003692977827401918,-0.7764300505768598,1088027.315439999,1396115.80692
2026-01-12,2650781.0,183.1821,807619885.35,485575630.2201,3324.0,608897.3004,0.0012539700563720653,0.07104339445478755,1245385.344299999,1102721.1351
2026-01-13,2644060.0,183.3764,813761756.99,484858204.18399996,-6721.0,-1232472.7844,-0.002541924162084068,-0.5789395914463499,998890.787419999,1026937.2052550002
2026-01-14,2638438.0,183.5277,815487447.05,484226457.73260003,-5622.0,-1031792.7294000001,-0.002130806181536197,-0.5048550387663165,-454246.83970000094,982959.25941
2026-01-15,2581831.0,182.9751,819110381.04,472410785.4081,-56607.0,-10357671.4857,-0.021925137625197003,-3.0,-2759422.0968400007,280852.052575
2026-01-16,2586331.0,183.6725,826426218.51,475037880.5975,4500.0,826526.2500000001,0.001739916507206541,0.17598250583273234,-2237302.689820001,298600.80001
2026-01-19,2586331.0,183.1991,825348467.79,473813511.5021,0.0,0.0,0.0,-0.111345689206119,-2359082.149900001,202347.17001
2026-01-20,2569221.0,180.7465,814299008.05,464377703.4765,-17110.0,-3092572.6149999998,-0.006659606160777916,-1.1754865818644362,-2731102.116020001,942.748310000007
2026-01-21,2569221.0,180.8942,816954018.14,464757177.4182,0.0,0.0,0.0,-0.10298304724318856,-2524743.5701400014,41110.11559000001
2026-01-22,2569221.0,183.2162,827440550.96,470722908.58019996,0.0,0.0,0.0,-0.10433043300599952,-453209.2730000011,-240570.46073
2026-01-23,2558112.0,181.9744,823833942.15,465510896.33280003,-11109.0,-2021553.6096,-0.004342655833677337,-0.7982341141734178,-1022825.2449200011,-341648.14121
2026-01-26,2561546.0,183.3868,831328712.36,469753723.9928,3434.0,629750.2712,0.0013405966553011344,0.11262734799105549,-896875.1906800012,-511537.64126500004
2026-01-27,2560324.0,184.6681,837136947.22,472810168.46440005,-1222.0,-225664.41820000001,-0.0004772833438267969,-0.17893567797512797,-323493.55132000113,-522820.862175
2026-01-28,2571195.0,182.6276,828434949.16,469571171.982,10871.0,1985344.6396,0.004227995154004267,0.5709267443150106,73575.37659999887,-423553.63019500003
2026-01-29,2569265.0,182.4383,828022149.03,468732338.8495,-1930.0,-352105.919,-0.000751187596452682,-0.24832635324676125,3154.1927999988666,-441158.92614500003
2026-01-30,2562055.0,185.4545,841711943.54,475144628.9975,-7210.0,-1337126.945,-0.002814147237276327,-0.582588287582131,140039.52571999887,-508015.273395
2026-02-02,2567164.0,187.8802,889643517.22,482319285.7528,5109.0,959879.9418,0.001990133859776781,0.1985007562240565,206065.4598399989,-451126.63411
2026-02-03,2573164.0,187.9195,890957028.3,483547692.298,6000.0,1127517.0,0.00233175965465085,0.24904305826507575,476701.7434799989,-394750.78411
2026-02-04,2599247.0,187.7559,895344995.71,488023959.8073,26083.0,4897237.1397,0.010034829317875525,1.4793092590789045,1059080.243499999,-461583.697435
2026-02-05,2596339.0,184.0562,878827219.79,477872290.2518,-2908.0,-535235.4295999999,-0.0011200386390220998,-0.3273789940741229,1022454.341379999,-546755.7089150001
2026-02-06,2594702.0,186.0948,891744993.8,482860549.7496,-1637.0,-304637.1876,-0.0006309009666620676,-0.2434193012574012,1228952.292859999,-472784.02904000005
2026-02-09,2594702.0,188.7032,905028282.42,489628570.44640005,0.0,0.0,0.0,-0.1419340278353514,1036976.3044999989,-503228.89406
2026-02-10,2599202.0,187.942,903050099.58,488499222.28400004,4500.0,845739.0,0.0017313006068785726,0.1348430756519567,980620.7044999988,-399318.30484
2026-02-11,2604702.0,187.1386,900219251.83,487440285.6972,5500.0,1029262.2999999999,0.0021115659296149806,0.19360673191270028,207025.73655999888,-296265.55337
2026-02-12,2609407.0,185.6017,894393402.8,484310375.19189996,4705.0,873255.9985,0.0018030916602891002,0.13811417734432246,488724.0221799988,265280.82084000006
2026-02-13,2652185.0,183.2717,887578529.32,486070453.6645,42778.0,7839996.7826000005,0.01612934241012599,2.380917394124584,2117650.816219999,615954.34747
2026-02-16,2657185.0,185.0899,898395171.2,491818105.9315,5000.0,925449.5,0.0018816905860901667,0.12108716195105454,2302740.716219999,662226.82247
2026-02-17,2675185.0,186.2034,908289388.26,498128542.62899995,18000.0,3351661.1999999997,0.006728506626644513,0.877409773999179,2803925.156219999,984438.5132200001
2026-02-18,2680466.0,188.7157,921790128.74,505846017.5162,5281.0,996607.6117,0.001970179812017761,0.1307872976841875,2797394.2185599986,1034268.893805
2026-02-19,2684800.0,186.8403,914124482.27,501628837.44000006,4334.0,809765.8602000001,0.0016142729439809298,0.061297069499347975,2784696.190899999,1074757.1868150001
2026-02-20,2689800.0,188.5865,923610600.44,507259967.7,5000.0,942932.5,0.0018588742657446651,0.0979591032068403,1405283.3343799987,1222981.4922950002
2026-02-23,2685423.0,189.645,935241977.97,509277044.83500004,-4377.0,-830076.165,-0.0016299108185190937,-0.45835570747585985,1054178.2013799988,1149990.170485
2026-02-24,2689090.0,188.6501,932410900.87,507297097.40900004,3667.0,691779.9167000001,0.0013636583379507566,0.018481395655273996,522201.9447199989,1195862.38723
2026-02-25,2686535.0,191.4612,947453539.8,514367214.942,-2555.0,-489183.366,-0.0009510391638299892,-0.3490940735468291,225043.74917999894,1072135.98695
2026-02-26,2698625.0,191.8293,951193440.26,517675344.7125,12090.0,2319216.2369999997,0.004480059289452962,0.5125548343212736,526933.8245399988,1205702.09475
2026-02-27,2698625.0,190.4227,944218734.54,513879458.78749996,0.0,0.0,0.0,-0.2028552335148605,338347.32453999884,1272558.442
2026-03-02,2688848.0,185.3826,919227302.18,498465633.2448,-9777.0,-1812485.6802,-0.0036361296733768518,-0.7768035643907831,141865.42149999883,1133940.1609
2026-03-03,2672263.0,176.9477,878464364.22,472850791.6451,-16585.0,-2934677.6045,-0.006206350198315061,-1.1713428798820111,-583426.0827400011,930830.4306750002
2026-03-04,2638663.0,181.3497,894224880.58,478520743.45110005,-33600.0,-6093349.920000001,-0.01273372158551509,-2.1424760927255364,-1704259.3935400012,381301.07769
2026-03-05,2644663.0,178.8385,882915023.21,472967563.92550004,6000.0,1073031.0,0.002268720059984958,0.18499823409742164,-1953496.4409400015,461714.39917
2026-03-06,2608830.0,177.0667,874167782.6,461936918.96099997,-35833.0,-6344831.0611,-0.013735275966621052,-2.6293251439231113,-3222462.653160001,159704.70549500003
2026-03-09,2616830.0,175.5523,868096014.82,459390525.209,8000.0,1404418.4,0.00305713401329089,0.44379139714371857,-2579081.837120001,229925.625495
2026-03-10,2622570.0,180.9096,894587374.38,474448089.67200005,5740.0,1038421.104,0.002188692770831665,0.28748428654588076,-1784462.095420001,239559.730695
2026-03-11,2627940.0,179.937,889777971.26,472863639.78000003,5370.0,966261.6900000001,0.00204342564898742,0.2576934413440269,-372539.7734200012,236409.70019499998
2026-03-12,2327940.0,177.7413,825597866.32,413771081.922,-300000.0,-53322390.0,-0.1288693007551741,-3.0,-11251623.973420002,-2473372.59973
2026-03-13,2327940.0,176.9033,821705687.35,411820268.202,0.0,0.0,0.0,0.04326340217523481,-9982657.761200001,-2865372.43886
2026-03-16,2316940.0,177.2123,821191538.87,410590266.362,-11000.0,-1949335.3,-0.004747641285488619,-0.31967488690335905,-10653408.501200002,-3009111.67886
2026-03-17,2318399.0,178.8601,828827317.19,414669076.9799,1459.0,260956.8859,0.0006293135909737711,0.09439813093618651,-10808901.344820002,-3163646.894565
2026-03-18,2319249.0,179.382,831245573.96,416031524.11800003,850.0,152474.7,0.00036649794825825086,0.07390322285760645,-10971658.742820002,-3205853.5401500002
2026-03-19,2319249.0,175.3017,812337725.44,406568292.4233,0.0,0.0,0.0,0.04565311681677992,-307180.7428200015,-3246341.83316
2026-03-20,2319249.0,173.3076,803097446.58,401943477.9924,0.0,0.0,0.0,0.04565311681677992,-307180.7428200015,-3293488.45816
2026-03-23,2298829.0,175.1152,807897544.63,402559900.1008,-20420.0,-3575852.3839999996,-0.00888278336492188,-0.6322687240813242,-632484.1596200013,-3430777.26911
2026-03-24,2298829.0,175.3417,808942649.26,403080584.8693,0.0,0.0,0.0,0.05033198028106954,-684675.5368000014,-3465366.2649450004
2026-03-25,2298829.0,178.0315,821352018.15,409263975.1135,0.0,0.0,0.0,0.04751417542875099,-715170.4768000013,-3440907.0966450004
2026-03-26,2298829.0,175.8812,811431480.33,404320803.11480004,0.0,0.0,0.0,0.03999146325063042,-715170.4768000013,-3556867.908495
2026-03-27,2298829.0,174.242,803869017.49,400552562.618,0.0,0.0,0.0,0.0393510851613309,-715170.4768000013,-3556867.908495
2026-03-30,2298829.0,175.9619,811803863.5,404506318.6151,0.0,0.0,0.0,0.0393510851613309,0.0,-3466243.624485
2026-03-31,2298829.0,176.8237,813499160.82,406487449.4473,0.0,0.0,0.0,0.03104312165320206,0.0,-3319509.74426
2026-04-01,2298829.0,182.3273,838819335.79,419139284.7317,0.0,0.0,0.0,0.0307930688720986,0.0,-3014842.24826
2026-04-02,2299838.0,182.0686,837629074.24,418728284.8868,1009.0,183707.2174,0.00043872655378335344,0.06135887510208024,36741.443479998605,-3059308.43739
2026-04-07,2299838.0,181.2858,834027677.1,416927971.7004,0.0,0.0,0.0,0.027323951492931507,36741.443479998605,-2742066.884335
2026-04-08,2304338.0,189.1217,870928542.54,435800319.9346,4500.0,851047.65,0.001952838515877445,0.17753295885883394,206950.9734799986,-2769735.421835
2026-04-09,2307396.0,188.8343,855951285.42,435715508.4828,3058.0,577455.2894,0.0013253035023030291,0.1275793205546267,322442.0313599986,-2792783.7125649997
2026-04-10,2308396.0,189.8712,861305142.18,438297918.59519994,1000.0,189871.19999999998,0.0004332012358364856,0.054520089055948226,360416.2713599986,-2831603.237065
2026-04-13,2308396.0,187.9825,852737596.64,433938051.07,0.0,0.0,0.0,0.022676900770563637,323674.8278799986,-165483.73706499996
2026-04-14,2308396.0,190.7167,865140541.28,440249667.4132,0.0,0.0,0.0,0.022676900770563637,323674.8278799986,-165483.73706499996
2026-04-15,2308396.0,189.6698,860391502.82,437833007.6408,0.0,0.0,0.0,0.02363321567927544,153465.2978799986,-68016.97206499998
2026-04-16,2308396.0,188.6632,855825196.15,435509376.2272,0.0,0.0,0.0,0.020343610213744447,37974.2399999986,-81064.81635999998
2026-04-17,2283756.0,192.7792,869746768.6,440260654.6752,-24640.0,-4750079.488,-0.010789243684526719,-0.8085873824291346,-950015.8976000014,-326192.52576
2026-04-20,2288756.0,190.4437,856717190.55,435879161.03720003,5000.0,952218.5,0.002184592853060789,0.19602279207266612,-759572.1976000015,-278581.60075999994
2026-04-21,2288756.0,189.2555,851372258.31,433159661.15800005,0.0,0.0,0.0,0.02118770283217399,-759572.1976000015,-278581.60075999994
2026-04-22,2288756.0,187.8315,844966252.85,429900472.614,0.0,0.0,0.0,0.017189895658792746,-759572.1976000015,-99788.98155999999
2026-04-23,2288756.0,186.8401,840506161.25,427631399.9156,0.0,0.0,0.0,0.015558851742687457,-759572.1976000015,-99788.98155999999
2026-04-24,2288756.0,184.8052,831352260.11,422974010.3312,0.0,0.0,0.0,0.01806489856146739,190443.6999999985,-99788.98155999999
2026-04-27,2288756.0,184.8181,831410079.76,423003535.2836,0.0,0.0,0.0,0.01672576285008866,0.0,-99788.98155999999
2026-04-28,2291934.0,185.6747,835263854.15,425554157.86980003,3178.0,590074.1966,0.0013866018829512543,0.12527988479537214,118014.83931999851,-70285.27173
2026-04-29,2283995.0,184.6249,829075558.14,421682348.4755,-7939.0,-1465737.0811,-0.0034759270488770775,-0.2531629557566655,-175132.5769000015,-143572.12578499998
2026-04-30,2290595.0,186.443,838470494.56,427065403.58500004,6600.0,1230523.8,0.0028813474228311857,0.24030517194544168,70972.18309999851,-82045.935785
2026-05-04,2289782.0,181.9826,812183679.28,416700481.79319996,-813.0,-147951.85379999998,-0.0003550556341171343,-0.011033544926741513,41381.81233999851,-89443.52847499998
2026-05-05,2289782.0,185.2473,823047747.41,424175933.0886,0.0,0.0,0.0,0.016565285539252447,41381.81233999851,-98628.88934499999
2026-05-06,2289782.0,189.8264,843392403.48,434661073.8448,0.0,0.0,0.0,0.014551171876995228,-76633.0269800015,-98628.88934499999
2026-05-07,2249782.0,189.3919,833886060.21,426090487.5658,-40000.0,-7575676.0,-0.017779500413817872,-1.34611544867147,-1298620.8107600014,-519965.07184499997
2026-05-08,2249782.0,187.5907,825955538.42,422038180.2274,0.0,0.0,0.0,0.027876519249388356,-1544725.5707600014,-548837.836315
2026-05-11,2231062.0,187.2026,820742266.28,417660607.1612,-18720.0,-3504432.672,-0.008390622941002984,-0.6096862758027694,-2216021.7344000014,-733553.029915
2026-05-12,2229840.0,184.2785,807922199.42,410911570.44,-1222.0,-225188.32700000002,-0.0005480213827001041,-0.004185855262740893,-2261059.3998000016,-744812.4462649999
2026-05-13,2229840.0,185.1268,811641730.89,412803143.712,0.0,0.0,0.0,0.03865035243690232,-2261059.3998000016,-744812.4462649999
2026-05-14,2229840.0,186.7447,818734951.88,416410801.848,0.0,0.0,0.0,0.03865035243690232,-745924.1998000015,-744812.4462649999
2026-05-15,2229840.0,184.7862,810148420.92,412043660.208,0.0,0.0,0.0,0.03962025789373956,-745924.1998000015,-744812.4462649999
2026-05-18,2229840.0,186.2415,816528773.46,415288746.36,0.0,0.0,0.0,0.044841740118103594,-45037.6654000015,-507308.471865
2026-05-19,2229840.0,185.3531,812633919.91,413307756.504,0.0,0.0,0.0,0.046857422053326395,0.0,-554919.396865
2026-05-20,2163840.0,189.352,817668708.86,409727431.68,-66000.0,-12497232.0,-0.030501330967169477,-2.2424722830077557,-2499446.4000000013,-1179780.996865
2026-05-21,2163840.0,188.5595,814246377.21,408012588.48,0.0,0.0,0.0,0.06628833099523328,-2499446.4000000013,-1179780.996865
2026-05-22,2163840.0,188.6638,814696832.2,408238276.99200004,0.0,0.0,0.0,0.073823715116701,-2499446.4000000013,-1179780.996865
2026-05-25,2163840.0,192.8744,832879440.02,417349341.69600004,0.0,0.0,0.0,0.07635646999251841,-2499446.4000000013,-1179780.996865
2026-05-26,2163840.0,191.9038,828688143.86,415249118.59199995,0.0,0.0,0.0,0.08727176502039626,-2499446.4000000013,-1179780.996865
2026-05-27,2163840.0,192.8371,832718049.22,417268630.464,0.0,0.0,0.0,0.08978130806968622,0.0,-1209284.706695
2026-05-28,2163840.0,191.7706,818737886.21,414960895.10400003,0.0,0.0,0.0,0.08978130806968622,0.0,-1135997.85264
2026-05-29,2163840.0,192.651,822496763.8,416865939.84000003,0.0,0.0,0.0,0.09082920173786997,0.0,-1197524.04264
2026-06-01,2167489.0,190.7672,814453840.96,413485807.5608,3649.0,696109.5128,0.001683514887503466,0.21870933135513387,139221.9025599985,-1155320.97431
2026-06-02,2167489.0,191.6843,818369466.73,415473611.7227,0.0,0.0,0.0,0.08973921489114318,139221.9025599985,-1155320.97431
2026-06-03,2167489.0,190.6777,809411055.62,413291817.29529995,0.0,0.0,0.0,0.09468027978450178,139221.9025599985,-1155320.97431
2026-06-04,2167489.0,191.7195,813833492.44,415549907.3355,0.0,0.0,0.0,0.10482496462339708,139221.9025599985,-776537.1743099999
2026-06-05,2192819.0,192.4432,816905576.11,421993105.38079995,25330.0,4874586.256,0.011551340990752088,0.9860617663612519,1114139.1537599985,-532807.86151
2026-06-08,2192819.0,191.1649,811479536.69,419190024.8531,0.0,0.0,0.0,0.09718559385799219,974917.2511999985,-357586.22791
2026-06-09,2198819.0,190.6518,810445414.22,419208800.2242,6000.0,1143910.8,0.0027287375632100686,0.31119922817358986,1203699.4111999986,-289131.27155999996
2026-06-10,2124109.0,190.3163,794800585.3,404252565.67670006,-74710.0,-14218530.773,-0.03517239463699838,-2.516618892520065,-1640006.7434000014,-1000057.81021
2026-06-11,2135009.0,191.8608,801250796.57,409624534.7472,10900.0,2091282.7200000002,0.005105364895417303,0.502998035382319,-1221750.1994000014,-895493.6742100001
2026-06-12,2135009.0,196.8317,819341799.81,420237450.9853,0.0,0.0,0.0,0.12157967671126203,-2196667.450600001,-895493.6742100001
2026-06-15,2135009.0,199.6521,831082140.42,426259030.3689,0.0,0.0,0.0,0.12046838332578058,-2196667.450600001,-895493.6742100001
2026-06-16,2135009.0,201.2036,837540242.54,429571496.83239996,0.0,0.0,0.0,0.1287008379199967,-2425449.610600001,-895493.6742100001
2026-06-17,2140009.0,203.9138,849841695.78,436377367.2242,5000.0,1019569.0,0.0023364387719864727,0.30312235823887795,622170.3439999985,-219653.62420999995
2026-06-18,2140009.0,203.7246,849052920.48,435972477.52140003,0.0,0.0,0.0,0.1329658939211652,203913.7999999985,-219653.62420999995
2026-06-19,2127788.0,203.1294,846572479.88,432216299.7672,-12221.0,-2482444.3974,-0.005743523320932349,-0.2968933475916916,-292575.0794800015,-343775.84408
2026-06-22,2132474.0,205.2173,869656581.24,437620556.6002,4686.0,961648.2678,0.0021974476593852963,0.30089352842694195,-100245.42592000151,-295693.43068999995
2026-06-23,2130910.0,204.5281,866736366.41,435830973.571,-1564.0,-319881.9484,-0.0007339587312462751,0.08020959455136413,-164221.81560000152,-311687.52810999996
2026-06-24,2106467.0,203.6093,862842585.72,428896271.34309995,-24443.0,-4976822.119899999,-0.011603789662975969,-0.7309678372164078,-1363500.0395800013,-560528.634105
2026-06-25,2106467.0,204.9571,871866914.64,431735367.5657,0.0,0.0,0.0,0.14232737198743256,-1363500.0395800013,-560528.634105
2026-06-26,2106467.0,204.0304,869884472.61,429783304.59679997,0.0,0.0,0.0,0.14232737198743256,-867011.1601000013,-560528.634105
2026-06-29,2106467.0,203.8102,868945421.43,429319460.56340003,0.0,0.0,0.0,0.15122298151384567,-1059340.8136600014,-595334.1097449999
2026-06-30,2106467.0,204.7321,872875844.43,431261412.4907,0.0,0.0,0.0,0.15279866746738133,-995364.4239800014,-595334.1097449999
2026-07-01,2106467.0,204.1391,870347789.78,430012277.5597,0.0,0.0,0.0,0.15046486166044812,0.0,-595334.1097449999
2026-07-02,2128467.0,206.9321,886808089.1,440448146.0907,22000.0,4552506.2,0.010336077561926026,0.9240177612878655,910501.2399999986,-367708.79974499997
2026-07-03,2118393.0,208.8259,894924063.47,442375324.7787,-10074.0,-2103712.1166,-0.004755491544770021,-0.2130829647678932,489758.8166799986,-716623.7183749999
2026-07-06,2131217.0,207.7529,897243158.99,442766512.27930003,12824.0,2664223.1896,0.006017219269553499,0.5934698081858416,1022603.4545999985,-583412.5588949999
2026-07-07,2144216.0,207.3427,897980472.91,444587534.8232,12999.0,2695247.7573,0.006062355658198615,0.5841438830870556,1561653.0060599986,-505845.7110299999
2026-07-08,2144216.0,201.7792,874895081.87,432658189.1072,0.0,0.0,0.0,0.12486903242823738,1561653.0060599986,205080.82762000005
2026-07-09,2149645.0,204.1152,886219541.62,438775219.104,5429.0,1108141.4208,0.002525533285728574,0.31499950718938396,872780.0502199985,155923.76266000007
2026-07-10,2163145.0,204.7796,893027788.07,442967967.84199995,13500.0,2764524.5999999996,0.006240913114932194,0.5884585635391986,1846427.3935399982,294149.99266000005
2026-07-13,2163145.0,204.3126,892240122.76,441957779.12700003,0.0,0.0,0.0,0.11496580310215132,1313582.7556199983,294149.99266000005
2026-07-14,2163145.0,204.5313,893194885.85,442430858.9385,0.0,0.0,0.0,0.11496580310215132,774533.2041599985,294149.99266000005
2026-07-15,2164145.0,203.6959,889546834.76,440827463.50549996,1000.0,203695.9,0.00046207624720155075,0.14700058013936607,815272.3841599984,253356.33766000005
2026-07-16,2165645.0,203.9899,893572896.96,441769706.98550004,1500.0,305984.85000000003,0.0006926342960180455,0.16491724167115893,654841.0699999984,268655.58016
2026-07-17,2165645.0,203.0763,891655499.58,439791173.7135,0.0,0.0,0.0,0.1120530989789126,101936.14999999851,392777.80003000004
2026-07-20,2165645.0,202.9701,892529089.12,439561182.2145,0.0,0.0,0.0,0.11481140932438692,101936.14999999851,344695.38664000004
2026-07-21,2165645.0,204.793,900544944.76,443508936.485,0.0,0.0,0.0,0.1143313366161159,101936.14999999851,360689.48406000005
2026-07-22,2167356.0,206.8163,909442091.53,448244548.70280004,1711.0,353862.6893,0.000789441143956046,0.17198187928336325,131969.50785999853,627223.72452
2026-07-23,2167356.0,203.592,895263581.69,441256342.75200003,0.0,0.0,0.0,0.1133280009535051,70772.53785999851,627223.72452
2026-07-24,2167356.0,206.9609,910077950.37,448557948.3804,0.0,0.0,0.0,0.11483835315085758,70772.53785999851,627223.72452
2026-07-27,2167356.0,208.673,920258566.92,452268678.588,0.0,0.0,0.0,0.12158051979420753,70772.53785999851,627223.72452
2026-07-28,2180356.0,208.5188,921663966.52,454645216.6928,13000.0,2710744.4,0.005962329087543502,0.5707006187041463,612921.4178599985,762760.94452
2026-07-29,2180356.0,205.1913,909069722.12,447390082.1028,0.0,0.0,0.0,0.11651694770311964,542148.8799999985,762760.94452
2026-07-30,2186572.0,208.8391,925230804.84,456641728.56520003,6216.0,1298143.8456000001,0.0028428059995280284,0.3309307445612261,801777.6491199986,600042.8268
2026-07-31,2186572.0,209.1075,926420145.44,457228604.48999995,0.0,0.0,0.0,0.11578813810809277,801777.6491199986,705228.4326299999
2026-08-03,2189558.0,211.2082,937604535.9,462452603.9756,2986.0,630667.6852000001,0.001363745559606094,0.22005469049861182,927911.1861599985,603550.65741
2026-08-04,2204891.0,211.6441,941232677.17,466652171.2931,15333.0,3245138.9853000003,0.006954085258636369,0.6412576583761245,1034790.1032199987,631045.2188100001
2026-08-05,2204891.0,211.9917,942778367.56,467418591.40470004,0.0,0.0,0.0,0.12399339245534867,1034790.1032199987,631045.2188100001
2026-08-06,2200205.0,213.3034,950436681.76,469311207.197,-4686.0,-999539.7324000001,-0.002129801541220023,-0.03652545742513912,575253.3876199985,525661.16115
2026-08-07,2200205.0,213.2535,952559817.16,469201416.96750003,0.0,0.0,0.0,0.13110459647970737,575253.3876199985,387434.93115
2026-08-10,2200205.0,213.2149,952387589.35,469116489.0545,0.0,0.0,0.0,0.13239899773566616,449119.8505799986,387434.93114999996
2026-08-11,2200205.0,213.6423,954296507.03,470056856.6715,0.0,0.0,0.0,0.13345834610815502,-199907.9464800015,387434.93114999996
2026-08-12,2200205.0,213.5403,953841148.45,469832435.7615,0.0,0.0,0.0,0.13468044668493112,-199907.9464800015,377250.13615000003
2026-08-13,2198737.0,213.1642,952161338.71,468692013.6154,-1468.0,-312925.0456,-0.000667656022525659,0.08280607571380058,-62585.009120001494,346304.64136999997
