date,nav
2016-07-14,111.966065
2016-07-15,111.80213
2016-07-18,112.528108
2016-07-19,112.128423
2016-07-20,113.440068
2016-07-21,113.190647
2016-07-22,113.654383
2016-07-25,113.650278
2016-07-26,113.800156
2016-07-27,114.548444
2016-07-28,115.010123
2016-07-29,115.222931
2016-08-01,115.850396
2016-08-02,114.960719
2016-08-03,115.354994
2016-08-04,115.650702
2016-08-05,116.802411
2016-08-08,116.644385
2016-08-09,116.913373
2016-08-10,116.619527
2016-08-11,117.104422
2016-08-12,117.194083
2016-08-15,117.696957
2016-08-16,117.029246
2016-08-17,117.238285
2016-08-18,117.318873
2016-08-19,117.257702
2016-08-22,117.31595
2016-08-23,117.563342
2016-08-24,116.729005
2016-08-25,116.53218
2016-08-26,116.731519
2016-08-29,116.932
2016-08-30,116.564053
2016-08-31,116.444301
2016-09-01,116.757244
2016-09-02,117.114981
2016-09-05,117.114981
2016-09-06,117.863274
2016-09-07,117.924882
2016-09-08,117.246065
2016-09-09,114.263489
2016-09-12,116.294027
2016-09-13,115.275812
2016-09-14,115.853723
2016-09-15,117.654077
2016-09-16,117.31346
2016-09-19,116.781795
2016-09-20,117.003813
2016-09-21,118.185878
2016-09-22,119.102168
2016-09-23,118.310332
2016-09-26,117.293785
2016-09-27,118.498831
2016-09-28,118.716156
2016-09-29,117.81666
2016-09-30,118.724722
2016-10-03,118.544882
2016-10-04,118.370003
2016-10-05,118.817254
2016-10-06,118.723509
2016-10-07,118.492751
2016-10-10,119.20387
2016-10-11,117.45443
2016-10-12,117.398307
2016-10-13,116.995293
2016-10-14,117.124373
2016-10-17,116.824004
2016-10-18,117.88329
2016-10-19,117.807044
2016-10-20,117.711489
2016-10-21,118.177472
2016-10-24,119.591019
2016-10-25,119.139786
2016-10-26,118.388051
2016-10-27,117.79976
2016-10-28,117.050379
2016-10-31,116.944538
2016-11-01,116.108295
2016-11-02,115.137557
2016-11-03,114.0755
2016-11-04,113.621521
2016-11-07,116.378811
2016-11-08,117.137119
2016-11-09,117.63031
2016-11-10,115.727615
2016-11-11,115.845525
2016-11-14,114.646076
2016-11-15,116.248933
2016-11-16,116.926481
2016-11-17,117.763658
2016-11-18,117.313103
2016-11-21,118.555024
2016-11-22,118.92324
2016-11-23,118.437278
2016-11-24,118.437278
2016-11-25,118.828477
2016-11-28,118.531527
2016-11-29,118.926822
2016-11-30,117.425736
2016-12-01,115.558045
2016-12-02,115.684538
2016-12-05,116.628507
2016-12-06,116.884133
2016-12-07,118.428638
2016-12-08,118.604336
2016-12-09,119.495943
2016-12-12,118.971033
2016-12-13,120.482355
2016-12-14,120.134876
2016-12-15,120.430776
2016-12-16,119.622642
2016-12-19,120.112315
2016-12-20,120.572945
2016-12-21,120.453097
2016-12-22,120.099244
2016-12-23,120.233672
2016-12-26,120.233672
2016-12-27,120.860469
2016-12-28,119.907574
2016-12-29,119.712153
2016-12-30,118.393035
2017-01-02,118.393035
2017-01-03,119.553492
2017-01-04,120.2098
2017-01-05,120.884366
2017-01-06,121.909291
2017-01-09,122.34235
2017-01-10,122.591557
2017-01-11,122.95696
2017-01-12,122.742536
2017-01-13,123.179906
2017-01-16,123.179906
2017-01-17,122.817685
2017-01-18,123.089542
2017-01-19,122.974893
2017-01-20,123.26559
2017-01-23,123.325811
2017-01-24,124.185713
2017-01-25,125.411662
2017-01-26,125.543626
2017-01-27,125.823109
2017-01-30,124.886688
2017-01-31,124.581431
2017-02-01,125.454658
2017-02-02,125.332479
2017-02-03,125.695453
2017-02-06,125.851442
2017-02-07,126.294515
2017-02-08,126.558947
2017-02-09,127.00268
2017-02-10,127.356038
2017-02-13,128.117147
2017-02-14,128.532422
2017-02-15,129.295084
2017-02-16,129.253316
2017-02-17,129.838973
2017-02-20,129.838973
2017-02-21,130.471252
2017-02-22,130.511821
2017-02-23,130.030758
2017-02-24,130.298529
2017-02-27,130.417411
2017-02-28,129.998919
2017-03-01,131.492383
2017-03-02,130.816655
2017-03-03,131.063276
2017-03-06,130.743649
2017-03-07,130.5239
2017-03-08,130.738741
2017-03-09,130.83971
2017-03-10,131.371056
2017-03-13,131.589985
2017-03-14,131.301739
2017-03-15,132.130678
2017-03-16,132.036948
2017-03-17,131.679881
2017-03-20,131.793831
2017-03-21,129.826936
2017-03-22,130.678719
2017-03-23,130.375892
2017-03-24,130.589254
2017-03-27,130.838716
2017-03-28,131.644458
2017-03-29,132.214652
2017-03-30,132.444542
2017-03-31,132.356947
2017-04-03,132.27383
2017-04-04,132.503598
2017-04-05,131.970202
2017-04-06,132.028658
2017-04-07,131.965385
2017-04-10,132.04523
2017-04-11,131.477841
2017-04-12,130.956985
2017-04-13,130.383458
2017-04-14,130.383458
2017-04-17,131.492928
2017-04-18,131.308673
2017-04-19,131.502204
2017-04-20,132.569954
2017-04-21,132.531681
2017-04-24,134.139096
2017-04-25,135.115921
2017-04-26,134.94217
2017-04-27,135.688524
2017-04-28,135.984424
2017-05-01,137.105871
2017-05-02,137.456536
2017-05-03,137.023226
2017-05-04,137.050673
2017-05-05,137.529832
2017-05-08,137.84924
2017-05-09,138.325378
2017-05-10,138.411249
2017-05-11,138.300503
2017-05-12,138.608582
2017-05-15,139.055598
2017-05-16,139.612588
2017-05-17,136.133701
2017-05-18,137.248998
2017-05-19,137.864492
2017-05-22,139.027673
2017-05-23,139.128148
2017-05-24,139.784842
2017-05-25,140.953568
2017-05-26,141.215093
2017-05-29,141.215093
2017-05-30,141.368888
2017-05-31,141.226279
2017-06-01,141.899612
2017-06-02,143.478567
2017-06-05,143.399022
2017-06-06,142.879069
2017-06-07,143.403833
2017-06-08,143.590519
2017-06-09,140.100817
2017-06-12,139.278628
2017-06-13,140.340922
2017-06-14,139.752387
2017-06-15,139.123347
2017-06-16,138.270566
2017-06-19,140.481585
2017-06-20,139.363895
2017-06-21,140.727515
2017-06-22,140.665349
2017-06-23,141.228334
2017-06-26,140.606779
2017-06-27,138.027492
2017-06-28,140.017613
2017-06-29,137.583803
2017-06-30,137.448862
2017-07-03,136.231838
2017-07-04,136.231838
2017-07-05,137.523516
2017-07-06,136.286069
2017-07-07,137.708605
2017-07-10,138.624581
2017-07-11,139.004493
2017-07-12,140.686044
2017-07-13,141.035865
2017-07-14,142.121831
2017-07-17,142.161297
2017-07-18,143.142504
2017-07-19,144.019273
2017-07-20,144.141625
2017-07-21,144.146605
2017-07-24,144.630608
2017-07-25,144.368868
2017-07-26,144.85686
2017-07-27,144.046518
2017-07-28,143.852067
2017-07-31,143.155658
2017-08-01,143.516515
2017-08-02,143.979477
2017-08-03,143.44607
2017-08-04,143.656867
2017-08-07,144.503388
2017-08-08,144.310401
2017-08-09,144.140229
2017-08-10,141.017947
2017-08-11,142.072126
2017-08-14,143.937848
2017-08-15,144.008349
2017-08-16,144.273319
2017-08-17,141.329552
2017-08-18,141.197473
2017-08-21,141.091426
2017-08-22,143.212261
2017-08-23,142.688515
2017-08-24,142.265778
2017-08-25,141.973737
2017-08-28,142.36915
2017-08-29,142.959728
2017-08-30,144.680636
2017-08-31,146.035138
2017-09-01,146.014826
2017-09-04,146.014826
2017-09-05,144.671739
2017-09-06,145.119831
2017-09-07,145.449021
2017-09-08,144.207203
2017-09-11,145.840336
2017-09-12,146.215775
2017-09-13,146.427758
2017-09-14,145.577639
2017-09-15,146.041918
2017-09-18,145.563157
2017-09-19,145.808581
2017-09-20,145.382623
2017-09-21,144.44043
2017-09-22,144.374978
2017-09-25,142.793341
2017-09-26,143.1329
2017-09-27,144.505691
2017-09-28,144.40078
2017-09-29,145.523216
2017-10-02,145.586154
2017-10-03,145.920892
2017-10-04,146.042824
2017-10-05,147.460676
2017-10-06,147.641131
2017-10-09,147.493342
2017-10-10,147.613971
2017-10-11,148.044512
2017-10-12,147.769689
2017-10-13,148.313843
2017-10-16,148.850076
2017-10-17,149.045972
2017-10-18,148.844207
2017-10-19,148.314533
2017-10-20,148.706287
2017-10-23,147.708244
2017-10-24,148.010765
2017-10-25,147.397379
2017-10-26,146.978829
2017-10-27,151.248857
2017-10-30,151.604706
2017-10-31,152.119348
2017-11-01,152.120636
2017-11-02,151.82216
2017-11-03,153.259867
2017-11-06,153.724854
2017-11-07,153.898481
2017-11-08,154.507823
2017-11-09,153.692971
2017-11-10,153.693307
2017-11-13,153.867358
2017-11-14,153.322017
2017-11-15,152.542624
2017-11-16,154.546018
2017-11-17,153.947807
2017-11-20,153.806382
2017-11-21,155.511803
2017-11-22,155.701978
2017-11-23,155.701978
2017-11-24,156.263056
2017-11-27,156.181384
2017-11-28,156.602112
2017-11-29,153.90437
2017-11-30,155.228005
2017-12-01,154.551675
2017-12-04,152.746153
2017-12-05,152.781326
2017-12-06,153.460361
2017-12-07,154.030551
2017-12-08,154.716372
2017-12-11,155.915531
2017-12-12,155.665625
2017-12-13,155.932769
2017-12-14,155.832028
2017-12-15,157.688592
2017-12-18,158.515748
2017-12-19,157.725637
2017-12-20,157.525642
2017-12-21,157.529776
2017-12-22,157.343357
2017-12-25,157.343357
2017-12-26,156.563923
2017-12-27,156.611481
2017-12-28,156.773814
2017-12-29,155.675635
2018-01-01,155.675635
2018-01-02,158.486139
2018-01-03,160.053103
2018-01-04,160.296217
2018-01-05,161.965381
2018-01-08,162.532259
2018-01-09,162.565123
2018-01-10,162.192596
2018-01-11,163.306857
2018-01-12,164.520845
2018-01-15,164.520845
2018-01-16,163.999071
2018-01-17,165.777671
2018-01-18,165.803431
2018-01-19,166.359156
2018-01-22,168.108695
2018-01-23,169.498902
2018-01-24,168.424961
2018-01-25,168.34976
2018-01-26,170.942403
2018-01-29,170.098424
2018-01-30,168.712007
2018-01-31,169.18475
2018-02-01,168.004376
2018-02-02,164.564633
2018-02-05,158.130014
2018-02-06,162.301233
2018-02-07,160.266217
2018-02-08,153.550163
2018-02-09,156.210599
2018-02-12,158.917344
2018-02-13,159.647021
2018-02-14,162.696182
2018-02-15,165.617889
2018-02-16,165.023695
2018-02-19,165.023695
2018-02-20,165.246749
2018-02-21,164.755453
2018-02-22,164.822794
2018-02-23,168.099787
2018-02-26,170.3504
2018-02-27,168.20738
2018-02-28,167.09522
2018-03-01,164.566038
2018-03-02,166.035655
2018-03-05,167.744406
2018-03-06,168.517669
2018-03-07,168.915906
2018-03-08,169.843586
2018-03-09,173.120607
2018-03-12,173.848462
2018-03-13,171.795321
2018-03-14,171.660057
2018-03-15,171.431273
2018-03-16,171.161998
2018-03-19,167.110082
2018-03-20,167.625047
2018-03-21,166.849172
2018-03-22,162.681237
2018-03-23,158.439252
2018-03-26,164.419911
2018-03-27,158.966946
2018-03-28,157.301937
2018-03-29,160.227056
2018-03-30,160.227056
2018-04-02,155.594471
2018-04-03,157.267401
2018-04-04,159.764437
2018-04-05,160.610061
2018-04-06,156.673412
2018-04-09,157.627126
2018-04-10,161.119816
2018-04-11,160.329597
2018-04-12,162.100986
2018-04-13,161.418901
2018-04-16,162.558025
2018-04-17,165.993716
2018-04-18,166.402766
2018-04-19,164.982182
2018-04-20,162.371687
2018-04-23,161.909618
2018-04-24,158.509311
2018-04-25,158.627527
2018-04-26,161.929074
2018-04-27,162.092632
2018-04-30,160.857302
2018-05-01,162.715768
2018-05-02,161.802557
2018-05-03,161.777906
2018-05-04,164.876244
2018-05-07,166.160502
2018-05-08,166.008353
2018-05-09,167.909531
2018-05-10,169.625964
2018-05-11,169.434909
2018-05-14,169.728004
2018-05-15,167.881164
2018-05-16,168.981916
2018-05-17,168.319193
2018-05-18,167.457095
2018-05-21,168.415981
2018-05-22,168.125121
2018-05-23,169.592194
2018-05-24,169.495548
2018-05-25,169.764939
2018-05-28,169.764939
2018-05-29,168.946891
2018-05-30,170.165386
2018-05-31,169.954571
2018-06-01,172.78005
2018-06-04,174.230881
2018-06-05,174.798023
2018-06-06,175.851717
2018-06-07,174.480734
2018-06-08,174.472753
2018-06-11,174.859628
2018-06-12,175.849419
2018-06-13,175.752871
2018-06-14,177.577233
2018-06-15,176.994128
2018-06-18,176.528905
2018-06-19,175.958697
2018-06-20,177.23961
2018-06-21,175.699825
2018-06-22,175.210662
2018-06-25,171.331012
2018-06-26,172.060934
2018-06-27,169.661776
2018-06-28,171.178976
2018-06-29,171.40006
2018-07-02,172.805791
2018-07-03,170.777067
2018-07-04,170.777067
2018-07-05,172.914895
2018-07-06,175.499277
2018-07-09,177.171977
2018-07-10,177.331602
2018-07-11,176.390562
2018-07-12,179.365919
2018-07-13,179.595849
2018-07-16,179.158717
2018-07-17,180.27731
2018-07-18,179.941247
2018-07-19,179.020889
2018-07-20,178.966077
2018-07-23,179.487692
2018-07-24,180.328223
2018-07-25,182.818417
2018-07-26,180.192349
2018-07-27,177.658545
2018-07-30,175.146587
2018-07-31,176.097681
2018-08-01,177.092445
2018-08-02,179.508309
2018-08-03,180.07358
2018-08-06,181.16359
2018-08-07,181.740435
2018-08-08,181.917693
2018-08-09,181.854864
2018-08-10,180.499674
2018-08-13,180.327088
2018-08-14,181.448299
2018-08-15,179.265253
2018-08-16,179.776715
2018-08-17,179.863045
2018-08-20,179.714734
2018-08-21,180.344463
2018-08-22,181.020211
2018-08-23,180.758333
2018-08-24,182.497449
2018-08-27,184.291212
2018-08-28,184.560721
2018-08-29,186.753589
2018-08-30,186.339428
2018-08-31,186.624646
2018-09-03,186.624646
2018-09-04,185.858427
2018-09-05,183.445932
2018-09-06,181.766681
2018-09-07,181.206077
2018-09-10,181.62901
2018-09-11,183.104189
2018-09-12,182.622817
2018-09-13,184.436018
2018-09-14,184.038841
2018-09-17,181.341475
2018-09-18,182.811997
2018-09-19,182.711766
2018-09-20,184.626809
2018-09-21,183.699683
2018-09-24,183.799332
2018-09-25,184.149898
2018-09-26,184.146272
2018-09-27,185.775238
2018-09-28,185.725396
2018-10-01,186.157735
2018-10-02,185.757051
2018-10-03,185.978689
2018-10-04,182.422037
2018-10-05,180.204004
2018-10-08,179.078824
2018-10-09,179.537866
2018-10-10,171.574248
2018-10-11,169.614553
2018-10-12,174.314215
2018-10-15,172.15808
2018-10-16,177.214256
2018-10-17,177.26698
2018-10-18,173.309433
2018-10-19,173.091016
2018-10-22,173.917189
2018-10-23,173.370035
2018-10-24,165.347983
2018-10-25,170.878353
2018-10-26,166.883874
2018-10-29,163.511561
2018-10-30,165.86868
2018-10-31,169.694767
2018-11-01,172.178531
2018-11-02,169.64713
2018-11-05,168.960502
2018-11-06,170.248767
2018-11-07,175.464017
2018-11-08,174.474254
2018-11-09,171.56788
2018-11-12,166.453819
2018-11-13,166.49691
2018-11-14,165.096249
2018-11-15,168.067116
2018-11-16,167.495003
2018-11-19,162.041223
2018-11-20,159.224416
2018-11-21,160.417565
2018-11-22,160.417565
2018-11-23,159.23885
2018-11-26,162.914731
2018-11-27,163.466328
2018-11-28,168.639314
2018-11-29,168.135796
2018-11-30,169.511079
2018-12-03,172.263612
2018-12-04,165.768246
2018-12-05,165.768246
2018-12-06,166.875929
2018-12-07,161.382409
2018-12-10,163.072435
2018-12-11,163.594757
2018-12-12,165.047526
2018-12-13,165.168874
2018-12-14,160.955239
2018-12-17,157.386796
2018-12-18,158.463692
2018-12-19,154.847302
2018-12-20,152.418042
2018-12-21,147.631467
2018-12-24,143.623998
2018-12-25,143.623998
2018-12-26,152.468968
2018-12-27,153.097256
2018-12-28,153.030935
2018-12-31,154.13647
2019-01-01,154.13647
2019-01-02,154.88787
2019-01-03,149.719449
2019-01-04,156.424182
2019-01-07,158.01966
2019-01-08,159.566772
2019-01-09,160.757635
2019-01-10,161.249592
2019-01-11,160.771142
2019-01-14,159.301043
2019-01-15,162.430512
2019-01-16,162.403438
2019-01-17,163.616979
2019-01-18,165.223724
2019-01-21,165.223724
2019-01-22,161.868677
2019-01-23,162.158681
2019-01-24,163.223514
2019-01-25,165.285558
2019-01-28,163.086981
2019-01-29,161.521116
2019-01-30,165.802023
2019-01-31,168.215503
2019-02-01,167.450321
2019-02-04,169.504759
2019-02-05,171.05411
2019-02-06,170.464662
2019-02-07,168.214872
2019-02-08,168.48097
2019-02-11,168.3865
2019-02-12,170.953227
2019-02-13,170.981668
2019-02-14,171.174211
2019-02-15,171.968964
2019-02-18,171.968964
2019-02-19,172.246308
2019-02-20,172.220983
2019-02-21,171.558567
2019-02-22,172.905757
2019-02-25,173.510004
2019-02-26,173.698673
2019-02-27,173.553883
2019-02-28,173.12086
2019-03-01,174.433848
2019-03-04,174.414907
2019-03-05,174.558844
2019-03-06,173.496602
2019-03-07,171.432314
2019-03-08,171.156987
2019-03-11,174.767388
2019-03-12,175.673598
2019-03-13,177.028742
2019-03-14,176.711383
2019-03-15,178.269731
2019-03-18,178.41429
2019-03-19,178.988961
2019-03-20,179.779962
2019-03-21,182.519605
2019-03-22,178.443709
2019-03-25,178.220892
2019-03-26,179.052781
2019-03-27,178.011796
2019-03-28,178.32347
2019-03-29,179.740521
2019-04-01,182.166529
2019-04-02,182.703739
2019-04-03,183.806841
2019-04-04,183.735778
2019-04-05,184.665114
2019-04-08,185.173168
2019-04-09,184.41366
2019-04-10,185.45984
2019-04-11,185.05465
2019-04-12,185.862122
2019-04-15,185.88479
2019-04-16,186.507548
2019-04-17,187.139685
2019-04-18,187.35468
2019-04-19,187.35468
2019-04-22,187.932665
2019-04-23,190.302202
2019-04-24,189.660786
2019-04-25,190.451553
2019-04-26,190.689541
2019-04-29,190.989567
2019-04-30,189.587884
2019-05-01,188.865757
2019-05-02,188.188056
2019-05-03,191.164719
2019-05-06,189.938098
2019-05-07,186.188457
2019-05-08,185.647176
2019-05-09,184.80631
2019-05-10,184.969347
2019-05-13,178.580411
2019-05-14,180.480585
2019-05-15,183.021894
2019-05-16,184.913909
2019-05-17,183.061304
2019-05-20,179.971458
2019-05-21,181.785397
2019-05-22,181.05036
2019-05-23,178.307915
2019-05-24,178.134173
2019-05-27,178.134173
2019-05-28,177.583057
2019-05-29,176.086766
2019-05-30,176.807084
2019-05-31,173.94401
2019-06-03,170.291857
2019-06-04,174.886401
2019-06-05,176.22098
2019-06-06,177.591062
2019-06-07,181.031218
2019-06-10,183.093154
2019-06-11,183.386185
2019-06-12,182.373396
2019-06-13,183.340202
2019-06-14,182.568463
2019-06-17,183.723086
2019-06-18,186.373141
2019-06-19,187.15951
2019-06-20,188.870567
2019-06-21,188.665412
2019-06-24,188.108522
2019-06-25,184.905876
2019-06-26,185.769646
2019-06-27,186.51274
2019-06-28,186.851209
2019-07-01,189.213645
2019-07-02,190.005688
2019-07-03,191.449259
2019-07-04,191.449259
2019-07-05,191.047049
2019-07-08,189.694239
2019-07-09,190.696039
2019-07-10,192.558778
2019-07-11,192.396413
2019-07-12,193.524667
2019-07-15,194.10033
2019-07-16,193.128948
2019-07-17,192.194945
2019-07-18,192.568152
2019-07-19,190.879126
2019-07-22,192.587964
2019-07-23,193.790867
2019-07-24,195.157229
2019-07-25,193.190237
2019-07-26,195.307628
2019-07-29,194.627917
2019-07-30,193.751796
2019-07-31,191.232825
2019-08-01,190.072553
2019-08-02,187.431209
2019-08-05,180.682632
2019-08-06,183.288795
2019-08-07,184.042241
2019-08-08,188.253267
2019-08-09,186.409573
2019-08-12,184.348936
2019-08-13,188.403908
2019-08-14,182.70115
2019-08-15,182.574915
2019-08-16,185.475069
2019-08-19,188.289074
2019-08-20,186.965307
2019-08-21,188.649947
2019-08-22,188.022648
2019-08-23,182.117089
2019-08-26,184.797005
2019-08-27,184.577054
2019-08-28,185.113727
2019-08-29,187.914192
2019-08-30,187.637358
2019-09-02,187.637358
2019-09-03,185.655243
2019-09-04,188.326343
2019-09-05,191.845893
2019-09-06,191.599243
2019-09-09,191.107876
2019-09-10,190.676771
2019-09-11,192.46854
2019-09-12,193.223622
2019-09-13,192.629024
2019-09-16,191.640721
2019-09-17,192.525407
2019-09-18,192.518759
2019-09-19,192.840004
2019-09-20,190.95532
2019-09-23,190.449756
2019-09-24,187.806412
2019-09-25,190.082045
2019-09-26,189.312784
2019-09-27,187.119288
2019-09-30,188.77469
2019-10-01,187.205023
2019-10-02,183.956715
2019-10-03,186.128919
2019-10-04,188.943414
2019-10-07,188.236864
2019-10-08,185.292837
2019-10-09,187.395411
2019-10-10,188.607984
2019-10-11,191.125515
2019-10-14,191.08694
2019-10-15,193.533562
2019-10-16,192.980776
2019-10-17,193.513849
2019-10-18,191.717206
2019-10-21,193.465867
2019-10-22,191.864666
2019-10-23,192.225388
2019-10-24,194.108203
2019-10-25,195.626915
2019-10-28,197.609243
2019-10-29,196.070202
2019-10-30,196.955159
2019-10-31,196.985067
2019-11-01,198.86503
2019-11-04,200.070855
2019-11-05,200.058886
2019-11-06,199.744944
2019-11-07,200.398024
2019-11-08,201.281833
2019-11-11,200.940454
2019-11-12,201.483214
2019-11-13,201.387713
2019-11-14,201.369146
2019-11-15,202.783193
2019-11-18,203.101132
2019-11-19,203.349833
2019-11-20,202.099304
2019-11-21,201.655744
2019-11-22,201.810634
2019-11-25,204.241553
2019-11-26,204.579948
2019-11-27,206.020128
2019-11-28,206.020128
2019-11-29,205.020626
2019-12-02,202.721823
2019-12-03,201.392865
2019-12-04,202.426747
2019-12-05,202.759553
2019-12-06,204.9225
2019-12-09,204.078408
2019-12-10,203.875351
2019-12-11,205.050669
2019-12-12,206.642963
2019-12-13,207.148479
2019-12-16,209.159285
2019-12-17,209.288873
2019-12-18,209.407737
2019-12-19,210.883732
2019-12-20,211.815611
2019-12-23,211.783771
2019-12-24,211.871739
2019-12-25,211.871739
2019-12-26,213.791672
2019-12-27,213.609212
2019-12-30,212.128484
2019-12-31,212.694621
2020-01-01,212.694621
2020-01-02,216.123654
2020-01-03,214.213167
2020-01-06,215.541771
2020-01-07,215.513268
2020-01-08,217.11725
2020-01-09,219.000654
2020-01-10,218.437184
2020-01-13,220.968601
2020-01-14,220.060947
2020-01-15,220.114454
2020-01-16,222.288475
2020-01-17,223.470248
2020-01-20,223.470248
2020-01-21,223.295962
2020-01-22,223.829156
2020-01-23,224.519709
2020-01-24,222.677224
2020-01-27,218.066881
2020-01-28,221.4443
2020-01-29,221.703156
2020-01-30,222.565115
2020-01-31,219.046434
2020-02-03,222.325655
2020-02-04,227.38594
2020-02-05,228.210279
2020-02-06,230.160457
2020-02-07,229.130037
2020-02-10,231.953827
2020-02-11,231.978834
2020-02-12,234.299062
2020-02-13,233.894613
2020-02-14,234.571241
2020-02-17,234.571241
2020-02-18,234.735985
2020-02-19,236.982493
2020-02-20,234.77325
2020-02-21,230.358625
2020-02-24,221.420999
2020-02-25,215.459062
2020-02-26,216.408106
2020-02-27,205.779267
2020-02-28,206.391916
2020-03-02,216.524884
2020-03-03,209.623563
2020-03-04,218.279486
2020-03-05,211.550734
2020-03-06,208.105789
2020-03-09,193.925145
2020-03-10,204.255313
2020-03-11,195.337589
2020-03-12,177.306089
2020-03-13,195.121865
2020-03-16,171.382462
2020-03-17,182.427137
2020-03-18,175.150283
2020-03-19,177.909621
2020-03-20,170.772585
2020-03-23,170.715863
2020-03-24,184.039276
2020-03-25,181.987269
2020-03-26,192.398674
2020-03-27,184.875577
2020-03-30,192.209068
2020-03-31,190.394005
2020-04-01,182.422668
2020-04-02,186.10427
2020-04-03,183.481812
2020-04-06,196.963469
2020-04-07,196.174439
2020-04-08,200.563282
2020-04-09,200.781185
2020-04-10,200.781185
2020-04-13,203.07435
2020-04-14,211.83498
2020-04-15,209.393007
2020-04-16,213.431976
2020-04-17,215.245277
2020-04-20,212.664278
2020-04-21,204.783903
2020-04-22,211.155151
2020-04-23,210.590467
2020-04-24,214.123513
2020-04-27,215.369217
2020-04-28,211.469661
2020-04-29,218.901091
2020-04-30,219.340102
2020-05-01,212.480465
2020-05-04,215.302978
2020-05-05,217.652364
2020-05-06,219.006374
2020-05-07,221.868343
2020-05-08,224.818298
2020-05-11,226.733415
2020-05-12,222.192593
2020-05-13,219.454433
2020-05-14,221.765581
2020-05-15,223.205803
2020-05-18,227.571407
2020-05-19,226.769808
2020-05-20,231.392051
2020-05-21,228.785369
2020-05-22,229.657062
2020-05-25,229.657062
2020-05-26,229.070988
2020-05-27,230.341018
2020-05-28,229.744819
2020-05-29,233.12461
2020-06-01,234.179464
2020-06-02,235.601017
2020-06-03,236.771561
2020-06-04,234.981891
2020-06-05,239.720727
2020-06-08,241.597981
2020-06-09,243.195693
2020-06-10,246.289537
2020-06-11,234.001811
2020-06-12,235.840459
2020-06-15,238.594171
2020-06-16,242.79765
2020-06-17,243.602795
2020-06-18,244.321773
2020-06-19,244.265981
2020-06-22,246.804384
2020-06-23,248.739159
2020-06-24,243.703658
2020-06-25,246.118145
2020-06-26,239.964691
2020-06-29,242.69657
2020-06-30,247.487158
2020-07-01,250.467051
2020-07-02,252.024116
2020-07-03,252.024116
2020-07-06,258.40859
2020-07-07,256.457429
2020-07-08,259.93167
2020-07-09,262.077015
2020-07-10,264.063724
2020-07-13,258.359539
2020-07-14,260.484859
2020-07-15,260.779625
2020-07-16,258.946009
2020-07-17,259.398682
2020-07-20,266.875319
2020-07-21,263.974087
2020-07-22,264.890458
2020-07-23,257.821254
2020-07-24,255.443126
2020-07-27,260.10345
2020-07-28,256.646289
2020-07-29,259.823136
2020-07-30,261.128398
2020-07-31,265.766554
2020-08-03,269.39918
2020-08-04,270.407663
2020-08-05,271.110115
2020-08-06,274.605365
2020-08-07,271.557415
2020-08-10,270.239944
2020-08-11,265.145511
2020-08-12,272.006516
2020-08-13,272.51696
2020-08-14,272.199345
2020-08-17,275.221245
2020-08-18,277.920243
2020-08-19,276.0384
2020-08-20,279.900337
2020-08-21,281.798508
2020-08-24,283.526955
2020-08-25,285.854833
2020-08-26,291.951852
2020-08-27,290.852373
2020-08-28,292.54998
2020-08-31,295.348462
2020-09-01,299.789768
2020-09-02,302.915774
2020-09-03,287.13536
2020-09-04,283.494005
2020-09-07,283.494005
2020-09-08,270.001065
2020-09-09,277.979044
2020-09-10,272.100036
2020-09-11,270.470263
2020-09-14,275.134737
2020-09-15,279.057606
2020-09-16,274.396994
2020-09-17,270.336285
2020-09-18,266.825044
2020-09-21,267.519711
2020-09-22,272.539803
2020-09-23,263.938895
2020-09-24,265.476689
2020-09-25,271.675545
2020-09-28,276.870124
2020-09-29,275.873234
2020-09-30,278.188377
2020-10-01,282.24594
2020-10-02,274.263766
2020-10-05,280.433902
2020-10-06,275.152574
2020-10-07,280.31309
2020-10-08,281.478353
2020-10-09,285.734224
2020-10-12,294.556599
2020-10-13,294.434847
2020-10-14,292.050723
2020-10-15,289.935166
2020-10-16,288.800079
2020-10-19,283.492882
2020-10-20,284.550589
2020-10-21,284.245281
2020-10-22,284.184017
2020-10-23,284.901745
2020-10-26,280.322972
2020-10-27,282.621497
2020-10-28,271.507949
2020-10-29,276.602468
2020-10-30,269.349425
2020-11-02,270.124999
2020-11-03,274.877054
2020-11-04,286.984107
2020-11-05,294.359503
2020-11-06,294.556779
2020-11-09,288.390787
2020-11-10,283.381597
2020-11-11,289.923712
2020-11-12,288.319588
2020-11-13,291.04619
2020-11-16,292.884624
2020-11-17,292.008671
2020-11-18,290.089727
2020-11-19,292.300146
2020-11-20,290.37136
2020-11-23,290.357603
2020-11-24,294.592444
2020-11-25,296.364714
2020-11-26,296.364714
2020-11-27,298.946526
2020-11-30,299.193688
2020-12-01,303.746731
2020-12-02,303.788952
2020-12-03,304.091783
2020-12-04,305.580649
2020-12-07,307.235414
2020-12-08,308.194036
2020-12-09,301.591762
2020-12-10,302.503139
2020-12-11,301.856939
2020-12-14,303.992401
2020-12-15,307.246507
2020-12-16,309.003883
2020-12-17,311.044973
2020-12-18,310.736449
2020-12-21,309.006133
2020-12-22,309.675867
2020-12-23,308.105567
2020-12-24,309.50961
2020-12-25,309.50961
2020-12-28,312.621196
2020-12-29,312.732234
2020-12-30,312.787641
2020-12-31,313.82604
2021-01-01,313.82604
2021-01-04,309.149156
2021-01-05,311.797486
2021-01-06,307.436549
2021-01-07,315.140303
2021-01-08,319.172204
2021-01-11,314.234468
2021-01-12,313.979507
2021-01-13,315.963311
2021-01-14,314.136706
2021-01-15,311.822501
2021-01-18,311.822501
2021-01-19,316.510737
2021-01-20,323.811971
2021-01-21,326.453091
2021-01-22,325.508043
2021-01-25,328.352649
2021-01-26,328.518752
2021-01-27,319.323875
2021-01-28,321.486451
2021-01-29,314.786663
2021-02-01,322.66282
2021-02-02,327.711061
2021-02-03,326.400599
2021-02-04,330.303704
2021-02-05,331.406401
2021-02-08,333.624999
2021-02-09,333.440981
2021-02-10,332.6644
2021-02-11,334.616803
2021-02-12,336.397694
2021-02-15,336.397694
2021-02-16,335.569653
2021-02-17,333.853831
2021-02-18,332.351562
2021-02-19,330.967184
2021-02-22,322.271493
2021-02-23,321.56278
2021-02-24,324.184942
2021-02-25,312.656328
2021-02-26,314.629954
2021-03-01,323.72326
2021-03-02,318.292589
2021-03-03,309.139153
2021-03-04,303.833516
2021-03-05,308.818048
2021-03-08,299.820625
2021-03-09,311.888474
2021-03-10,310.853733
2021-03-11,318.200868
2021-03-12,315.414678
2021-03-15,318.952346
2021-03-16,320.653592
2021-03-17,321.871849
2021-03-18,311.807746
2021-03-19,313.735916
2021-03-22,318.685091
2021-03-23,317.009927
2021-03-24,311.677627
2021-03-25,311.228575
2021-03-26,316.05962
2021-03-29,315.732173
2021-03-30,314.056732
2021-03-31,318.806646
2021-04-01,324.596959
2021-04-02,324.596959
2021-04-05,331.179292
2021-04-06,330.727293
2021-04-07,331.6567
2021-04-08,335.108902
2021-04-09,337.215095
2021-04-12,336.587334
2021-04-13,340.655485
2021-04-14,336.2172
2021-04-15,341.627971
2021-04-16,342.005003
2021-04-19,338.734387
2021-04-20,336.337253
2021-04-21,339.399844
2021-04-22,335.190376
2021-04-23,339.549764
2021-04-26,341.610819
2021-04-27,340.004708
2021-04-28,338.574419
2021-04-29,340.251817
2021-04-30,337.605512
2021-05-03,336.12053
2021-05-04,329.908123
2021-05-05,328.900676
2021-05-06,331.624412
2021-05-07,334.270094
2021-05-10,325.488886
2021-05-11,325.306049
2021-05-12,316.804392
2021-05-13,319.432364
2021-05-14,326.371778
2021-05-17,324.419066
2021-05-18,322.098397
2021-05-19,322.664536
2021-05-20,328.914278
2021-05-21,326.903524
2021-05-24,332.50415
2021-05-25,332.891416
2021-05-26,333.991322
2021-05-27,332.921139
2021-05-28,333.61499
2021-05-31,333.61499
2021-06-01,332.837102
2021-06-02,333.373987
2021-06-03,329.852825
2021-06-04,335.717997
2021-06-07,336.500831
2021-06-08,336.693089
2021-06-09,336.793165
2021-06-10,340.342278
2021-06-11,341.260797
2021-06-14,344.456189
2021-06-15,342.077969
2021-06-16,340.921997
2021-06-17,345.322578
2021-06-18,342.535569
2021-06-21,344.309274
2021-06-22,347.550599
2021-06-23,347.641888
2021-06-24,349.873371
2021-06-25,349.363417
2021-06-28,353.739704
2021-06-29,354.912476
2021-06-30,354.480447
2021-07-01,354.60641
2021-07-02,358.719766
2021-07-05,358.719766
2021-07-06,360.177563
2021-07-07,360.764356
2021-07-08,358.611035
2021-07-09,361.140834
2021-07-12,362.400171
2021-07-13,362.316676
2021-07-14,362.945283
2021-07-15,360.368219
2021-07-16,357.60301
2021-07-19,354.37979
2021-07-20,358.739509
2021-07-21,361.524167
2021-07-22,363.897478
2021-07-23,368.094877
2021-07-26,368.441821
2021-07-27,364.325068
2021-07-28,365.811561
2021-07-29,366.555476
2021-07-30,364.401408
2021-08-02,364.490182
2021-08-03,366.869628
2021-08-04,367.402566
2021-08-05,369.830574
2021-08-06,368.126513
2021-08-09,368.712409
2021-08-10,366.773834
2021-08-11,366.156618
2021-08-12,367.674327
2021-08-13,368.833808
2021-08-16,368.959874
2021-08-17,365.601861
2021-08-18,362.142718
2021-08-19,364.008593
2021-08-20,367.865407
2021-08-23,373.226527
2021-08-24,374.318417
2021-08-25,374.595711
2021-08-26,372.398693
2021-08-27,376.153433
2021-08-30,380.348835
2021-08-31,379.820104
2021-09-01,380.545242
2021-09-02,380.403135
2021-09-03,381.581212
2021-09-06,381.581212
2021-09-07,382.136921
2021-09-08,380.797436
2021-09-09,379.349248
2021-09-10,376.413379
2021-09-13,376.26105
2021-09-14,375.036207
2021-09-15,377.97183
2021-09-16,378.27113
2021-09-17,373.822036
2021-09-20,365.582074
2021-09-21,365.997452
2021-09-22,369.617608
2021-09-23,373.026636
2021-09-24,373.341101
2021-09-27,370.304054
2021-09-28,359.720428
2021-09-29,359.306876
2021-09-30,357.773843
2021-10-01,360.257971
2021-10-04,352.509528
2021-10-05,357.456638
2021-10-06,359.709907
2021-10-07,362.888963
2021-10-08,361.022878
2021-10-11,358.414747
2021-10-12,357.155737
2021-10-13,359.893211
2021-10-14,366.656804
2021-10-15,368.952073
2021-10-18,372.699472
2021-10-19,375.372047
2021-10-20,374.833953
2021-10-21,377.288657
2021-10-22,374.006448
2021-10-25,377.883671
2021-10-26,378.984608
2021-10-27,379.930007
2021-10-28,384.314669
2021-10-29,386.102542
2021-11-01,387.435062
2021-11-02,389.073552
2021-11-03,393.260229
2021-11-04,398.209358
2021-11-05,398.586226
2021-11-08,398.015431
2021-11-09,395.196176
2021-11-10,389.518858
2021-11-11,390.658837
2021-11-12,394.75606
2021-11-15,394.520279
2021-11-16,397.456259
2021-11-17,397.491251
2021-11-18,401.754865
2021-11-19,403.948979
2021-11-22,399.264554
2021-11-23,397.455664
2021-11-24,398.957274
2021-11-25,398.957274
2021-11-26,390.616522
2021-11-29,399.71919
2021-11-30,393.309356
2021-12-01,387.041469
2021-12-02,389.83988
2021-12-03,383.045934
2021-12-06,386.312585
2021-12-07,397.988746
2021-12-08,399.658952
2021-12-09,393.707493
2021-12-10,398.143045
2021-12-13,392.066566
2021-12-14,388.01452
2021-12-15,397.137164
2021-12-16,386.769603
2021-12-17,385.24186
2021-12-20,380.513274
2021-12-21,389.294821
2021-12-22,394.013428
2021-12-23,397.121969
2021-12-24,397.121969
2021-12-27,403.43386
2021-12-28,401.511828
2021-12-29,401.566808
2021-12-30,400.06991
2021-12-31,397.411496
2022-01-03,401.833674
2022-01-04,396.495766
2022-01-05,384.131149
2022-01-06,383.974101
2022-01-07,379.755907
2022-01-10,380.295349
2022-01-11,385.886712
2022-01-12,387.369379
2022-01-13,377.395884
2022-01-14,380.211766
2022-01-17,380.211766
2022-01-18,370.448796
2022-01-19,366.479542
2022-01-20,361.573524
2022-01-21,351.630838
2022-01-24,353.362058
2022-01-25,344.583519
2022-01-26,345.157247
2022-01-27,341.024174
2022-01-28,352.047355
2022-01-31,363.622995
2022-02-01,365.814735
2022-02-02,368.736342
2022-02-03,353.192289
2022-02-04,357.990878
2022-02-07,354.99429
2022-02-08,359.272777
2022-02-09,366.828433
2022-02-10,358.289315
2022-02-11,347.286499
2022-02-14,347.676097
2022-02-15,356.250668
2022-02-16,355.904185
2022-02-17,345.400258
2022-02-18,341.449483
2022-02-21,341.449483
2022-02-22,338.068348
2022-02-23,329.274096
2022-02-24,340.653608
2022-02-25,345.876693
2022-02-28,347.059258
2022-03-01,341.413553
2022-03-02,347.221874
2022-03-03,342.18259
2022-03-04,337.370838
2022-03-07,324.745143
2022-03-08,323.483974
2022-03-09,335.041816
2022-03-10,331.385648
2022-03-11,324.339227
2022-03-14,318.163911
2022-03-15,328.197752
2022-03-16,340.327251
2022-03-17,344.265445
2022-03-18,351.600668
2022-03-21,350.137844
2022-03-22,356.911239
2022-03-23,351.873934
2022-03-24,359.619127
2022-03-25,359.335961
2022-03-28,365.009956
2022-03-29,371.142217
2022-03-30,367.067669
2022-03-31,361.397679
2022-04-01,361.944946
2022-04-04,369.208425
2022-04-05,361.026632
2022-04-06,353.189739
2022-04-07,353.9909
2022-04-08,349.012039
2022-04-11,340.802737
2022-04-12,339.584192
2022-04-13,346.338275
2022-04-14,338.439261
2022-04-15,338.439261
2022-04-18,338.86472
2022-04-19,346.155698
2022-04-20,340.998141
2022-04-21,334.224941
2022-04-22,325.365965
2022-04-25,329.658534
2022-04-26,316.913614
2022-04-27,316.757111
2022-04-28,327.789449
2022-04-29,313.143113
2022-05-02,318.523949
2022-05-03,318.872113
2022-05-04,329.726127
2022-05-05,313.081738
2022-05-06,309.34009
2022-05-09,297.031871
2022-05-10,300.884037
2022-05-11,291.678094
2022-05-12,291.181746
2022-05-13,301.946807
2022-05-16,298.471492
2022-05-17,306.274803
2022-05-18,290.865014
2022-05-19,289.598892
2022-05-20,288.620031
2022-05-23,293.458023
2022-05-24,287.017604
2022-05-25,291.260944
2022-05-26,299.377009
2022-05-27,309.23898
2022-05-30,309.23898
2022-05-31,308.284153
2022-06-01,306.022321
2022-06-02,314.451244
2022-06-03,306.049079
2022-06-06,307.306815
2022-06-07,310.036485
2022-06-08,307.686218
2022-06-09,299.287263
2022-06-10,288.642792
2022-06-13,275.383182
2022-06-14,275.99349
2022-06-15,282.860448
2022-06-16,271.507466
2022-06-17,274.871776
2022-06-20,274.871776
2022-06-21,281.223287
2022-06-22,280.758014
2022-06-23,284.894895
2022-06-24,294.828707
2022-06-27,292.450532
2022-06-28,283.428344
2022-06-29,283.938598
2022-06-30,280.181078
2022-07-01,282.170539
2022-07-04,282.170539
2022-07-05,286.971678
2022-07-06,288.73985
2022-07-07,294.984192
2022-07-08,295.392898
2022-07-11,288.928912
2022-07-12,286.12005
2022-07-13,285.717757
2022-07-14,286.686898
2022-07-15,291.922742
2022-07-18,289.337152
2022-07-19,298.391333
2022-07-20,303.022344
2022-07-21,307.396783
2022-07-22,301.963404
2022-07-25,300.304701
2022-07-26,294.427158
2022-07-27,306.954776
2022-07-28,309.797795
2022-07-29,315.423454
2022-08-01,315.246611
2022-08-02,314.290857
2022-08-03,322.851511
2022-08-04,324.301069
2022-08-05,321.838634
2022-08-08,320.655213
2022-08-09,316.987513
2022-08-10,326.006095
2022-08-11,323.941604
2022-08-12,330.623186
2022-08-15,333.088076
2022-08-16,332.310949
2022-08-17,328.411207
2022-08-18,329.283933
2022-08-19,322.872699
2022-08-22,314.291392
2022-08-23,314.076632
2022-08-24,314.961901
2022-08-25,320.469038
2022-08-26,307.354069
2022-08-29,304.420428
2022-08-30,300.977593
2022-08-31,299.282454
2022-09-01,299.385996
2022-09-02,295.092525
2022-09-05,295.092525
2022-09-06,292.970339
2022-09-07,299.011186
2022-09-08,300.525944
2022-09-09,307.024404
2022-09-12,310.709791
2022-09-13,293.521942
2022-09-14,296.011622
2022-09-15,290.971995
2022-09-16,289.357527
2022-09-19,291.074762
2022-09-20,288.596069
2022-09-21,283.434266
2022-09-22,280.117842
2022-09-23,275.477244
2022-09-26,274.084665
2022-09-27,274.512615
2022-09-28,279.92032
2022-09-29,271.92865
2022-09-30,267.211377
2022-10-03,273.504025
2022-10-04,282.166168
2022-10-05,281.936805
2022-10-06,279.807658
2022-10-07,268.946296
2022-10-10,266.205562
2022-10-11,262.902057
2022-10-12,262.761049
2022-10-13,268.7971
2022-10-14,260.477248
2022-10-17,269.496154
2022-10-18,271.569236
2022-10-19,270.487707
2022-10-20,269.106382
2022-10-21,275.520791
2022-10-24,278.439344
2022-10-25,284.274814
2022-10-26,277.847737
2022-10-27,272.639851
2022-10-28,281.298733
2022-10-31,277.872911
2022-11-01,275.03197
2022-11-02,265.714621
2022-11-03,260.462783
2022-11-04,264.609664
2022-11-07,267.529299
2022-11-08,269.544086
2022-11-09,263.21305
2022-11-10,282.894854
2022-11-11,288.029058
2022-11-14,285.233965
2022-11-15,289.37669
2022-11-16,285.294389
2022-11-17,284.755253
2022-11-18,284.75448
2022-11-21,281.75153
2022-11-22,285.926441
2022-11-23,288.714956
2022-11-24,288.714956
2022-11-25,286.697009
2022-11-28,282.598
2022-11-29,280.550894
2022-11-30,293.399289
2022-12-01,293.72968
2022-12-02,292.575318
2022-12-05,287.525232
2022-12-06,281.751126
2022-12-07,280.476326
2022-12-08,283.899854
2022-12-09,282.089301
2022-12-12,285.57237
2022-12-13,288.688
2022-12-14,286.445641
2022-12-15,276.80994
2022-12-16,274.334308
2022-12-19,269.847735
2022-12-20,269.548836
2022-12-21,273.526531
2022-12-22,266.715081
2022-12-23,267.422614
2022-12-26,267.422614
2022-12-27,263.454673
2022-12-28,259.974413
2022-12-29,266.600245
2022-12-30,266.322666
2023-01-02,266.322666
2023-01-03,264.472127
2023-01-04,265.778718
2023-01-05,261.559684
2023-01-06,268.837616
2023-01-09,270.499113
2023-01-10,272.867168
2023-01-11,277.655266
2023-01-12,279.043512
2023-01-13,281.030413
2023-01-16,281.030413
2023-01-17,281.411165
2023-01-18,277.833472
2023-01-19,275.041704
2023-01-20,282.909063
2023-01-23,289.07915
2023-01-24,288.447074
2023-01-25,287.66752
2023-01-26,293.43049
2023-01-27,296.228193
2023-01-30,290.065413
2023-01-31,294.678089
2023-02-01,301.039456
2023-02-02,311.759873
2023-02-03,306.1656
2023-02-06,303.553691
2023-02-07,309.97299
2023-02-08,304.310855
2023-02-09,301.554211
2023-02-10,299.752879
2023-02-13,304.559882
2023-02-14,306.74509
2023-02-15,309.210208
2023-02-16,303.237775
2023-02-17,301.183837
2023-02-20,301.183837
2023-02-21,293.930377
2023-02-22,294.079663
2023-02-23,296.884501
2023-02-24,291.777151
2023-02-27,293.926834
2023-02-28,293.546072
2023-03-01,291.04417
2023-03-02,293.681827
2023-03-03,299.664179
2023-03-06,299.94681
2023-03-07,296.288263
2023-03-08,297.824239
2023-03-09,292.508212
2023-03-10,288.471972
2023-03-13,290.734437
2023-03-14,297.509347
2023-03-15,298.762282
2023-03-16,306.795895
2023-03-17,305.293248
2023-03-20,305.859396
2023-03-21,310.258121
2023-03-22,306.013629
2023-03-23,309.957654
2023-03-24,310.873094
2023-03-27,308.583591
2023-03-28,307.060405
2023-03-29,312.790775
2023-03-30,315.659722
2023-03-31,320.966573
2023-04-03,320.161472
2023-04-04,319.053492
2023-04-05,315.825078
2023-04-06,318.148937
2023-04-07,318.148937
2023-04-10,317.87058
2023-04-11,315.749025
2023-04-12,312.928103
2023-04-13,319.281126
2023-04-14,318.548618
2023-04-17,318.746433
2023-04-18,318.84399
2023-04-19,318.767303
2023-04-20,316.264611
2023-04-21,316.61939
2023-04-24,315.862739
2023-04-25,309.905337
2023-04-26,311.889531
2023-04-27,320.494331
2023-04-28,322.581648
2023-05-01,322.229822
2023-05-02,319.360175
2023-05-03,317.32695
2023-05-04,316.189362
2023-05-05,322.946416
2023-05-08,323.736072
2023-05-09,321.540933
2023-05-10,325.122316
2023-05-11,326.175794
2023-05-12,325.03655
2023-05-15,326.819976
2023-05-16,327.125788
2023-05-17,331.221039
2023-05-18,337.205774
2023-05-19,336.447647
2023-05-22,337.57179
2023-05-23,333.256107
2023-05-24,331.604165
2023-05-25,339.738219
2023-05-26,348.496265
2023-05-29,348.496265
2023-05-30,349.878482
2023-05-31,347.445514
2023-06-01,352.048854
2023-06-02,354.612936
2023-06-05,354.865738
2023-06-06,354.903757
2023-06-07,348.700974
2023-06-08,353.124569
2023-06-09,354.185531
2023-06-12,360.414643
2023-06-13,363.261379
2023-06-14,365.843041
2023-06-15,370.217991
2023-06-16,367.737441
2023-06-19,367.737441
2023-06-20,366.895834
2023-06-21,362.006196
2023-06-22,366.261412
2023-06-23,362.583251
2023-06-26,357.652332
2023-06-27,363.904288
2023-06-28,364.356764
2023-06-29,363.775092
2023-06-30,369.593825
2023-07-03,370.337213
2023-07-04,370.337213
2023-07-05,370.254567
2023-07-06,367.470459
2023-07-07,366.192385
2023-07-10,366.404283
2023-07-11,368.189776
2023-07-12,372.768623
2023-07-13,379.211953
2023-07-14,379.050417
2023-07-17,382.643271
2023-07-18,385.75912
2023-07-19,385.391856
2023-07-20,376.619493
2023-07-21,375.629435
2023-07-24,376.167192
2023-07-25,378.924413
2023-07-26,377.415521
2023-07-27,376.577607
2023-07-28,383.568588
2023-07-31,383.714313
2023-08-01,382.766764
2023-08-02,374.310585
2023-08-03,373.889876
2023-08-04,371.985777
2023-08-07,375.229222
2023-08-08,371.945426
2023-08-09,367.800125
2023-08-10,368.507001
2023-08-11,366.105188
2023-08-14,370.445475
2023-08-15,366.355121
2023-08-16,362.511714
2023-08-17,358.63389
2023-08-18,358.134804
2023-08-21,364.027358
2023-08-22,363.350442
2023-08-23,369.177322
2023-08-24,361.116443
2023-08-25,364.162889
2023-08-28,366.854156
2023-08-29,374.743394
2023-08-30,376.866637
2023-08-31,377.87868
2023-09-01,377.638795
2023-09-04,377.638795
2023-09-05,378.061001
2023-09-06,374.730249
2023-09-07,371.995223
2023-09-08,372.517591
2023-09-11,376.937287
2023-09-12,372.760191
2023-09-13,374.189319
2023-09-14,377.278644
2023-09-15,370.663107
2023-09-18,370.684677
2023-09-19,369.85161
2023-09-20,364.520825
2023-09-21,357.80755
2023-09-22,357.968485
2023-09-25,359.617045
2023-09-26,354.184581
2023-09-27,355.01848
2023-09-28,358.028592
2023-09-29,358.326472
2023-10-02,361.302453
2023-10-03,354.766345
2023-10-04,359.892228
2023-10-05,358.608721
2023-10-06,364.69333
2023-10-09,366.490707
2023-10-10,368.542553
2023-10-11,371.208593
2023-10-12,369.818552
2023-10-13,365.21175
2023-10-16,369.533758
2023-10-17,368.296997
2023-10-18,363.115628
2023-10-19,360.043427
2023-10-20,354.62694
2023-10-23,355.695488
2023-10-24,359.126264
2023-10-25,350.263902
2023-10-26,343.638644
2023-10-27,345.35772
2023-10-30,349.167979
2023-10-31,350.974279
2023-11-01,357.186678
2023-11-02,363.397857
2023-11-03,367.778872
2023-11-06,369.145808
2023-11-07,372.578609
2023-11-08,372.995827
2023-11-09,369.998987
2023-11-10,378.358159
2023-11-13,377.246777
2023-11-14,385.296726
2023-11-15,385.508558
2023-11-16,385.93408
2023-11-17,386.049339
2023-11-20,390.650323
2023-11-21,388.385608
2023-11-22,390.041558
2023-11-23,390.041558
2023-11-24,389.565695
2023-11-27,389.071619
2023-11-28,390.250531
2023-11-29,389.727252
2023-11-30,388.8551
2023-12-01,390.076421
2023-12-04,386.22937
2023-12-05,387.156093
2023-12-06,384.971272
2023-12-07,390.694273
2023-12-08,392.206367
2023-12-11,395.536179
2023-12-12,398.775066
2023-12-13,403.839453
2023-12-14,403.271886
2023-12-15,405.353799
2023-12-18,407.12427
2023-12-19,409.199139
2023-12-20,402.924435
2023-12-21,407.869492
2023-12-22,408.353937
2023-12-25,408.353937
2023-12-26,410.804774
2023-12-27,411.285453
2023-12-28,411.099452
2023-12-29,409.336552
2024-01-01,409.336552
2024-01-02,402.505343
2024-01-03,398.286541
2024-01-04,396.192047
2024-01-05,396.772928
2024-01-08,405.135151
2024-01-09,405.842472
2024-01-10,408.621868
2024-01-11,409.297238
2024-01-12,409.587788
2024-01-15,409.587788
2024-01-16,409.525095
2024-01-17,407.22564
2024-01-18,413.208227
2024-01-19,421.275789
2024-01-22,421.667295
2024-01-23,423.460994
2024-01-24,425.772022
2024-01-25,426.200032
2024-01-26,423.862782
2024-01-29,428.119411
2024-01-30,425.246862
2024-01-31,416.993257
2024-02-01,422.05304
2024-02-02,429.30082
2024-02-05,428.575124
2024-02-06,427.60942
2024-02-07,432.042904
2024-02-08,432.763504
2024-02-09,437.168605
2024-02-12,435.238849
2024-02-13,428.370263
2024-02-14,433.488069
2024-02-15,434.458005
2024-02-16,430.581456
2024-02-19,430.581456
2024-02-20,427.168909
2024-02-21,425.567996
2024-02-22,438.383168
2024-02-23,436.751242
2024-02-26,436.640038
2024-02-27,437.556803
2024-02-28,435.242409
2024-02-29,439.464085
2024-03-01,445.776213
2024-03-04,443.942432
2024-03-05,435.948735
2024-03-06,438.858567
2024-03-07,445.726292
2024-03-08,438.923385
2024-03-11,437.292054
2024-03-12,443.80398
2024-03-13,440.136667
2024-03-14,438.875761
2024-03-15,433.848368
2024-03-18,437.567155
2024-03-19,438.712955
2024-03-20,443.853345
2024-03-21,445.803606
2024-03-22,446.265012
2024-03-25,444.739802
2024-03-26,443.118987
2024-03-27,444.854879
2024-03-28,444.220301
2024-03-29,444.220301
2024-04-01,445.147421
2024-04-02,441.014413
2024-04-03,441.999452
2024-04-04,435.153862
2024-04-05,440.738819
2024-04-08,440.53061
2024-04-09,442.232151
2024-04-10,438.379931
2024-04-11,445.587844
2024-04-12,438.178033
2024-04-15,430.954349
2024-04-16,431.118184
2024-04-17,425.762849
2024-04-18,423.345122
2024-04-19,414.666179
2024-04-22,418.873803
2024-04-23,425.210862
2024-04-24,426.561736
2024-04-25,424.233274
2024-04-26,431.236833
2024-04-29,432.796652
2024-04-30,424.473939
2024-05-01,421.500332
2024-05-02,426.922776
2024-05-03,435.423437
2024-05-06,440.366094
2024-05-07,440.349864
2024-05-08,440.191069
2024-05-09,440.92186
2024-05-10,442.140514
2024-05-13,443.043838
2024-05-14,446.088784
2024-05-15,452.818395
2024-05-16,451.956879
2024-05-17,451.673744
2024-05-20,454.786088
2024-05-21,455.755101
2024-05-22,455.554221
2024-05-23,453.569944
2024-05-24,458.066942
2024-05-27,458.066942
2024-05-28,459.543133
2024-05-29,456.317996
2024-05-30,451.526904
2024-05-31,451.507434
2024-06-03,453.064695
2024-06-04,454.408658
2024-06-05,463.65742
2024-06-06,463.333303
2024-06-07,462.907754
2024-06-10,464.72245
2024-06-11,468.023545
2024-06-12,474.224276
2024-06-13,476.947165
2024-06-14,479.043283
2024-06-17,484.945633
2024-06-18,485.100022
2024-06-19,485.100022
2024-06-20,481.286137
2024-06-21,480.021731
2024-06-24,473.835616
2024-06-25,479.343543
2024-06-26,480.555272
2024-06-27,481.476716
2024-06-28,478.919333
2024-07-01,482.05829
2024-07-02,486.91326
2024-07-03,491.200718
2024-07-04,491.200718
2024-07-05,496.242606
2024-07-08,497.398629
2024-07-09,497.723951
2024-07-10,503.138638
2024-07-11,491.847384
2024-07-12,494.768971
2024-07-15,496.108213
2024-07-16,496.391328
2024-07-17,481.804757
2024-07-18,479.514156
2024-07-19,475.072843
2024-07-22,482.368648
2024-07-23,480.699
2024-07-24,463.133811
2024-07-25,458.222154
2024-07-26,462.940109
2024-07-29,463.808074
2024-07-30,457.402412
2024-07-31,471.210509
2024-08-01,459.724493
2024-08-02,448.786044
2024-08-05,435.503907
2024-08-06,439.954305
2024-08-07,434.847022
2024-08-08,448.14937
2024-08-09,450.586252
2024-08-12,451.345813
2024-08-13,462.640647
2024-08-14,463.033299
2024-08-15,474.50191
2024-08-16,475.034248
2024-08-19,481.301836
2024-08-20,480.168697
2024-08-21,482.720849
2024-08-22,474.635764
2024-08-23,480.204796
2024-08-26,475.226481
2024-08-27,476.807131
2024-08-28,471.192982
2024-08-29,470.574327
2024-08-30,476.681297
2024-09-02,476.681297
2024-09-03,461.702536
2024-09-04,460.814651
2024-09-05,461.060025
2024-09-06,448.744075
2024-09-09,454.590767
2024-09-10,458.687675
2024-09-11,468.614547
2024-09-12,473.141109
2024-09-13,475.425649
2024-09-16,473.213129
2024-09-17,473.447272
2024-09-18,471.306351
2024-09-19,483.432331
2024-09-20,482.253632
2024-09-23,483.045632
2024-09-24,485.296801
2024-09-25,485.969564
2024-09-26,489.443944
2024-09-27,486.850426
2024-09-30,488.129109
2024-10-01,481.135277
2024-10-02,481.935303
2024-10-03,481.707838
2024-10-04,487.584368
2024-10-07,481.881183
2024-10-08,489.350386
2024-10-09,493.266235
2024-10-10,492.613661
2024-10-11,493.347611
2024-10-14,497.403835
2024-10-15,490.608616
2024-10-16,490.951942
2024-10-17,491.34761
2024-10-18,494.595833
2024-10-21,495.498128
2024-10-22,496.034952
2024-10-23,488.328214
2024-10-24,492.361739
2024-10-25,495.264566
2024-10-28,495.233421
2024-10-29,500.090229
2024-10-30,496.123341
2024-10-31,484.063175
2024-11-01,487.549112
2024-11-04,485.85607
2024-11-05,492.272137
2024-11-06,505.743476
2024-11-07,513.542291
2024-11-08,513.994644
2024-11-11,513.728648
2024-11-12,512.854966
2024-11-13,512.014837
2024-11-14,508.627225
2024-11-15,496.473358
2024-11-18,500.04026
2024-11-19,503.579466
2024-11-20,503.15127
2024-11-21,505.03333
2024-11-22,505.900706
2024-11-25,506.592294
2024-11-26,509.460297
2024-11-27,505.151759
2024-11-28,505.151759
2024-11-29,509.690967
2024-12-02,515.380517
2024-12-03,516.973396
2024-12-04,523.37136
2024-12-05,521.775489
2024-12-06,526.634686
2024-12-09,522.255179
2024-12-10,520.489227
2024-12-11,530.124562
2024-12-12,526.503983
2024-12-13,530.567043
2024-12-16,538.276887
2024-12-17,535.948961
2024-12-18,516.684857
2024-12-19,514.278374
2024-12-20,518.621064
2024-12-23,523.053884
2024-12-24,530.209584
2024-12-25,530.209584
2024-12-26,529.49011
2024-12-27,522.30414
2024-12-30,515.587888
2024-12-31,511.107492
2025-01-01,511.107492
2025-01-02,510.212944
2025-01-03,518.801697
2025-01-06,524.479439
2025-01-07,515.07602
2025-01-08,515.304372
2025-01-09,515.304372
2025-01-10,507.200351
2025-01-13,505.662971
2025-01-14,504.996332
2025-01-15,516.680251
2025-01-16,513.111404
2025-01-17,521.619945
2025-01-20,521.619945
2025-01-21,524.657725
2025-01-22,531.623813
2025-01-23,532.786956
2025-01-24,529.696711
2025-01-27,513.955896
2025-01-28,522.120629
2025-01-29,520.863041
2025-01-30,523.211557
2025-01-31,522.525389
2025-02-03,518.126871
2025-02-04,524.675765
2025-02-05,526.892404
2025-02-06,529.708912
2025-02-07,522.856006
2025-02-10,529.370009
2025-02-11,527.840687
2025-02-12,528.469451
2025-02-13,536.042741
2025-02-14,538.151636
2025-02-17,538.151636
2025-02-18,539.359008
2025-02-19,539.623455
2025-02-20,537.099796
2025-02-21,526.073186
2025-02-24,519.719608
2025-02-25,513.277313
2025-02-26,514.387236
2025-02-27,500.233544
2025-02-28,508.407393
2025-03-03,497.237946
2025-03-04,495.474038
2025-03-05,502.195121
2025-03-06,488.225329
2025-03-07,491.931046
2025-03-10,473.212226
2025-03-11,471.896326
2025-03-12,477.225762
2025-03-13,468.232879
2025-03-14,479.966015
2025-03-17,482.575415
2025-03-18,474.577092
2025-03-19,480.743272
2025-03-20,479.364333
2025-03-21,481.219136
2025-03-24,490.874063
2025-03-25,493.483555
2025-03-26,484.460075
2025-03-27,481.578069
2025-03-28,469.00399
2025-03-31,468.948212
2025-04-01,472.788556
2025-04-02,476.362112
2025-04-03,450.620407
2025-04-04,423.284728
2025-04-07,424.080162
2025-04-08,415.800379
2025-04-09,465.778292
2025-04-10,446.288736
2025-04-11,454.716238
2025-04-14,457.286403
2025-04-15,458.115883
2025-04-16,444.185056
2025-04-17,444.193453
2025-04-18,444.193453
2025-04-21,433.242315
2025-04-22,444.626742
2025-04-23,454.764524
2025-04-24,467.438998
2025-04-25,472.752172
2025-04-28,472.620972
2025-04-29,475.480837
2025-04-30,476.152881
2025-05-01,481.397105
2025-05-02,489.097586
2025-05-05,485.813676
2025-05-06,481.522706
2025-05-07,483.383933
2025-05-08,488.139211
2025-05-09,488.101188
2025-05-12,507.793971
2025-05-13,515.807691
2025-05-14,518.766164
2025-05-15,519.263496
2025-05-16,521.606649
2025-05-19,522.075541
2025-05-20,520.13757
2025-05-21,513.152852
2025-05-22,513.951168
2025-05-23,509.16927
2025-05-26,509.16927
2025-05-27,521.304854
2025-05-28,518.948331
2025-05-29,520.059189
2025-05-30,519.553627
2025-06-02,523.212361
2025-06-03,527.365154
2025-06-04,528.846306
2025-06-05,524.630817
2025-06-06,529.915454
2025-06-09,530.815497
2025-06-10,534.321055
2025-06-11,532.34808
2025-06-12,533.622755
2025-06-13,526.817647
2025-06-16,534.280624
2025-06-17,528.962747
2025-06-18,528.98425
2025-06-19,528.98425
2025-06-20,526.768797
2025-06-23,531.762339
2025-06-24,539.888853
2025-06-25,541.041611
2025-06-26,546.136092
2025-06-27,548.257357
2025-06-30,551.790462
2025-07-01,546.901044
2025-07-02,550.921071
2025-07-03,556.445799
2025-07-04,556.445799
2025-07-07,552.02493
2025-07-08,552.430587
2025-07-09,556.38429
2025-07-10,555.523527
2025-07-11,554.338336
2025-07-14,556.154446
2025-07-15,556.855791
2025-07-16,557.421436
2025-07-17,561.628705
2025-07-18,561.246785
2025-07-21,564.037603
2025-07-22,561.201271
2025-07-23,563.602236
2025-07-24,564.997217
2025-07-25,566.268744
2025-07-28,568.303066
2025-07-29,567.145707
2025-07-30,568.045312
2025-07-31,564.985599
2025-08-01,553.937877
2025-08-04,564.273983
2025-08-05,560.141809
2025-08-06,567.350638
2025-08-07,569.159371
2025-08-08,574.575603
2025-08-11,572.571247
2025-08-12,580.171132
2025-08-13,580.407402
2025-08-14,580.015459
2025-08-15,577.135722
2025-08-18,577.187205
2025-08-19,569.188784
2025-08-20,565.896956
2025-08-21,563.389715
2025-08-22,572.083957
2025-08-25,570.313312
2025-08-26,572.735096
2025-08-27,573.71992
2025-08-28,577.06397
2025-08-29,570.109734
2025-09-01,570.109734
2025-09-02,565.629596
2025-09-03,570.097622
2025-09-04,575.455621
2025-09-05,575.997825
2025-09-08,578.691537
2025-09-09,580.577727
2025-09-10,580.804966
2025-09-11,584.290518
2025-09-12,586.730922
2025-09-15,591.66903
2025-09-16,591.190675
2025-09-17,589.964539
2025-09-18,595.585385
2025-09-19,599.750235
2025-09-22,602.401011
2025-09-23,597.997175
2025-09-24,596.141222
2025-09-25,593.553286
2025-09-26,596.151587
2025-09-29,598.756817
2025-09-30,600.443907
2025-10-01,603.420041
2025-10-02,605.652157
2025-10-03,603.09948
2025-10-06,607.78518
2025-10-07,604.416966
2025-10-08,611.623456
2025-10-09,610.695747
2025-10-10,589.375009
2025-10-13,602.221114
2025-10-14,598.05984
2025-10-15,602.095529
2025-10-16,599.948824
2025-10-17,603.854811
2025-10-20,611.703405
2025-10-21,611.362264
2025-10-22,605.323268
2025-10-23,610.632791
2025-10-24,616.972577
2025-10-27,628.234184
2025-10-28,632.875441
2025-10-29,635.495823
2025-10-30,626.126529
2025-10-31,629.182786
2025-11-03,631.965367
2025-11-04,618.900959
2025-11-05,623.381334
2025-11-06,611.458955
2025-11-07,609.759686
2025-11-10,623.255086
2025-11-11,621.348196
2025-11-12,620.957456
2025-11-13,608.220452
2025-11-14,608.65092
2025-11-17,603.585407
2025-11-18,596.374123
2025-11-19,599.717991
2025-11-20,585.566276
2025-11-21,590.108901
2025-11-24,605.535884
2025-11-25,609.050189
2025-11-26,614.400836
2025-11-27,614.400836
2025-11-28,619.232182
2025-12-01,616.98315
2025-12-02,622.161082
2025-12-03,623.427068
2025-12-04,622.853448
2025-12-05,625.607039
2025-12-08,624.084352
2025-12-09,625.076132
2025-12-10,627.700543
2025-12-11,625.51384
2025-12-12,613.614403
2025-12-15,610.503473
2025-12-16,612.097705
2025-12-17,600.288652
2025-12-18,609.328298
2025-12-19,617.274352
2025-12-22,619.314273
2025-12-23,622.377687
2025-12-24,624.040906
2025-12-25,624.040906
2025-12-26,623.748919
2025-12-29,620.866482
2025-12-30,619.331752
2025-12-31,614.181491
2026-01-01,614.181491
2026-01-02,613.182184
2026-01-05,617.917651
2026-01-06,623.710854
2026-01-07,624.052798
2026-01-08,620.480452
2026-01-09,626.792328
2026-01-12,627.303511
2026-01-13,626.188968
2026-01-14,619.514819
2026-01-15,621.484611
2026-01-16,621.04849
2026-01-19,621.04849
2026-01-20,607.855845
2026-01-21,616.100079
2026-01-22,620.76208
2026-01-23,622.878148
2026-01-26,625.48993
2026-01-27,630.997545
2026-01-28,633.027384
2026-01-29,629.664275
2026-01-30,621.648701
2026-02-02,626.169557
2026-02-03,616.436437
2026-02-04,605.550456
2026-02-05,597.214743
2026-02-06,610.033252
2026-02-09,614.749472
2026-02-10,611.349893
2026-02-11,613.143374
2026-02-12,600.643929
2026-02-13,601.811994
2026-02-16,601.811994
2026-02-17,601.066363
2026-02-18,605.867926
2026-02-19,603.487044
2026-02-20,608.724528
2026-02-23,601.335386
2026-02-24,607.855067
2026-02-25,616.419272
2026-02-26,609.250574
2026-02-27,607.509242
2026-03-02,608.306422
2026-03-03,601.688926
2026-03-04,610.794377
2026-03-05,609.05067
2026-03-06,599.953422
2026-03-09,607.868679
2026-03-10,607.604009
2026-03-11,607.836161
2026-03-12,597.33237
2026-03-13,593.681609
2026-03-16,600.377074
2026-03-17,603.41917
2026-03-18,594.765083
2026-03-19,593.062291
2026-03-20,581.969026
2026-03-23,588.326696
2026-03-24,583.797187
2026-03-25,587.7101
2026-03-26,573.701086
2026-03-27,562.662886
2026-03-30,558.28974
2026-03-31,577.441181
2026-04-01,584.280897
2026-04-02,584.953889
2026-04-03,584.953889
2026-04-06,588.510949
2026-04-07,588.757067
2026-04-08,605.80148
2026-04-09,610.162759
2026-04-10,610.995117
2026-04-13,617.489422
2026-04-14,628.634352
2026-04-15,637.451117
2026-04-16,640.572371
2026-04-17,648.825074
2026-04-20,646.818372
2026-04-21,644.118067
2026-04-22,655.25084
2026-04-23,651.485857
2026-04-24,664.156569
2026-04-27,664.203435
2026-04-28,657.479459
2026-04-29,661.31879
2026-04-30,667.764871
2026-05-01,674.063836
2026-05-04,672.650576
2026-05-05,681.532067
2026-05-06,695.736859
2026-05-07,694.876667
2026-05-08,711.251534
2026-05-11,713.371413
2026-05-12,707.144413
2026-05-13,714.510362
2026-05-14,719.706513
2026-05-15,708.749772
2026-05-18,705.572745
2026-05-19,701.312126
2026-05-20,712.969692
2026-05-21,714.50937
2026-05-22,717.545759
2026-05-25,717.545759
2026-05-26,730.173856
2026-05-27,729.497478
2026-05-28,735.586105
2026-05-29,738.286539
2026-06-01,742.673066
2026-06-02,746.255813
2026-06-03,744.078496
2026-06-04,740.244204
2026-06-05,705.040931
2026-06-08,716.171425
2026-06-09,708.144898
2026-06-10,694.108225
2026-06-11,716.939156
2026-06-12,721.577498
2026-06-15,743.733492
2026-06-16,729.715439
2026-06-17,722.486194
2026-06-18,740.379458
2026-06-19,740.379458
2026-06-22,738.147398
2026-06-23,713.825777
2026-06-24,710.739891
2026-06-25,716.09368
2026-06-26,708.265635
2026-06-29,724.223785
2026-06-30,736.443546
2026-07-01,725.114002
2026-07-02,713.436688
2026-07-03,713.436688
2026-07-06,722.447979
2026-07-07,709.674937
2026-07-08,711.609268
2026-07-09,723.159678
2026-07-10,725.542014
2026-07-13,711.884032
2026-07-14,719.718041
2026-07-15,717.678268
2026-07-16,706.075745
2026-07-17,695.536102
2026-07-20,695.80751
2026-07-21,709.206121
2026-07-22,705.382562
2026-07-23,692.16301
2026-07-24,684.239379
2026-07-27,682.061409
2026-07-28,675.370765
2026-07-29,661.481949
2026-07-30,683.712652
2026-07-31,687.833287
2026-08-03,700.049158
2026-08-04,723.309685
2026-08-05,717.337451
2026-08-06,714.550006
2026-08-07,723.043404
2026-08-10,720.650906
2026-08-11,718.304234
2026-08-12,723.5887
2026-08-13,731.911817
2026-08-14,731.010978
2026-08-17,729.775883
