ACCESSION_NUMBER,CIK,REGISTRANT_NAME,SERIES_NAME,SERIES_ID,TOTAL_ASSETS,NET_ASSETS,REPORT_DATE,MONTH_LABEL,MONTH_DATE,SALES_FLOW,REINVESTMENT_FLOW,REDEMPTION_FLOW,NET_FUND_FLOW,NET_FUND_FLOW_PCT
0001410368-26-055485,1064641,SELECT SECTOR SPDR TRUST,State Street(R) Technology Select Sector SPDR(R) Premium Income ETF,S000093832,5084446.02,5020943.85,2026-03-31,MON1,2026-01-31,772172.85,0.0,509556.68,262616.17,5.2304143970859185
0001410368-26-055485,1064641,SELECT SECTOR SPDR TRUST,State Street(R) Technology Select Sector SPDR(R) Premium Income ETF,S000093832,5084446.02,5020943.85,2026-03-31,MON2,2026-02-28,1509541.79,0.0,0.0,1509541.79,30.064900845286292
0001410368-26-055485,1064641,SELECT SECTOR SPDR TRUST,State Street(R) Technology Select Sector SPDR(R) Premium Income ETF,S000093832,5084446.02,5020943.85,2026-03-31,MON3,2026-03-31,243653.17,0.0,731638.52,-487985.35,-9.71899635961872
0001410368-26-055474,1064641,SELECT SECTOR SPDR TRUST,State Street(R) Consumer Discretionary Select Sector SPDR(R) Premium Income ETF,S000093834,1375867.96,1349657.99,2026-03-31,MON1,2026-01-31,0.0,0.0,0.0,0.0,0.0
0001410368-26-055474,1064641,SELECT SECTOR SPDR TRUST,State Street(R) Consumer Discretionary Select Sector SPDR(R) Premium Income ETF,S000093834,1375867.96,1349657.99,2026-03-31,MON2,2026-02-28,242926.03,0.0,0.0,242926.03,17.999080641163026
0001410368-26-055474,1064641,SELECT SECTOR SPDR TRUST,State Street(R) Consumer Discretionary Select Sector SPDR(R) Premium Income ETF,S000093834,1375867.96,1349657.99,2026-03-31,MON3,2026-03-31,437228.32,0.0,453646.4,-16418.080000000016,-1.2164622535224658
0001410368-26-055541,1064641,SELECT SECTOR SPDR TRUST,State Street(R) Communication Services Select Sector SPDR(R) Premium Income ETF,S000093831,1952432.85,1932465.05,2026-03-31,MON1,2026-01-31,0.0,0.0,0.0,0.0,0.0
0001410368-26-055541,1064641,SELECT SECTOR SPDR TRUST,State Street(R) Communication Services Select Sector SPDR(R) Premium Income ETF,S000093831,1952432.85,1932465.05,2026-03-31,MON2,2026-02-28,249711.98,0.0,0.0,249711.98,12.92194029589306
0001410368-26-055541,1064641,SELECT SECTOR SPDR TRUST,State Street(R) Communication Services Select Sector SPDR(R) Premium Income ETF,S000093831,1952432.85,1932465.05,2026-03-31,MON3,2026-03-31,242286.72,0.0,0.0,242286.72,12.537702557673683
0001410368-26-055331,1064641,SELECT SECTOR SPDR TRUST,State Street(R) Technology Select Sector SPDR(R) ETF,S000006415,84231991503.28,84198427150.26,2026-03-31,MON1,2026-01-31,3428785496.9,0.0,4227714180.4,-798928683.5,-0.9488641421700632
0001410368-26-055331,1064641,SELECT SECTOR SPDR TRUST,State Street(R) Technology Select Sector SPDR(R) ETF,S000006415,84231991503.28,84198427150.26,2026-03-31,MON2,2026-02-28,3846334234.15,0.0,4599214575.55,-752880341.4000001,-0.8941738781609476
0001410368-26-055331,1064641,SELECT SECTOR SPDR TRUST,State Street(R) Technology Select Sector SPDR(R) ETF,S000006415,84231991503.28,84198427150.26,2026-03-31,MON3,2026-03-31,4847542509.55,0.0,4648574060.05,198968449.5,0.2363089860870229
0001410368-26-055348,1064641,SELECT SECTOR SPDR TRUST,State Street(R) Materials Select Sector SPDR(R) ETF,S000006414,6545650230.4,6540082781.6,2026-03-31,MON1,2026-01-31,1296071254.6,0.0,1003397889.5,292673365.0999999,4.475071262452717
0001410368-26-055348,1064641,SELECT SECTOR SPDR TRUST,State Street(R) Materials Select Sector SPDR(R) ETF,S000006414,6545650230.4,6540082781.6,2026-03-31,MON2,2026-02-28,1676555945.9,0.0,1081554383.95,595001561.95,9.097768053089318
0001410368-26-055348,1064641,SELECT SECTOR SPDR TRUST,State Street(R) Materials Select Sector SPDR(R) ETF,S000006414,6545650230.4,6540082781.6,2026-03-31,MON3,2026-03-31,811094527.2,0.0,1046174652.75,-235080125.54999995,-3.5944518349428094
0001410368-26-055358,1064641,SELECT SECTOR SPDR TRUST,State Street(R) Energy Select Sector SPDR(R) ETF,S000006410,43607952136.85,43603133295.53,2026-03-31,MON1,2026-01-31,3455636791.35,0.0,797980765.15,2657656026.2,6.095103322477174
0001410368-26-055358,1064641,SELECT SECTOR SPDR TRUST,State Street(R) Energy Select Sector SPDR(R) ETF,S000006410,43607952136.85,43603133295.53,2026-03-31,MON2,2026-02-28,3412008058.95,0.0,1787758978.8,1624249080.1499999,3.7250742260683154
0001410368-26-055358,1064641,SELECT SECTOR SPDR TRUST,State Street(R) Energy Select Sector SPDR(R) ETF,S000006410,43607952136.85,43603133295.53,2026-03-31,MON3,2026-03-31,5114041273.05,0.0,3089885809.5,2024155463.5500002,4.642224791119558
0001410368-26-055323,1064641,SELECT SECTOR SPDR TRUST,State Street(R) Communication Services Select Sector SPDR(R) ETF,S000062095,24287310054.37,24108154068.29,2026-03-31,MON1,2026-01-31,1223646883.8,0.0,973331357.35,250315526.44999993,1.0383023343095588
0001410368-26-055323,1064641,SELECT SECTOR SPDR TRUST,State Street(R) Communication Services Select Sector SPDR(R) ETF,S000062095,24287310054.37,24108154068.29,2026-03-31,MON2,2026-02-28,1005069833.55,0.0,1330545528.85,-325475695.29999995,-1.3500647721847168
0001410368-26-055323,1064641,SELECT SECTOR SPDR TRUST,State Street(R) Communication Services Select Sector SPDR(R) ETF,S000062095,24287310054.37,24108154068.29,2026-03-31,MON3,2026-03-31,1000608181.3,0.0,2484305533.55,-1483697352.2500002,-6.154338270973392
0001410368-26-055337,1064641,SELECT SECTOR SPDR TRUST,State Street(R) Health Care Select Sector SPDR(R) ETF,S000006412,38762766656.61,38603883815.72,2026-03-31,MON1,2026-01-31,3087919829.6,0.0,1788058459.55,1299861370.05,3.3671777074426887
0001410368-26-055337,1064641,SELECT SECTOR SPDR TRUST,State Street(R) Health Care Select Sector SPDR(R) ETF,S000006412,38762766656.61,38603883815.72,2026-03-31,MON2,2026-02-28,2570418472.1,0.0,1895331565.2,675086906.8999999,1.7487538562767504
0001410368-26-055337,1064641,SELECT SECTOR SPDR TRUST,State Street(R) Health Care Select Sector SPDR(R) ETF,S000006412,38762766656.61,38603883815.72,2026-03-31,MON3,2026-03-31,2166433668.4,0.0,3078394043.6,-911960375.1999998,-2.362353952657576
0001410368-26-055328,1064641,SELECT SECTOR SPDR TRUST,State Street(R) Consumer Discretionary Select Sector SPDR(R) ETF,S000006408,21448401671.03,21445781992.17,2026-03-31,MON1,2026-01-31,739719379.7,0.0,1573305399.45,-833586019.75,-3.886946253833728
0001410368-26-055328,1064641,SELECT SECTOR SPDR TRUST,State Street(R) Consumer Discretionary Select Sector SPDR(R) ETF,S000006408,21448401671.03,21445781992.17,2026-03-31,MON2,2026-02-28,1129203484.3,0.0,1431887331.65,-302683847.35000014,-1.4113910486477577
0001410368-26-055328,1064641,SELECT SECTOR SPDR TRUST,State Street(R) Consumer Discretionary Select Sector SPDR(R) ETF,S000006408,21448401671.03,21445781992.17,2026-03-31,MON3,2026-03-31,1529131127.75,0.0,1261948340.7,267182787.04999995,1.245852387884714
0001410368-26-055347,1064641,SELECT SECTOR SPDR TRUST,State Street(R) Real Estate Select Sector SPDR(R) ETF,S000051152,7307222486.21,7306239679.46,2026-03-31,MON1,2026-01-31,268472428.4,0.0,649305021.8,-380832593.4,-5.212429513784403
0001410368-26-055347,1064641,SELECT SECTOR SPDR TRUST,State Street(R) Real Estate Select Sector SPDR(R) ETF,S000051152,7307222486.21,7306239679.46,2026-03-31,MON2,2026-02-28,367433999.8,0.0,281580769.1,85853230.69999999,1.1750672639628674
0001410368-26-055347,1064641,SELECT SECTOR SPDR TRUST,State Street(R) Real Estate Select Sector SPDR(R) ETF,S000051152,7307222486.21,7306239679.46,2026-03-31,MON3,2026-03-31,640285638.4,0.0,506891515.55,133394122.84999996,1.825756185155139
0001410368-26-066832,1041130,SPDR DOW JONES INDUSTRIAL AVERAGE ETF TRUST,,,42760394767.88,42719601104.81,2026-04-30,MON1,2026-02-28,6480637240.3,0.0,5797120375.55,683516864.75,1.6000076008973776
0001410368-26-066832,1041130,SPDR DOW JONES INDUSTRIAL AVERAGE ETF TRUST,,,42760394767.88,42719601104.81,2026-04-30,MON2,2026-03-30,7506928390.0,0.0,7645661942.6,-138733552.60000038,-0.324753857742318
0001410368-26-066832,1041130,SPDR DOW JONES INDUSTRIAL AVERAGE ETF TRUST,,,42760394767.88,42719601104.81,2026-04-30,MON3,2026-04-30,6309869625.4,0.0,8338154762.3,-2028285136.9000006,-4.747902799756308
0001410368-26-055470,1064641,SELECT SECTOR SPDR TRUST,State Street(R) Health Care Select Sector SPDR(R) Premium Income ETF,S000093838,12991106.6,12813312.51,2026-03-31,MON1,2026-01-31,534346.44,0.0,0.0,534346.44,4.170244342225912
0001410368-26-055470,1064641,SELECT SECTOR SPDR TRUST,State Street(R) Health Care Select Sector SPDR(R) Premium Income ETF,S000093838,12991106.6,12813312.51,2026-03-31,MON2,2026-02-28,1066182.0,0.0,0.0,1066182.0,8.320892814936892
0001410368-26-055470,1064641,SELECT SECTOR SPDR TRUST,State Street(R) Health Care Select Sector SPDR(R) Premium Income ETF,S000093838,12991106.6,12813312.51,2026-03-31,MON3,2026-03-31,1022083.5,0.0,766452.06,255631.43999999994,1.9950456979839943
0001410368-26-055525,1064641,SELECT SECTOR SPDR TRUST,State Street(R) Energy Select Sector SPDR(R) Premium Income ETF,S000093836,27416308.46,26344943.78,2026-03-31,MON1,2026-01-31,3757570.23,0.0,0.0,3757570.23,14.26296545317585
0001410368-26-055525,1064641,SELECT SECTOR SPDR TRUST,State Street(R) Energy Select Sector SPDR(R) Premium Income ETF,S000093836,27416308.46,26344943.78,2026-03-31,MON2,2026-02-28,5473699.01,0.0,264624.34,5209074.67,19.77257842529357
0001410368-26-055525,1064641,SELECT SECTOR SPDR TRUST,State Street(R) Energy Select Sector SPDR(R) Premium Income ETF,S000093836,27416308.46,26344943.78,2026-03-31,MON3,2026-03-31,10699778.36,0.0,0.0,10699778.36,40.6141628137496
0001410368-26-055561,1064641,SELECT SECTOR SPDR TRUST,State Street(R) Industrial Select Sector SPDR(R) Premium Income ETF,S000093839,5404736.31,5314018.27,2026-03-31,MON1,2026-01-31,761929.39,0.0,0.0,761929.39,14.338102567344016
0001410368-26-055561,1064641,SELECT SECTOR SPDR TRUST,State Street(R) Industrial Select Sector SPDR(R) Premium Income ETF,S000093839,5404736.31,5314018.27,2026-03-31,MON2,2026-02-28,1031231.36,0.0,261767.23,769464.13,14.47989244493132
0001410368-26-055561,1064641,SELECT SECTOR SPDR TRUST,State Street(R) Industrial Select Sector SPDR(R) Premium Income ETF,S000093839,5404736.31,5314018.27,2026-03-31,MON3,2026-03-31,2669521.43,0.0,0.0,2669521.43,50.235458260853896
0001410368-26-055578,1064641,SELECT SECTOR SPDR TRUST,State Street(R) Utilities Select Sector SPDR(R) Premium Income ETF,S000093833,9949904.04,9802203.8,2026-03-31,MON1,2026-01-31,1427924.82,0.0,0.0,1427924.82,14.567385550584042
0001410368-26-055578,1064641,SELECT SECTOR SPDR TRUST,State Street(R) Utilities Select Sector SPDR(R) Premium Income ETF,S000093833,9949904.04,9802203.8,2026-03-31,MON2,2026-02-28,1501073.77,0.0,0.0,1501073.77,15.313635592844946
0001410368-26-055578,1064641,SELECT SECTOR SPDR TRUST,State Street(R) Utilities Select Sector SPDR(R) Premium Income ETF,S000093833,9949904.04,9802203.8,2026-03-31,MON3,2026-03-31,1497323.22,0.0,493171.03,1004152.19,10.244147239623807
0000940400-26-022717,936958,SPDR S&P MIDCAP 400 ETF TRUST,State Street SPDR S&P MidCap 400SM ETF Trust,,24295338375.02,24217503248.04,2026-03-31,MON1,2026-01-31,611820894.66,0.0,1404884895.73,-793064001.07,-3.2747554235764795
0000940400-26-022717,936958,SPDR S&P MIDCAP 400 ETF TRUST,State Street SPDR S&P MidCap 400SM ETF Trust,,24295338375.02,24217503248.04,2026-03-31,MON2,2026-02-28,1218490162.25,0.0,1089136027.84,129354134.41000009,0.5341348903110774
0000940400-26-022717,936958,SPDR S&P MIDCAP 400 ETF TRUST,State Street SPDR S&P MidCap 400SM ETF Trust,,24295338375.02,24217503248.04,2026-03-31,MON3,2026-03-31,1899458442.33,0.0,1739868478.21,159589964.1199999,0.6589860337188805
0001410368-26-055360,1064641,SELECT SECTOR SPDR TRUST,State Street(R) Financial Select Sector SPDR(R) ETF,S000006411,47852468576.5,47790943099.0,2026-03-31,MON1,2026-01-31,7657399547.65,0.0,4120204021.45,3537195526.2,7.401393018908668
0001410368-26-055360,1064641,SELECT SECTOR SPDR TRUST,State Street(R) Financial Select Sector SPDR(R) ETF,S000006411,47852468576.5,47790943099.0,2026-03-31,MON2,2026-02-28,4233707712.6,0.0,7829669360.75,-3595961648.15,-7.524357995406966
0001410368-26-055360,1064641,SELECT SECTOR SPDR TRUST,State Street(R) Financial Select Sector SPDR(R) ETF,S000006411,47852468576.5,47790943099.0,2026-03-31,MON3,2026-03-31,8208010606.9,0.0,8128019432.8,79991174.09999943,0.16737726630398556
0001410368-26-055324,1064641,SELECT SECTOR SPDR TRUST,State Street(R) Utilities Select Sector SPDR(R) ETF,S000006416,24449895394.9,24418901907.66,2026-03-31,MON1,2026-01-31,922375597.3,0.0,783014372.8,139361224.5,0.5707104481069379
0001410368-26-055324,1064641,SELECT SECTOR SPDR TRUST,State Street(R) Utilities Select Sector SPDR(R) ETF,S000006416,24449895394.9,24418901907.66,2026-03-31,MON2,2026-02-28,915719778.75,0.0,1026930661.9,-111210883.14999998,-0.45542950117308134
0001410368-26-055324,1064641,SELECT SECTOR SPDR TRUST,State Street(R) Utilities Select Sector SPDR(R) ETF,S000006416,24449895394.9,24418901907.66,2026-03-31,MON3,2026-03-31,1975422916.85,0.0,931407043.85,1044015872.9999999,4.27544152864835
0001410368-26-055332,1064641,SELECT SECTOR SPDR TRUST,State Street(R) Consumer Staples Select Sector SPDR(R) ETF,S000006409,15531586885.28,15480581181.4,2026-03-31,MON1,2026-01-31,4614012919.8,0.0,4263519233.9,350493685.9000001,2.26408609465593
0001410368-26-055332,1064641,SELECT SECTOR SPDR TRUST,State Street(R) Consumer Staples Select Sector SPDR(R) ETF,S000006409,15531586885.28,15480581181.4,2026-03-31,MON2,2026-02-28,3025887954.8,0.0,2879104115.25,146783839.5500002,0.9481804192620479
0001410368-26-055332,1064641,SELECT SECTOR SPDR TRUST,State Street(R) Consumer Staples Select Sector SPDR(R) ETF,S000006409,15531586885.28,15480581181.4,2026-03-31,MON3,2026-03-31,3362569830.3,0.0,3870115018.55,-507545188.25,-3.278592594829826
0001410368-26-055357,884394,State Street(R) SPDR(R) S&P 500(R) ETF Trust,,,653587391058.59,651588269947.59,2026-03-31,MON1,2026-01-31,70186858179.8,0.0,83459621316.0,-13272763136.199997,-2.0369861994703466
0001410368-26-055357,884394,State Street(R) SPDR(R) S&P 500(R) ETF Trust,,,653587391058.59,651588269947.59,2026-03-31,MON2,2026-02-28,84857982759.0,0.0,90130610232.0,-5272627473.0,-0.809196192777396
0001410368-26-055357,884394,State Street(R) SPDR(R) S&P 500(R) ETF Trust,,,653587391058.59,651588269947.59,2026-03-31,MON3,2026-03-31,131174928521.7,0.0,142021995840.05,-10847067318.34999,-1.6647118769069411
0001410368-26-055330,1064641,SELECT SECTOR SPDR TRUST,State Street(R) Industrial Select Sector SPDR(R) ETF,S000006413,28338106674.72,28334837604.44,2026-03-31,MON1,2026-01-31,2367851815.25,0.0,1669538829.95,698312985.3,2.464503220553401
0001410368-26-055330,1064641,SELECT SECTOR SPDR TRUST,State Street(R) Industrial Select Sector SPDR(R) ETF,S000006413,28338106674.72,28334837604.44,2026-03-31,MON2,2026-02-28,3422181231.55,0.0,1793146581.15,1629034650.4,5.7492288226304655
0001410368-26-055330,1064641,SELECT SECTOR SPDR TRUST,State Street(R) Industrial Select Sector SPDR(R) ETF,S000006413,28338106674.72,28334837604.44,2026-03-31,MON3,2026-03-31,2447991439.3,0.0,3085019165.3,-637027726.0,-2.2482137885984543
0001410368-26-055460,1064641,SELECT SECTOR SPDR TRUST,State Street(R) Real Estate Select Sector SPDR(R) Premium Income ETF,S000093841,2553834.07,2517475.49,2026-03-31,MON1,2026-01-31,0.0,0.0,0.0,0.0,0.0
0001410368-26-055460,1064641,SELECT SECTOR SPDR TRUST,State Street(R) Real Estate Select Sector SPDR(R) Premium Income ETF,S000093841,2553834.07,2517475.49,2026-03-31,MON2,2026-02-28,472488.14,0.0,0.0,472488.14,18.768331285719885
0001410368-26-055460,1064641,SELECT SECTOR SPDR TRUST,State Street(R) Real Estate Select Sector SPDR(R) Premium Income ETF,S000093841,2553834.07,2517475.49,2026-03-31,MON3,2026-03-31,1160372.2,0.0,455223.0,705149.2,28.010171411837653
0001410368-26-055478,1064641,SELECT SECTOR SPDR TRUST,State Street(R) Financial Select Sector SPDR(R) Premium Income ETF,S000093837,3661584.16,3595766.8,2026-03-31,MON1,2026-01-31,1475938.02,0.0,250049.57,1225888.45,34.09254599046857
0001410368-26-055478,1064641,SELECT SECTOR SPDR TRUST,State Street(R) Financial Select Sector SPDR(R) Premium Income ETF,S000093837,3661584.16,3595766.8,2026-03-31,MON2,2026-02-28,0.0,0.0,474457.5,-474457.5,-13.194890725394096
0001410368-26-055478,1064641,SELECT SECTOR SPDR TRUST,State Street(R) Financial Select Sector SPDR(R) Premium Income ETF,S000093837,3661584.16,3595766.8,2026-03-31,MON3,2026-03-31,1360016.3,0.0,223764.51,1136251.79,31.599707467124954
0001410368-26-055513,1064641,SELECT SECTOR SPDR TRUST,State Street(R) Materials Select Sector SPDR(R) Premium Income ETF,S000093840,5579339.03,5446761.0,2026-03-31,MON1,2026-01-31,733170.71,0.0,239233.13,493937.57999999996,9.068464358909816
0001410368-26-055513,1064641,SELECT SECTOR SPDR TRUST,State Street(R) Materials Select Sector SPDR(R) Premium Income ETF,S000093840,5579339.03,5446761.0,2026-03-31,MON2,2026-02-28,2731231.15,0.0,0.0,2731231.15,50.14413428457757
0001410368-26-055513,1064641,SELECT SECTOR SPDR TRUST,State Street(R) Materials Select Sector SPDR(R) Premium Income ETF,S000093840,5579339.03,5446761.0,2026-03-31,MON3,2026-03-31,235580.95,0.0,0.0,235580.95,4.32515673076164
0001410368-26-055548,1064641,SELECT SECTOR SPDR TRUST,State Street(R) Consumer Staples Select Sector SPDR(R) Premium Income ETF,S000093835,2622171.08,2589381.51,2026-03-31,MON1,2026-01-31,730075.0,0.0,0.0,730075.0,28.194956872152844
0001410368-26-055548,1064641,SELECT SECTOR SPDR TRUST,State Street(R) Consumer Staples Select Sector SPDR(R) Premium Income ETF,S000093835,2622171.08,2589381.51,2026-03-31,MON2,2026-02-28,249441.04,0.0,504050.73,-254609.68999999997,-9.832838035519918
0001410368-26-055548,1064641,SELECT SECTOR SPDR TRUST,State Street(R) Consumer Staples Select Sector SPDR(R) Premium Income ETF,S000093835,2622171.08,2589381.51,2026-03-31,MON3,2026-03-31,1665419.18,0.0,932236.16,733183.0199999999,28.314986307290035
