date,CPI,Core_CPI,PCE,Core_PCE,Inf_Expect_5Y,Breakeven_10Y
2000-01-01,169.3,179.3,6542.9,74.306,,
2000-02-01,170.0,179.4,6625.3,74.415,,
2000-03-01,171.0,180.0,6686.5,74.568,,
2000-04-01,170.9,180.3,6679.1,74.617,,
2000-05-01,171.2,180.7,6709.7,74.697,,
2000-06-01,172.2,181.1,6746.9,74.754,,
2000-07-01,172.7,181.5,6768.5,74.925,,
2000-08-01,172.7,181.9,6802.8,75.021,,
2000-09-01,173.6,182.3,6888.6,75.203,,
2000-10-01,173.9,182.6,6893.8,75.308,,
2000-11-01,174.2,183.1,6909.8,75.441,,
2000-12-01,174.6,183.3,6952.2,75.515,,
2001-01-01,175.6,183.9,6987.4,75.796,,
2001-02-01,176.0,184.4,7001.8,75.93,,
2001-03-01,176.1,184.7,6996.7,76.009,,
2001-04-01,176.4,185.1,7004.2,76.13,,
2001-05-01,177.3,185.3,7052.8,76.148,,
2001-06-01,177.7,186.0,7069.7,76.318,,
2001-07-01,177.4,186.4,7082.3,76.515,,
2001-08-01,177.4,186.7,7121.7,76.553,,
2001-09-01,178.1,187.1,7007.0,76.118,,
2001-10-01,177.6,187.4,7212.9,76.654,,
2001-11-01,177.5,188.1,7182.3,76.81,,
2001-12-01,177.4,188.4,7166.7,76.828,,
2002-01-01,177.7,188.7,7184.6,76.871,,
2002-02-01,178.0,189.1,7225.2,77.018,,
2002-03-01,178.5,189.2,7243.4,77.11,,
2002-04-01,179.3,189.7,7312.5,77.325,,
2002-05-01,179.5,190.0,7288.9,77.411,,
2002-06-01,179.6,190.2,7322.5,77.534,,
2002-07-01,180.0,190.5,7387.3,77.692,,
2002-08-01,180.5,191.1,7412.6,77.845,,
2002-09-01,180.8,191.3,7391.5,77.972,,
2002-10-01,181.2,191.5,7435.2,78.038,,
2002-11-01,181.5,191.9,7463.8,78.114,,
2002-12-01,181.8,192.1,7519.9,78.187,,
2003-01-01,182.6,192.4,7541.3,78.24,,
2003-02-01,183.6,192.5,7548.6,78.348,,
2003-03-01,183.9,192.5,7611.5,78.474,,
2003-04-01,183.2,192.5,7634.5,78.561,,
2003-05-01,182.9,192.9,7650.3,78.674,,
2003-06-01,183.1,193.0,7699.6,78.718,,
2003-07-01,183.7,193.4,7757.0,78.915,,
2003-08-01,184.5,193.6,7852.1,79.004,,
2003-09-01,185.1,193.7,7853.7,79.114,,
2003-10-01,184.9,194.0,7867.4,79.26,,
2003-11-01,185.0,194.0,7922.6,79.368,,
2003-12-01,185.5,194.2,7950.4,79.467,,
2004-01-01,186.3,194.6,8007.1,79.671,,
2004-02-01,186.7,194.9,8040.4,79.8,,
2004-03-01,187.1,195.5,8098.8,79.934,,
2004-04-01,187.4,195.9,8107.2,80.142,,
2004-05-01,188.2,196.2,8176.5,80.252,,
2004-06-01,188.9,196.6,8157.6,80.379,,
2004-07-01,189.1,196.8,8236.9,80.474,,
2004-08-01,189.2,196.9,8271.6,80.505,,
2004-09-01,189.8,197.5,8341.5,80.656,,
2004-10-01,190.8,197.9,8397.1,80.831,,
2004-11-01,191.7,198.3,8444.5,81.005,,
2004-12-01,191.7,198.6,8504.4,81.109,,
2005-01-01,191.6,199.0,8497.7,81.401,,
2005-02-01,192.4,199.4,8559.1,81.536,,
2005-03-01,193.1,200.1,8598.4,81.737,,
2005-04-01,193.7,200.2,8678.4,81.831,,
2005-05-01,193.6,200.5,8671.6,81.999,,
2005-06-01,193.7,200.6,8753.4,82.056,,
2005-07-01,194.9,200.9,8853.8,82.176,,
2005-08-01,196.1,201.1,8850.1,82.243,,
2005-09-01,198.8,201.3,8900.4,82.425,,
2005-10-01,199.1,202.0,8938.5,82.662,,
2005-11-01,198.1,202.5,8946.2,82.873,,
2005-12-01,198.1,202.8,8981.1,82.959,,
2006-01-01,199.3,203.2,9071.6,83.145,,
2006-02-01,199.4,203.6,9096.0,83.279,,
2006-03-01,199.7,204.3,9132.9,83.509,,
2006-04-01,200.7,204.8,9191.6,83.764,,
2006-05-01,201.3,205.4,9231.8,83.974,,
2006-06-01,201.8,205.9,9259.6,84.186,,
2006-07-01,202.9,206.3,9343.8,84.268,,
2006-08-01,203.8,206.8,9342.2,84.44,,
2006-09-01,202.8,207.2,9375.4,84.573,,
2006-10-01,201.9,207.6,9393.6,84.726,,
2006-11-01,202.0,207.8,9400.2,84.766,,
2006-12-01,203.1,208.1,9488.3,84.88,,
2007-01-01,203.437,208.6,9538.7,85.224,,
2007-02-01,204.226,209.135,9566.0,85.408,,
2007-03-01,205.288,209.418,9611.7,85.494,,
2007-04-01,205.904,209.747,9643.6,85.616,,
2007-05-01,206.755,210.058,9685.8,85.717,,
2007-06-01,207.234,210.392,9706.8,85.859,,
2007-07-01,207.603,210.773,9751.1,85.988,,
2007-08-01,207.667,211.119,9798.9,86.116,,
2007-09-01,208.547,211.554,9845.1,86.351,,
2007-10-01,209.19,212.077,9882.7,86.576,,
2007-11-01,210.834,212.66,9955.9,86.746,,
2007-12-01,211.445,213.168,9972.8,86.92,,
2008-01-01,212.174,213.771,9996.4,87.093,,
2008-02-01,212.687,213.939,9981.7,87.178,,
2008-03-01,213.448,214.42,10035.3,87.349,,
2008-04-01,213.942,214.56,10070.3,87.4,,
2008-05-01,215.208,214.936,10132.3,87.559,,
2008-06-01,217.463,215.424,10187.1,87.76,,
2008-07-01,219.016,215.965,10185.1,87.918,,
2008-08-01,218.69,216.393,10175.7,88.026,,
2008-09-01,218.877,216.713,10116.4,88.116,,
2008-10-01,216.995,216.788,10034.1,87.991,,
2008-11-01,213.153,216.947,9885.2,87.952,,
2008-12-01,211.398,216.925,9801.5,87.909,,
2009-01-01,211.933,217.346,9847.2,87.882,,
2009-02-01,212.705,217.792,9824.5,87.952,,
2009-03-01,212.495,218.253,9773.2,88.015,,
2009-04-01,212.709,218.706,9772.5,88.211,,
2009-05-01,213.022,218.904,9791.6,88.279,,
2009-06-01,214.79,219.112,9852.4,88.392,,
2009-07-01,214.726,219.263,9886.3,88.468,,
2009-08-01,215.445,219.496,10004.1,88.599,,
2009-09-01,215.861,219.92,9927.8,88.755,,
2009-10-01,216.509,220.501,9976.7,89.082,,
2009-11-01,217.234,220.666,9985.7,89.16,,
2009-12-01,217.347,220.881,10052.6,89.236,,
2010-01-01,217.488,220.633,10056.1,89.368,,
2010-02-01,217.281,220.731,10093.4,89.446,,
2010-03-01,217.353,220.783,10156.0,89.579,,
2010-04-01,217.403,220.822,10182.3,89.625,,
2010-05-01,217.29,220.962,10210.8,89.724,,
2010-06-01,217.199,221.194,10231.3,89.767,,
2010-07-01,217.605,221.363,10268.1,89.769,,
2010-08-01,217.923,221.509,10307.1,89.855,,
2010-09-01,218.275,221.711,10327.1,89.906,,
2010-10-01,219.035,221.83,10386.4,90.043,,
2010-11-01,219.59,222.149,10433.6,90.16,,
2010-12-01,220.472,222.343,10471.0,90.179,,
2011-01-01,221.187,222.803,10514.3,90.372,,
2011-02-01,221.898,223.213,10540.6,90.53,,
2011-03-01,223.046,223.454,10619.7,90.667,,
2011-04-01,224.093,223.727,10652.1,90.875,,
2011-05-01,224.806,224.175,10672.2,91.091,,
2011-06-01,224.806,224.697,10694.8,91.191,,
2011-07-01,225.395,225.218,10731.6,91.326,,
2011-08-01,226.106,225.862,10750.3,91.508,,
2011-09-01,226.597,226.118,10783.2,91.57,,
2011-10-01,226.75,226.506,10802.9,91.614,,
2011-11-01,227.169,226.899,10806.8,91.808,,
2011-12-01,227.223,227.405,10817.8,91.96,,
2012-01-01,227.842,227.877,10896.8,92.235,,
2012-02-01,228.329,228.034,10987.2,92.364,,
2012-03-01,228.807,228.478,10993.9,92.521,,
2012-04-01,229.187,228.905,11018.5,92.661,,
2012-05-01,228.713,229.224,11006.8,92.755,,
2012-06-01,228.524,229.623,10989.8,92.85,,
2012-07-01,228.59,229.97,11016.8,92.946,,
2012-08-01,229.918,230.233,11056.0,93.005,,
2012-09-01,231.015,230.659,11105.3,93.119,,
2012-10-01,231.638,231.024,11137.4,93.345,,
2012-11-01,231.249,231.33,11178.4,93.445,,
2012-12-01,231.221,231.725,11181.2,93.514,,
2013-01-01,231.679,232.229,11252.4,93.703,,
2013-02-01,232.937,232.569,11290.5,93.805,,
2013-03-01,232.282,232.794,11290.1,93.891,,
2013-04-01,231.797,232.832,11281.1,93.937,,
2013-05-01,231.893,232.996,11321.6,94.047,,
2013-06-01,232.445,233.35,11344.4,94.209,,
2013-07-01,232.9,233.88,11372.6,94.329,,
2013-08-01,233.456,234.336,11406.6,94.431,,
2013-09-01,233.544,234.7,11445.9,94.543,,
2013-10-01,233.669,234.921,11498.0,94.703,,
2013-11-01,234.1,235.359,11562.5,94.86,,
2013-12-01,234.719,235.759,11593.2,94.961,,
2014-01-01,235.288,235.961,11578.8,95.064,,
2014-02-01,235.547,236.185,11636.9,95.109,,
2014-03-01,236.028,236.625,11722.3,95.25,,
2014-04-01,236.468,237.072,11762.3,95.413,,
2014-05-01,236.918,237.529,11807.3,95.574,,
2014-06-01,237.231,237.837,11861.7,95.682,,
2014-07-01,237.498,238.195,11904.4,95.848,,
2014-08-01,237.46,238.405,11983.7,95.885,,
2014-09-01,237.477,238.786,11991.4,96.013,,
2014-10-01,237.43,239.191,12064.7,96.096,,
2014-11-01,236.983,239.458,12083.9,96.181,,
2014-12-01,236.252,239.584,12096.1,96.249,,
2015-01-01,234.747,239.811,12066.7,96.214,,
2015-02-01,235.342,240.172,12116.6,96.324,,
2015-03-01,235.976,240.755,12176.1,96.47,,
2015-04-01,236.222,241.346,12209.1,96.648,,
2015-05-01,237.001,241.688,12275.4,96.766,,
2015-06-01,237.657,242.064,12307.9,96.882,,
2015-07-01,238.034,242.565,12364.9,96.978,,
2015-08-01,238.033,242.817,12396.2,97.056,,
2015-09-01,237.498,243.316,12386.4,97.196,,
2015-10-01,237.733,243.768,12394.9,97.228,,
2015-11-01,238.017,244.241,12423.2,97.332,,
2015-12-01,237.761,244.547,12452.0,97.396,,
2016-01-01,237.652,244.955,12478.0,97.567,,
2016-02-01,237.336,245.51,12554.5,97.736,,
2016-03-01,238.08,245.913,12537.0,97.876,,
2016-04-01,238.992,246.551,12611.5,98.117,,
2016-05-01,239.557,247.137,12652.7,98.284,,
2016-06-01,240.222,247.54,12731.2,98.386,,
2016-07-01,240.101,247.829,12756.7,98.529,,
2016-08-01,240.545,248.423,12788.1,98.703,,
2016-09-01,241.176,248.842,12846.6,98.834,,
2016-10-01,241.741,249.142,12867.0,98.961,,
2016-11-01,242.026,249.481,12893.0,99.005,,
2016-12-01,242.637,249.92,13005.9,99.12,,
2017-01-01,243.618,250.467,13063.7,99.385,,
2017-02-01,244.006,250.998,13088.4,99.561,,
2017-03-01,243.892,250.944,13139.9,99.519,,
2017-04-01,244.193,251.227,13169.2,99.723,,
2017-05-01,244.004,251.43,13171.9,99.803,,
2017-06-01,244.163,251.746,13225.2,99.937,,
2017-07-01,244.243,251.985,13263.3,100.01,,
2017-08-01,245.183,252.535,13294.6,100.118,,
2017-09-01,246.435,252.812,13417.3,100.24,,
2017-10-01,246.626,253.526,13447.5,100.486,,
2017-11-01,247.284,253.816,13540.6,100.535,,
2017-12-01,247.805,254.344,13666.1,100.683,,
2018-01-01,248.859,255.204,13703.3,101.007,,
2018-02-01,249.529,255.711,13738.7,101.198,,
2018-03-01,249.577,256.271,13793.2,101.419,,
2018-04-01,250.227,256.63,13838.4,101.602,,
2018-05-01,250.792,257.145,13905.0,101.78,,
2018-06-01,251.018,257.399,13930.4,101.872,,
2018-07-01,251.214,257.699,13974.8,102.006,,
2018-08-01,251.663,257.891,14014.0,102.016,,
2018-09-01,252.182,258.368,14017.8,102.205,,
2018-10-01,252.772,258.917,14083.1,102.366,,
2018-11-01,252.594,259.439,14162.9,102.556,,
2018-12-01,252.767,260.063,14051.6,102.735,,
2019-01-01,252.561,260.766,14084.6,102.87,,
2019-02-01,253.319,261.186,14117.4,102.963,,
2019-03-01,254.277,261.567,14248.6,103.058,,
2019-04-01,255.233,261.997,14290.0,103.265,,
2019-05-01,255.296,262.217,14353.3,103.371,,
2019-06-01,255.213,262.739,14408.7,103.56,,
2019-07-01,255.802,263.28,14496.0,103.678,,
2019-08-01,256.036,263.877,14558.2,103.797,,
2019-09-01,256.43,264.388,14590.6,103.873,,
2019-10-01,257.155,264.97,14617.4,104.028,,
2019-11-01,257.879,265.548,14711.0,104.092,,
2019-12-01,258.63,266.02,14774.8,104.322,,
2020-01-01,259.127,266.716,14868.3,104.507,,
2020-02-01,259.25,267.37,14828.1,104.711,,
2020-03-01,258.076,267.054,13812.8,104.632,,
2020-04-01,256.032,265.746,12249.2,104.293,,
2020-05-01,255.802,265.412,13281.5,104.402,,
2020-06-01,257.042,265.849,14049.2,104.565,,
2020-07-01,258.352,267.389,14307.2,104.937,,
2020-08-01,259.316,268.422,14462.2,105.243,,
2020-09-01,259.997,268.933,14668.1,105.41,,
2020-10-01,260.319,269.306,14725.8,105.507,,
2020-11-01,260.911,269.981,14701.6,105.605,,
2020-12-01,262.045,270.341,14822.0,105.896,,
2021-01-01,262.687,270.387,15073.0,106.281,,
2021-02-01,263.579,270.793,14983.5,106.501,,
2021-03-01,264.961,271.459,15709.7,106.933,,
2021-04-01,266.614,273.66,15917.5,107.558,,
2021-05-01,268.383,275.465,15973.5,108.099,,
2021-06-01,270.654,277.651,16191.7,108.603,,
2021-06-18,,,,,2.11,2.24
2021-06-21,,,,,2.09,2.25
2021-06-22,,,,,2.16,2.31
2021-06-23,,,,,2.19,2.34
2021-06-24,,,,,2.15,2.3
2021-06-25,,,,,2.22,2.34
2021-06-28,,,,,2.21,2.33
2021-06-29,,,,,2.18,2.32
2021-06-30,,,,,2.17,2.32
2021-07-01,271.903,278.648,16239.7,109.058,2.21,2.35
2021-07-02,,,,,2.17,2.33
2021-07-05,,,,,,
2021-07-06,,,,,2.14,2.31
2021-07-07,,,,,2.13,2.28
2021-07-08,,,,,2.06,2.22
2021-07-09,,,,,2.12,2.28
2021-07-12,,,,,2.18,2.33
2021-07-13,,,,,2.16,2.36
2021-07-14,,,,,2.15,2.34
2021-07-15,,,,,2.11,2.32
2021-07-16,,,,,2.14,2.33
2021-07-19,,,,,2.07,2.24
2021-07-20,,,,,2.12,2.26
2021-07-21,,,,,2.11,2.28
2021-07-22,,,,,2.1,2.28
2021-07-23,,,,,2.17,2.35
2021-07-26,,,,,2.21,2.4
2021-07-27,,,,,2.21,2.38
2021-07-28,,,,,2.25,2.41
2021-07-29,,,,,2.28,2.43
2021-07-30,,,,,2.24,2.4
2021-08-01,272.676,278.997,16412.9,109.409,,
2021-08-02,,,,,2.23,2.37
2021-08-03,,,,,2.25,2.38
2021-08-04,,,,,2.2,2.35
2021-08-05,,,,,2.2,2.33
2021-08-06,,,,,2.24,2.37
2021-08-09,,,,,2.24,2.37
2021-08-10,,,,,2.27,2.4
2021-08-11,,,,,2.29,2.42
2021-08-12,,,,,2.27,2.41
2021-08-13,,,,,2.22,2.37
2021-08-16,,,,,2.22,2.36
2021-08-17,,,,,2.17,2.33
2021-08-18,,,,,2.16,2.32
2021-08-19,,,,,2.11,2.28
2021-08-20,,,,,2.14,2.27
2021-08-23,,,,,2.11,2.27
2021-08-24,,,,,2.15,2.3
2021-08-25,,,,,2.19,2.35
2021-08-26,,,,,2.16,2.33
2021-08-27,,,,,2.25,2.39
2021-08-30,,,,,2.23,2.37
2021-08-31,,,,,2.18,2.33
2021-09-01,273.91,279.698,16489.6,109.641,2.2,2.34
2021-09-02,,,,,2.17,2.32
2021-09-03,,,,,2.2,2.34
2021-09-06,,,,,,
2021-09-07,,,,,2.21,2.36
2021-09-08,,,,,2.23,2.38
2021-09-09,,,,,2.21,2.38
2021-09-10,,,,,2.25,2.4
2021-09-13,,,,,2.21,2.37
2021-09-14,,,,,2.17,2.33
2021-09-15,,,,,2.19,2.35
2021-09-16,,,,,2.17,2.35
2021-09-17,,,,,2.15,2.33
2021-09-20,,,,,2.15,2.29
2021-09-21,,,,,2.14,2.29
2021-09-22,,,,,2.15,2.28
2021-09-23,,,,,2.14,2.31
2021-09-24,,,,,2.21,2.34
2021-09-27,,,,,2.2,2.35
2021-09-28,,,,,2.23,2.38
2021-09-29,,,,,2.22,2.37
2021-09-30,,,,,2.23,2.37
2021-10-01,276.55,281.668,16704.2,110.188,2.25,2.38
2021-10-04,,,,,2.23,2.38
2021-10-05,,,,,2.31,2.45
2021-10-06,,,,,2.29,2.43
2021-10-07,,,,,2.31,2.46
2021-10-08,,,,,2.36,2.5
2021-10-11,,,,,,
2021-10-12,,,,,2.34,2.49
2021-10-13,,,,,2.36,2.52
2021-10-14,,,,,2.35,2.52
2021-10-15,,,,,2.41,2.56
2021-10-18,,,,,2.37,2.54
2021-10-19,,,,,2.37,2.54
2021-10-20,,,,,2.37,2.57
2021-10-21,,,,,2.34,2.64
2021-10-22,,,,,2.37,2.64
2021-10-25,,,,,2.37,2.66
2021-10-26,,,,,2.39,2.69
2021-10-27,,,,,2.34,2.65
2021-10-28,,,,,2.24,2.57
2021-10-29,,,,,2.13,2.51
2021-11-01,278.919,283.406,16849.8,110.77,2.14,2.5
2021-11-02,,,,,2.18,2.51
2021-11-03,,,,,2.2,2.53
2021-11-04,,,,,2.24,2.56
2021-11-05,,,,,2.21,2.54
2021-11-08,,,,,2.3,2.62
2021-11-09,,,,,2.3,2.63
2021-11-10,,,,,2.32,2.7
2021-11-11,,,,,,
2021-11-12,,,,,2.35,2.73
2021-11-15,,,,,2.35,2.76
2021-11-16,,,,,2.29,2.73
2021-11-17,,,,,2.26,2.7
2021-11-18,,,,,2.35,2.73
2021-11-19,,,,,2.28,2.65
2021-11-22,,,,,2.24,2.61
2021-11-23,,,,,2.24,2.62
2021-11-24,,,,,2.19,2.61
2021-11-25,,,,,,
2021-11-26,,,,,2.18,2.55
2021-11-29,,,,,2.17,2.54
2021-11-30,,,,,2.2,2.5
2021-12-01,280.845,285.18,16891.0,111.418,2.18,2.44
2021-12-02,,,,,2.21,2.47
2021-12-03,,,,,2.14,2.43
2021-12-06,,,,,2.09,2.44
2021-12-07,,,,,2.1,2.47
2021-12-08,,,,,2.16,2.52
2021-12-09,,,,,2.14,2.47
2021-12-10,,,,,2.12,2.44
2021-12-13,,,,,2.07,2.4
2021-12-14,,,,,2.08,2.37
2021-12-15,,,,,2.11,2.39
2021-12-16,,,,,2.14,2.42
2021-12-17,,,,,2.11,2.38
2021-12-20,,,,,2.13,2.39
2021-12-21,,,,,2.19,2.44
2021-12-22,,,,,2.24,2.47
2021-12-23,,,,,2.22,2.47
2021-12-24,,,,,,
2021-12-27,,,,,2.25,2.5
2021-12-28,,,,,2.22,2.5
2021-12-29,,,,,2.23,2.53
2021-12-30,,,,,2.3,2.58
2021-12-31,,,,,2.25,2.56
2022-01-01,282.543,286.757,16993.8,111.976,,
2022-01-03,,,,,2.25,2.6
2022-01-04,,,,,2.21,2.57
2022-01-05,,,,,2.19,2.53
2022-01-06,,,,,2.15,2.46
2022-01-07,,,,,2.18,2.48
2022-01-10,,,,,2.19,2.48
2022-01-11,,,,,2.21,2.54
2022-01-12,,,,,2.14,2.48
2022-01-13,,,,,2.09,2.43
2022-01-14,,,,,2.09,2.44
2022-01-17,,,,,,
2022-01-18,,,,,2.12,2.46
2022-01-19,,,,,2.07,2.4
2022-01-20,,,,,1.92,2.33
2022-01-21,,,,,1.98,2.34
2022-01-24,,,,,2.02,2.38
2022-01-25,,,,,2.04,2.41
2022-01-26,,,,,2.01,2.38
2022-01-27,,,,,2.04,2.4
2022-01-28,,,,,2.08,2.44
2022-01-31,,,,,2.06,2.44
2022-02-01,284.5,288.273,17106.0,112.468,2.06,2.43
2022-02-02,,,,,2.03,2.41
2022-02-03,,,,,2.0,2.38
2022-02-04,,,,,2.04,2.41
2022-02-07,,,,,2.05,2.4
2022-02-08,,,,,2.07,2.42
2022-02-09,,,,,2.06,2.42
2022-02-10,,,,,2.09,2.45
2022-02-11,,,,,2.04,2.43
2022-02-14,,,,,2.05,2.48
2022-02-15,,,,,2.07,2.48
2022-02-16,,,,,2.05,2.46
2022-02-17,,,,,1.99,2.43
2022-02-18,,,,,1.96,2.41
2022-02-21,,,,,,
2022-02-22,,,,,2.01,2.45
2022-02-23,,,,,2.05,2.53
2022-02-24,,,,,2.05,2.55
2022-02-25,,,,,2.06,2.54
2022-02-28,,,,,2.13,2.62
2022-03-01,287.674,289.056,17347.2,112.914,2.1,2.62
2022-03-02,,,,,2.19,2.71
2022-03-03,,,,,2.21,2.69
2022-03-04,,,,,2.15,2.67
2022-03-07,,,,,2.25,2.77
2022-03-08,,,,,2.37,2.9
2022-03-09,,,,,2.35,2.84
2022-03-10,,,,,2.3,2.86
2022-03-11,,,,,2.36,2.94
2022-03-14,,,,,2.36,2.93
2022-03-15,,,,,2.26,2.84
2022-03-16,,,,,2.26,2.8
2022-03-17,,,,,2.31,2.91
2022-03-18,,,,,2.24,2.86
2022-03-21,,,,,2.28,2.9
2022-03-22,,,,,2.3,2.91
2022-03-23,,,,,2.31,2.94
2022-03-24,,,,,2.27,2.92
2022-03-25,,,,,2.31,2.95
2022-03-28,,,,,2.34,2.95
2022-03-29,,,,,2.32,2.86
2022-03-30,,,,,2.31,2.86
2022-03-31,,,,,2.34,2.84
2022-04-01,288.561,290.514,17490.0,113.307,2.32,2.8
2022-04-04,,,,,2.32,2.8
2022-04-05,,,,,2.37,2.84
2022-04-06,,,,,2.38,2.83
2022-04-07,,,,,2.38,2.82
2022-04-08,,,,,2.41,2.87
2022-04-11,,,,,2.45,2.91
2022-04-12,,,,,2.41,2.86
2022-04-13,,,,,2.35,2.8
2022-04-14,,,,,2.45,2.89
2022-04-15,,,,,,
2022-04-18,,,,,2.48,2.92
2022-04-19,,,,,2.5,2.93
2022-04-20,,,,,2.48,2.92
2022-04-21,,,,,2.67,3.02
2022-04-22,,,,,2.59,2.98
2022-04-25,,,,,2.55,2.91
2022-04-26,,,,,2.45,2.85
2022-04-27,,,,,2.48,2.88
2022-04-28,,,,,2.55,2.97
2022-04-29,,,,,2.46,2.88
2022-05-01,291.298,292.063,17574.5,113.703,,
2022-05-02,,,,,2.41,2.81
2022-05-03,,,,,2.45,2.83
2022-05-04,,,,,2.48,2.86
2022-05-05,,,,,2.51,2.87
2022-05-06,,,,,2.5,2.86
2022-05-09,,,,,2.44,2.75
2022-05-10,,,,,2.38,2.65
2022-05-11,,,,,2.4,2.7
2022-05-12,,,,,2.29,2.59
2022-05-13,,,,,2.35,2.69
2022-05-16,,,,,2.32,2.68
2022-05-17,,,,,2.34,2.71
2022-05-18,,,,,2.39,2.72
2022-05-19,,,,,2.21,2.59
2022-05-20,,,,,2.22,2.55
2022-05-23,,,,,2.28,2.6
2022-05-24,,,,,2.23,2.55
2022-05-25,,,,,2.24,2.56
2022-05-26,,,,,2.28,2.62
2022-05-27,,,,,2.31,2.63
2022-05-30,,,,,,
2022-05-31,,,,,2.32,2.64
2022-06-01,294.957,294.05,17755.2,114.376,2.34,2.65
2022-06-02,,,,,2.35,2.66
2022-06-03,,,,,2.44,2.74
2022-06-06,,,,,2.47,2.76
2022-06-07,,,,,2.43,2.73
2022-06-08,,,,,2.44,2.75
2022-06-09,,,,,2.42,2.75
2022-06-10,,,,,2.39,2.76
2022-06-13,,,,,2.37,2.74
2022-06-14,,,,,2.32,2.6
2022-06-15,,,,,2.4,2.7
2022-06-16,,,,,2.37,2.62
2022-06-17,,,,,2.36,2.58
2022-06-20,,,,,,
2022-06-21,,,,,2.38,2.61
2022-06-22,,,,,2.34,2.54
2022-06-23,,,,,2.31,2.5
2022-06-24,,,,,2.3,2.56
2022-06-27,,,,,2.31,2.55
2022-06-28,,,,,2.23,2.48
2022-06-29,,,,,2.13,2.36
2022-06-30,,,,,2.08,2.33
2022-07-01,294.913,295.088,17770.1,114.628,2.08,2.34
2022-07-04,,,,,,
2022-07-05,,,,,2.09,2.3
2022-07-06,,,,,2.1,2.29
2022-07-07,,,,,2.13,2.33
2022-07-08,,,,,2.12,2.37
2022-07-11,,,,,2.08,2.32
2022-07-12,,,,,2.14,2.32
2022-07-13,,,,,2.11,2.31
2022-07-14,,,,,2.14,2.34
2022-07-15,,,,,2.13,2.36
2022-07-18,,,,,2.11,2.37
2022-07-19,,,,,2.11,2.39
2022-07-20,,,,,2.09,2.38
2022-07-21,,,,,2.11,2.33
2022-07-22,,,,,2.12,2.34
2022-07-25,,,,,2.14,2.36
2022-07-26,,,,,2.16,2.36
2022-07-27,,,,,2.23,2.42
2022-07-28,,,,,2.29,2.48
2022-07-29,,,,,2.33,2.53
2022-08-01,295.097,296.535,17916.5,115.276,2.3,2.51
2022-08-02,,,,,2.27,2.48
2022-08-03,,,,,2.28,2.5
2022-08-04,,,,,2.28,2.46
2022-08-05,,,,,2.28,2.46
2022-08-08,,,,,2.31,2.48
2022-08-09,,,,,2.28,2.47
2022-08-10,,,,,2.25,2.43
2022-08-11,,,,,2.27,2.47
2022-08-12,,,,,2.27,2.47
2022-08-15,,,,,2.26,2.44
2022-08-16,,,,,2.27,2.44
2022-08-17,,,,,2.27,2.46
2022-08-18,,,,,2.34,2.52
2022-08-19,,,,,2.38,2.55
2022-08-22,,,,,2.4,2.57
2022-08-23,,,,,2.39,2.58
2022-08-24,,,,,2.45,2.62
2022-08-25,,,,,2.43,2.6
2022-08-26,,,,,2.41,2.57
2022-08-29,,,,,2.45,2.58
2022-08-30,,,,,2.43,2.55
2022-08-31,,,,,2.38,2.48
2022-09-01,296.349,298.226,17992.8,115.788,2.38,2.45
2022-09-02,,,,,2.39,2.47
2022-09-05,,,,,,
2022-09-06,,,,,2.4,2.48
2022-09-07,,,,,2.39,2.45
2022-09-08,,,,,2.36,2.41
2022-09-09,,,,,2.33,2.42
2022-09-12,,,,,2.32,2.42
2022-09-13,,,,,2.32,2.44
2022-09-14,,,,,2.3,2.46
2022-09-15,,,,,2.29,2.43
2022-09-16,,,,,2.27,2.38
2022-09-19,,,,,2.24,2.34
2022-09-20,,,,,2.32,2.4
2022-09-21,,,,,2.29,2.38
2022-09-22,,,,,2.37,2.41
2022-09-23,,,,,2.36,2.37
2022-09-26,,,,,2.31,2.32
2022-09-27,,,,,2.31,2.33
2022-09-28,,,,,2.29,2.33
2022-09-29,,,,,2.2,2.19
2022-09-30,,,,,2.16,2.15
2022-10-01,298.007,299.399,18109.6,116.204,,
2022-10-03,,,,,2.22,2.24
2022-10-04,,,,,2.2,2.24
2022-10-05,,,,,2.18,2.22
2022-10-06,,,,,2.15,2.22
2022-10-07,,,,,2.18,2.27
2022-10-10,,,,,,
2022-10-11,,,,,2.26,2.31
2022-10-12,,,,,2.26,2.29
2022-10-13,,,,,2.3,2.34
2022-10-14,,,,,2.38,2.41
2022-10-17,,,,,2.42,2.45
2022-10-18,,,,,2.4,2.41
2022-10-19,,,,,2.38,2.42
2022-10-20,,,,,2.37,2.51
2022-10-21,,,,,2.35,2.52
2022-10-24,,,,,2.46,2.59
2022-10-25,,,,,2.4,2.51
2022-10-26,,,,,2.32,2.44
2022-10-27,,,,,2.33,2.45
2022-10-28,,,,,2.4,2.51
2022-10-31,,,,,2.37,2.52
2022-11-01,298.786,300.325,18108.0,116.539,2.37,2.51
2022-11-02,,,,,2.38,2.53
2022-11-03,,,,,2.26,2.4
2022-11-04,,,,,2.35,2.48
2022-11-07,,,,,2.39,2.53
2022-11-08,,,,,2.39,2.5
2022-11-09,,,,,2.31,2.42
2022-11-10,,,,,2.31,2.39
2022-11-11,,,,,,
2022-11-14,,,,,2.32,2.37
2022-11-15,,,,,2.3,2.35
2022-11-16,,,,,2.23,2.29
2022-11-17,,,,,2.24,2.28
2022-11-18,,,,,2.22,2.25
2022-11-21,,,,,2.28,2.31
2022-11-22,,,,,2.29,2.32
2022-11-23,,,,,2.31,2.32
2022-11-24,,,,,,
2022-11-25,,,,,2.3,2.32
2022-11-28,,,,,2.23,2.26
2022-11-29,,,,,2.2,2.25
2022-11-30,,,,,2.27,2.34
2022-12-01,298.832,301.394,18116.5,116.952,2.27,2.36
2022-12-02,,,,,2.35,2.43
2022-12-05,,,,,2.32,2.39
2022-12-06,,,,,2.24,2.31
2022-12-07,,,,,2.19,2.26
2022-12-08,,,,,2.2,2.28
2022-12-09,,,,,2.22,2.26
2022-12-12,,,,,2.21,2.28
2022-12-13,,,,,2.17,2.24
2022-12-14,,,,,2.13,2.19
2022-12-15,,,,,2.11,2.16
2022-12-16,,,,,2.12,2.13
2022-12-19,,,,,2.11,2.15
2022-12-20,,,,,2.22,2.24
2022-12-21,,,,,2.23,2.27
2022-12-22,,,,,2.14,2.19
2022-12-23,,,,,2.11,2.2
2022-12-26,,,,,,
2022-12-27,,,,,2.19,2.26
2022-12-28,,,,,2.23,2.28
2022-12-29,,,,,2.22,2.27
2022-12-30,,,,,2.27,2.3
2023-01-01,300.42,302.642,18449.1,117.505,,
2023-01-02,,,,,,
2023-01-03,,,,,2.23,2.26
2023-01-04,,,,,2.23,2.22
2023-01-05,,,,,2.22,2.22
2023-01-06,,,,,2.24,2.21
2023-01-09,,,,,2.26,2.22
2023-01-10,,,,,2.28,2.24
2023-01-11,,,,,2.25,2.23
2023-01-12,,,,,2.21,2.21
2023-01-13,,,,,2.16,2.18
2023-01-16,,,,,,
2023-01-17,,,,,2.16,2.17
2023-01-18,,,,,2.15,2.12
2023-01-19,,,,,2.19,2.2
2023-01-20,,,,,2.23,2.23
2023-01-23,,,,,2.28,2.28
2023-01-24,,,,,2.25,2.27
2023-01-25,,,,,2.3,2.29
2023-01-26,,,,,2.34,2.33
2023-01-27,,,,,2.33,2.33
2023-01-30,,,,,2.28,2.29
2023-01-31,,,,,2.21,2.24
2023-02-01,301.45,304.123,18491.6,117.929,2.21,2.25
2023-02-02,,,,,2.18,2.22
2023-02-03,,,,,2.17,2.22
2023-02-06,,,,,2.17,2.25
2023-02-07,,,,,2.22,2.31
2023-02-08,,,,,2.22,2.34
2023-02-09,,,,,2.21,2.33
2023-02-10,,,,,2.19,2.33
2023-02-13,,,,,2.18,2.31
2023-02-14,,,,,2.17,2.31
2023-02-15,,,,,2.19,2.35
2023-02-16,,,,,2.22,2.37
2023-02-17,,,,,2.22,2.36
2023-02-20,,,,,,
2023-02-21,,,,,2.26,2.42
2023-02-22,,,,,2.3,2.41
2023-02-23,,,,,2.28,2.39
2023-02-24,,,,,2.29,2.38
2023-02-27,,,,,2.23,2.36
2023-02-28,,,,,2.28,2.43
2023-03-01,301.821,305.147,18520.4,118.315,2.29,2.44
2023-03-02,,,,,2.31,2.48
2023-03-03,,,,,2.33,2.52
2023-03-06,,,,,2.28,2.49
2023-03-07,,,,,2.22,2.38
2023-03-08,,,,,2.17,2.32
2023-03-09,,,,,2.17,2.3
2023-03-10,,,,,2.18,2.26
2023-03-13,,,,,2.22,2.24
2023-03-14,,,,,2.27,2.31
2023-03-15,,,,,2.25,2.29
2023-03-16,,,,,2.18,2.22
2023-03-17,,,,,2.1,2.1
2023-03-20,,,,,2.14,2.14
2023-03-21,,,,,2.21,2.23
2023-03-22,,,,,2.25,2.28
2023-03-23,,,,,2.12,2.19
2023-03-24,,,,,2.23,2.22
2023-03-27,,,,,2.21,2.24
2023-03-28,,,,,2.28,2.31
2023-03-29,,,,,2.28,2.33
2023-03-30,,,,,2.28,2.34
2023-03-31,,,,,2.24,2.32
2023-04-01,302.845,306.534,18641.8,118.734,,
2023-04-03,,,,,2.19,2.29
2023-04-04,,,,,2.18,2.25
2023-04-05,,,,,2.17,2.23
2023-04-06,,,,,2.17,2.24
2023-04-07,,,,,2.17,2.25
2023-04-10,,,,,2.2,2.27
2023-04-11,,,,,2.22,2.29
2023-04-12,,,,,2.25,2.27
2023-04-13,,,,,2.29,2.29
2023-04-14,,,,,2.29,2.3
2023-04-17,,,,,2.29,2.32
2023-04-18,,,,,2.23,2.28
2023-04-19,,,,,2.23,2.28
2023-04-20,,,,,2.24,2.26
2023-04-21,,,,,2.26,2.28
2023-04-24,,,,,2.23,2.28
2023-04-25,,,,,2.24,2.25
2023-04-26,,,,,2.24,2.25
2023-04-27,,,,,2.25,2.27
2023-04-28,,,,,2.16,2.18
2023-05-01,303.334,307.652,18664.6,119.083,2.22,2.23
2023-05-02,,,,,2.22,2.2
2023-05-03,,,,,2.21,2.2
2023-05-04,,,,,2.25,2.19
2023-05-05,,,,,2.23,2.21
2023-05-08,,,,,2.24,2.23
2023-05-09,,,,,2.24,2.23
2023-05-10,,,,,2.21,2.17
2023-05-11,,,,,2.22,2.16
2023-05-12,,,,,2.25,2.18
2023-05-15,,,,,2.26,2.19
2023-05-16,,,,,2.27,2.19
2023-05-17,,,,,2.28,2.22
2023-05-18,,,,,2.3,2.23
2023-05-19,,,,,2.29,2.24
2023-05-22,,,,,2.3,2.24
2023-05-23,,,,,2.31,2.26
2023-05-24,,,,,2.36,2.25
2023-05-25,,,,,2.38,2.25
2023-05-26,,,,,2.33,2.23
2023-05-29,,,,,,
2023-05-30,,,,,2.32,2.22
2023-05-31,,,,,2.29,2.18
2023-06-01,304.014,308.322,18773.0,119.39,2.25,2.16
2023-06-02,,,,,2.23,2.18
2023-06-05,,,,,2.23,2.19
2023-06-06,,,,,2.26,2.2
2023-06-07,,,,,2.27,2.21
2023-06-08,,,,,2.26,2.2
2023-06-09,,,,,2.27,2.2
2023-06-12,,,,,2.25,2.17
2023-06-13,,,,,2.28,2.2
2023-06-14,,,,,2.27,2.21
2023-06-15,,,,,2.26,2.21
2023-06-16,,,,,2.27,2.22
2023-06-19,,,,,,
2023-06-20,,,,,2.3,2.22
2023-06-21,,,,,2.27,2.21
2023-06-22,,,,,2.3,2.24
2023-06-23,,,,,2.26,2.21
2023-06-26,,,,,2.23,2.18
2023-06-27,,,,,2.28,2.2
2023-06-28,,,,,2.24,2.18
2023-06-29,,,,,2.25,2.2
2023-06-30,,,,,2.26,2.22
2023-07-01,304.609,308.96,18884.2,119.556,,
2023-07-03,,,,,2.29,2.25
2023-07-04,,,,,,
2023-07-05,,,,,2.32,2.26
2023-07-06,,,,,2.32,2.27
2023-07-07,,,,,2.32,2.27
2023-07-10,,,,,2.31,2.25
2023-07-11,,,,,2.32,2.24
2023-07-12,,,,,2.34,2.26
2023-07-13,,,,,2.32,2.24
2023-07-14,,,,,2.33,2.24
2023-07-17,,,,,2.34,2.25
2023-07-18,,,,,2.33,2.23
2023-07-19,,,,,2.31,2.22
2023-07-20,,,,,2.49,2.35
2023-07-21,,,,,2.47,2.35
2023-07-24,,,,,2.48,2.38
2023-07-25,,,,,2.52,2.39
2023-07-26,,,,,2.48,2.36
2023-07-27,,,,,2.47,2.37
2023-07-28,,,,,2.48,2.38
2023-07-31,,,,,2.47,2.37
2023-08-01,306.082,309.58,18953.3,119.689,2.48,2.37
2023-08-02,,,,,2.47,2.36
2023-08-03,,,,,2.5,2.37
2023-08-04,,,,,2.5,2.38
2023-08-07,,,,,2.53,2.41
2023-08-08,,,,,2.48,2.36
2023-08-09,,,,,2.45,2.34
2023-08-10,,,,,2.41,2.33
2023-08-11,,,,,2.42,2.36
2023-08-14,,,,,2.43,2.36
2023-08-15,,,,,2.4,2.32
2023-08-16,,,,,2.41,2.32
2023-08-17,,,,,2.42,2.33
2023-08-18,,,,,2.42,2.32
2023-08-21,,,,,2.43,2.34
2023-08-22,,,,,2.43,2.35
2023-08-23,,,,,2.44,2.35
2023-08-24,,,,,2.4,2.32
2023-08-25,,,,,2.41,2.33
2023-08-28,,,,,2.39,2.3
2023-08-29,,,,,2.4,2.29
2023-08-30,,,,,2.36,2.26
2023-08-31,,,,,2.33,2.24
2023-09-01,307.276,310.539,19048.1,120.058,2.35,2.26
2023-09-04,,,,,,
2023-09-05,,,,,2.37,2.29
2023-09-06,,,,,2.37,2.3
2023-09-07,,,,,2.4,2.32
2023-09-08,,,,,2.4,2.33
2023-09-11,,,,,2.44,2.35
2023-09-12,,,,,2.41,2.34
2023-09-13,,,,,2.42,2.35
2023-09-14,,,,,2.41,2.34
2023-09-15,,,,,2.43,2.35
2023-09-18,,,,,2.43,2.36
2023-09-19,,,,,2.44,2.37
2023-09-20,,,,,2.43,2.35
2023-09-21,,,,,2.47,2.38
2023-09-22,,,,,2.45,2.37
2023-09-25,,,,,2.49,2.37
2023-09-26,,,,,2.46,2.33
2023-09-27,,,,,2.45,2.34
2023-09-28,,,,,2.51,2.39
2023-09-29,,,,,2.48,2.35
2023-10-01,307.696,311.457,19109.4,120.241,,
2023-10-02,,,,,2.47,2.35
2023-10-03,,,,,2.51,2.36
2023-10-04,,,,,2.48,2.33
2023-10-05,,,,,2.48,2.31
2023-10-06,,,,,2.45,2.31
2023-10-09,,,,,,
2023-10-10,,,,,2.46,2.32
2023-10-11,,,,,2.44,2.32
2023-10-12,,,,,2.45,2.34
2023-10-13,,,,,2.42,2.34
2023-10-16,,,,,2.46,2.38
2023-10-17,,,,,2.5,2.41
2023-10-18,,,,,2.53,2.44
2023-10-19,,,,,2.46,2.49
2023-10-20,,,,,2.47,2.47
2023-10-23,,,,,2.41,2.41
2023-10-24,,,,,2.42,2.4
2023-10-25,,,,,2.46,2.43
2023-10-26,,,,,2.47,2.42
2023-10-27,,,,,2.45,2.42
2023-10-30,,,,,2.48,2.44
2023-10-31,,,,,2.44,2.42
2023-11-01,308.148,312.392,19178.9,120.374,2.46,2.41
2023-11-02,,,,,2.45,2.4
2023-11-03,,,,,2.46,2.39
2023-11-06,,,,,2.49,2.42
2023-11-07,,,,,2.46,2.39
2023-11-08,,,,,2.39,2.34
2023-11-09,,,,,2.36,2.33
2023-11-10,,,,,2.36,2.32
2023-11-13,,,,,2.33,2.31
2023-11-14,,,,,2.33,2.28
2023-11-15,,,,,2.38,2.31
2023-11-16,,,,,2.34,2.27
2023-11-17,,,,,2.33,2.28
2023-11-20,,,,,2.34,2.3
2023-11-21,,,,,2.31,2.25
2023-11-22,,,,,2.31,2.26
2023-11-23,,,,,,
2023-11-24,,,,,2.31,2.26
2023-11-27,,,,,2.3,2.21
2023-11-28,,,,,2.29,2.22
2023-11-29,,,,,2.28,2.21
2023-11-30,,,,,2.31,2.23
2023-12-01,308.741,313.195,19283.5,120.592,2.32,2.22
2023-12-04,,,,,2.29,2.21
2023-12-05,,,,,2.25,2.17
2023-12-06,,,,,2.23,2.14
2023-12-07,,,,,2.28,2.17
2023-12-08,,,,,2.31,2.21
2023-12-11,,,,,2.27,2.19
2023-12-12,,,,,2.24,2.16
2023-12-13,,,,,2.24,2.16
2023-12-14,,,,,2.26,2.22
2023-12-15,,,,,2.27,2.22
2023-12-18,,,,,2.24,2.21
2023-12-19,,,,,2.21,2.19
2023-12-20,,,,,2.22,2.19
2023-12-21,,,,,2.2,2.19
2023-12-22,,,,,2.22,2.19
2023-12-25,,,,,,
2023-12-26,,,,,2.19,2.18
2023-12-27,,,,,2.18,2.15
2023-12-28,,,,,2.21,2.16
2023-12-29,,,,,2.2,2.16
2024-01-01,309.698,314.319,19303.3,121.217,,
2024-01-02,,,,,2.25,2.21
2024-01-03,,,,,2.23,2.2
2024-01-04,,,,,2.26,2.22
2024-01-05,,,,,2.25,2.22
2024-01-08,,,,,2.25,2.22
2024-01-09,,,,,2.27,2.22
2024-01-10,,,,,2.26,2.22
2024-01-11,,,,,2.26,2.22
2024-01-12,,,,,2.32,2.27
2024-01-15,,,,,,
2024-01-16,,,,,2.36,2.3
2024-01-17,,,,,2.36,2.3
2024-01-18,,,,,2.4,2.34
2024-01-19,,,,,2.38,2.34
2024-01-22,,,,,2.35,2.31
2024-01-23,,,,,2.32,2.29
2024-01-24,,,,,2.37,2.3
2024-01-25,,,,,2.34,2.29
2024-01-26,,,,,2.34,2.3
2024-01-29,,,,,2.34,2.3
2024-01-30,,,,,2.27,2.26
2024-01-31,,,,,2.28,2.26
2024-02-01,310.967,315.564,19446.5,121.537,2.21,2.19
2024-02-02,,,,,2.23,2.21
2024-02-05,,,,,2.28,2.27
2024-02-06,,,,,2.24,2.24
2024-02-07,,,,,2.2,2.23
2024-02-08,,,,,2.2,2.24
2024-02-09,,,,,2.22,2.25
2024-02-12,,,,,2.21,2.24
2024-02-13,,,,,2.25,2.29
2024-02-14,,,,,2.26,2.3
2024-02-15,,,,,2.25,2.3
2024-02-16,,,,,2.28,2.33
2024-02-19,,,,,,
2024-02-20,,,,,2.27,2.32
2024-02-21,,,,,2.29,2.34
2024-02-22,,,,,2.25,2.31
2024-02-23,,,,,2.26,2.3
2024-02-26,,,,,2.26,2.31
2024-02-27,,,,,2.26,2.32
2024-02-28,,,,,2.28,2.33
2024-02-29,,,,,2.26,2.33
2024-03-01,312.345,316.792,19581.8,122.009,2.24,2.32
2024-03-04,,,,,2.26,2.34
2024-03-05,,,,,2.25,2.32
2024-03-06,,,,,2.22,2.3
2024-03-07,,,,,2.22,2.28
2024-03-08,,,,,2.22,2.28
2024-03-11,,,,,2.22,2.27
2024-03-12,,,,,2.25,2.3
2024-03-13,,,,,2.23,2.3
2024-03-14,,,,,2.23,2.3
2024-03-15,,,,,2.25,2.32
2024-03-18,,,,,2.23,2.31
2024-03-19,,,,,2.22,2.3
2024-03-20,,,,,2.22,2.31
2024-03-21,,,,,2.25,2.34
2024-03-22,,,,,2.29,2.35
2024-03-25,,,,,2.25,2.33
2024-03-26,,,,,2.26,2.32
2024-03-27,,,,,2.27,2.32
2024-03-28,,,,,2.26,2.32
2024-03-29,,,,,,
2024-04-01,313.023,317.649,19665.7,122.304,2.29,2.35
2024-04-02,,,,,2.28,2.36
2024-04-03,,,,,2.29,2.36
2024-04-04,,,,,2.26,2.34
2024-04-05,,,,,2.29,2.37
2024-04-08,,,,,2.29,2.38
2024-04-09,,,,,2.28,2.36
2024-04-10,,,,,2.31,2.4
2024-04-11,,,,,2.32,2.4
2024-04-12,,,,,2.31,2.39
2024-04-15,,,,,2.34,2.43
2024-04-16,,,,,2.34,2.43
2024-04-17,,,,,2.31,2.39
2024-04-18,,,,,2.36,2.4
2024-04-19,,,,,2.38,2.41
2024-04-22,,,,,2.37,2.41
2024-04-23,,,,,2.38,2.41
2024-04-24,,,,,2.4,2.41
2024-04-25,,,,,2.41,2.42
2024-04-26,,,,,2.42,2.43
2024-04-29,,,,,2.39,2.41
2024-04-30,,,,,2.39,2.41
2024-05-01,313.175,318.095,19758.0,122.383,2.37,2.38
2024-05-02,,,,,2.37,2.37
2024-05-03,,,,,2.35,2.35
2024-05-06,,,,,2.36,2.35
2024-05-07,,,,,2.32,2.32
2024-05-08,,,,,2.31,2.31
2024-05-09,,,,,2.3,2.32
2024-05-10,,,,,2.34,2.34
2024-05-13,,,,,2.33,2.33
2024-05-14,,,,,2.34,2.33
2024-05-15,,,,,2.33,2.31
2024-05-16,,,,,2.32,2.31
2024-05-17,,,,,2.32,2.32
2024-05-20,,,,,2.33,2.33
2024-05-21,,,,,2.31,2.32
2024-05-22,,,,,2.33,2.33
2024-05-23,,,,,2.29,2.3
2024-05-24,,,,,2.31,2.32
2024-05-27,,,,,,
2024-05-28,,,,,2.35,2.34
2024-05-29,,,,,2.36,2.36
2024-05-30,,,,,2.37,2.36
2024-05-31,,,,,2.36,2.35
2024-06-01,313.044,318.39,19844.5,122.677,,
2024-06-03,,,,,2.35,2.33
2024-06-04,,,,,2.34,2.31
2024-06-05,,,,,2.33,2.3
2024-06-06,,,,,2.31,2.28
2024-06-07,,,,,2.32,2.3
2024-06-10,,,,,2.35,2.31
2024-06-11,,,,,2.29,2.27
2024-06-12,,,,,2.27,2.22
2024-06-13,,,,,2.28,2.21
2024-06-14,,,,,2.23,2.17
2024-06-17,,,,,2.28,2.22
2024-06-18,,,,,2.25,2.21
2024-06-19,,,,,,
2024-06-20,,,,,2.29,2.25
2024-06-21,,,,,2.27,2.23
2024-06-24,,,,,2.26,2.22
2024-06-25,,,,,2.27,2.22
2024-06-26,,,,,2.32,2.26
2024-06-27,,,,,2.3,2.26
2024-06-28,,,,,2.32,2.28
2024-07-01,313.569,318.94,19949.5,122.911,2.35,2.32
2024-07-02,,,,,2.34,2.3
2024-07-03,,,,,2.31,2.27
2024-07-04,,,,,,
2024-07-05,,,,,2.34,2.28
2024-07-08,,,,,2.32,2.27
2024-07-09,,,,,2.31,2.26
2024-07-10,,,,,2.32,2.27
2024-07-11,,,,,2.32,2.25
2024-07-12,,,,,2.33,2.24
2024-07-15,,,,,2.34,2.27
2024-07-16,,,,,2.32,2.26
2024-07-17,,,,,2.33,2.26
2024-07-18,,,,,2.43,2.31
2024-07-19,,,,,2.46,2.32
2024-07-22,,,,,2.42,2.3
2024-07-23,,,,,2.41,2.29
2024-07-24,,,,,2.43,2.28
2024-07-25,,,,,2.43,2.28
2024-07-26,,,,,2.41,2.27
2024-07-29,,,,,2.37,2.25
2024-07-30,,,,,2.38,2.25
2024-07-31,,,,,2.35,2.24
2024-08-01,314.062,319.75,20001.3,123.128,2.34,2.2
2024-08-02,,,,,2.19,2.04
2024-08-05,,,,,2.23,2.07
2024-08-06,,,,,2.28,2.12
2024-08-07,,,,,2.25,2.11
2024-08-08,,,,,2.26,2.12
2024-08-09,,,,,2.24,2.1
2024-08-12,,,,,2.24,2.11
2024-08-13,,,,,2.22,2.09
2024-08-14,,,,,2.19,2.06
2024-08-15,,,,,2.25,2.12
2024-08-16,,,,,2.19,2.08
2024-08-19,,,,,2.2,2.07
2024-08-20,,,,,2.19,2.07
2024-08-21,,,,,2.2,2.07
2024-08-22,,,,,2.24,2.1
2024-08-23,,,,,2.25,2.13
2024-08-26,,,,,2.28,2.15
2024-08-27,,,,,2.28,2.15
2024-08-28,,,,,2.31,2.15
2024-08-29,,,,,2.31,2.16
2024-08-30,,,,,2.29,2.15
2024-09-01,314.732,320.732,20147.6,123.466,,
2024-09-02,,,,,,
2024-09-03,,,,,2.27,2.11
2024-09-04,,,,,2.24,2.07
2024-09-05,,,,,2.19,2.03
2024-09-06,,,,,2.2,2.03
2024-09-09,,,,,2.2,2.04
2024-09-10,,,,,2.18,2.02
2024-09-11,,,,,2.18,2.04
2024-09-12,,,,,2.17,2.05
2024-09-13,,,,,2.21,2.08
2024-09-16,,,,,2.24,2.09
2024-09-17,,,,,2.27,2.12
2024-09-18,,,,,2.26,2.12
2024-09-19,,,,,2.3,2.17
2024-09-20,,,,,2.28,2.15
2024-09-23,,,,,2.3,2.17
2024-09-24,,,,,2.32,2.19
2024-09-25,,,,,2.3,2.18
2024-09-26,,,,,2.29,2.16
2024-09-27,,,,,2.27,2.15
2024-09-30,,,,,2.29,2.18
2024-10-01,315.631,321.731,20226.0,123.832,2.31,2.19
2024-10-02,,,,,2.32,2.21
2024-10-03,,,,,2.31,2.21
2024-10-04,,,,,2.32,2.23
2024-10-07,,,,,2.37,2.27
2024-10-08,,,,,2.37,2.27
2024-10-09,,,,,2.37,2.29
2024-10-10,,,,,2.4,2.33
2024-10-11,,,,,2.41,2.33
2024-10-14,,,,,,
2024-10-15,,,,,2.34,2.28
2024-10-16,,,,,2.35,2.27
2024-10-17,,,,,2.38,2.3
2024-10-18,,,,,2.39,2.31
2024-10-21,,,,,2.39,2.31
2024-10-22,,,,,2.41,2.33
2024-10-23,,,,,2.39,2.31
2024-10-24,,,,,2.27,2.3
2024-10-25,,,,,2.26,2.29
2024-10-28,,,,,2.27,2.29
2024-10-29,,,,,2.27,2.3
2024-10-30,,,,,2.31,2.34
2024-10-31,,,,,2.28,2.33
2024-11-01,316.528,322.657,20313.6,123.962,2.29,2.33
2024-11-04,,,,,2.24,2.28
2024-11-05,,,,,2.22,2.27
2024-11-06,,,,,2.3,2.38
2024-11-07,,,,,2.26,2.33
2024-11-08,,,,,2.27,2.35
2024-11-11,,,,,,
2024-11-12,,,,,2.27,2.35
2024-11-13,,,,,2.28,2.35
2024-11-14,,,,,2.26,2.33
2024-11-15,,,,,2.27,2.33
2024-11-18,,,,,2.27,2.34
2024-11-19,,,,,2.27,2.34
2024-11-20,,,,,2.27,2.35
2024-11-21,,,,,2.26,2.34
2024-11-22,,,,,2.25,2.34
2024-11-25,,,,,2.23,2.29
2024-11-26,,,,,2.23,2.28
2024-11-27,,,,,2.2,2.26
2024-11-28,,,,,,
2024-11-29,,,,,2.19,2.26
2024-12-01,317.604,323.259,20514.3,124.196,,
2024-12-02,,,,,2.19,2.26
2024-12-03,,,,,2.2,2.28
2024-12-04,,,,,2.21,2.29
2024-12-05,,,,,2.15,2.25
2024-12-06,,,,,2.17,2.24
2024-12-09,,,,,2.21,2.27
2024-12-10,,,,,2.24,2.29
2024-12-11,,,,,2.22,2.3
2024-12-12,,,,,2.25,2.32
2024-12-13,,,,,2.26,2.33
2024-12-16,,,,,2.26,2.32
2024-12-17,,,,,2.26,2.31
2024-12-18,,,,,2.26,2.32
2024-12-19,,,,,2.23,2.29
2024-12-20,,,,,2.24,2.29
2024-12-23,,,,,2.26,2.32
2024-12-24,,,,,2.31,2.35
2024-12-25,,,,,,
2024-12-26,,,,,2.31,2.35
2024-12-27,,,,,2.3,2.34
2024-12-30,,,,,2.27,2.31
2024-12-31,,,,,2.3,2.34
2025-01-01,318.961,324.638,20462.2,124.587,,
2025-01-02,,,,,2.27,2.34
2025-01-03,,,,,2.28,2.34
2025-01-06,,,,,2.28,2.34
2025-01-07,,,,,2.32,2.38
2025-01-08,,,,,2.33,2.4
2025-01-09,,,,,2.32,2.39
2025-01-10,,,,,2.35,2.43
2025-01-13,,,,,2.35,2.45
2025-01-14,,,,,2.33,2.44
2025-01-15,,,,,2.32,2.42
2025-01-16,,,,,2.33,2.42
2025-01-17,,,,,2.3,2.41
2025-01-20,,,,,,
2025-01-21,,,,,2.29,2.38
2025-01-22,,,,,2.32,2.4
2025-01-23,,,,,2.32,2.42
2025-01-24,,,,,2.34,2.43
2025-01-27,,,,,2.31,2.4
2025-01-28,,,,,2.32,2.42
2025-01-29,,,,,2.28,2.4
2025-01-30,,,,,2.26,2.38
2025-01-31,,,,,2.3,2.42
2025-02-01,319.679,325.465,20519.8,125.145,,
2025-02-03,,,,,2.29,2.45
2025-02-04,,,,,2.29,2.44
2025-02-05,,,,,2.27,2.42
2025-02-06,,,,,2.27,2.42
2025-02-07,,,,,2.25,2.42
2025-02-10,,,,,2.28,2.44
2025-02-11,,,,,2.28,2.46
2025-02-12,,,,,2.26,2.46
2025-02-13,,,,,2.24,2.44
2025-02-14,,,,,2.24,2.43
2025-02-17,,,,,,
2025-02-18,,,,,2.25,2.45
2025-02-19,,,,,2.24,2.45
2025-02-20,,,,,2.24,2.45
2025-02-21,,,,,2.23,2.42
2025-02-24,,,,,2.23,2.42
2025-02-25,,,,,2.19,2.38
2025-02-26,,,,,2.18,2.36
2025-02-27,,,,,2.17,2.37
2025-02-28,,,,,2.18,2.38
2025-03-01,319.785,325.69,20683.0,125.267,,
2025-03-03,,,,,2.13,2.36
2025-03-04,,,,,2.11,2.35
2025-03-05,,,,,2.12,2.34
2025-03-06,,,,,2.15,2.34
2025-03-07,,,,,2.14,2.33
2025-03-10,,,,,2.13,2.31
2025-03-11,,,,,2.12,2.31
2025-03-12,,,,,2.13,2.33
2025-03-13,,,,,2.1,2.29
2025-03-14,,,,,2.12,2.3
2025-03-17,,,,,2.1,2.29
2025-03-18,,,,,2.14,2.3
2025-03-19,,,,,2.12,2.31
2025-03-20,,,,,2.11,2.31
2025-03-21,,,,,2.15,2.33
2025-03-24,,,,,2.18,2.36
2025-03-25,,,,,2.14,2.35
2025-03-26,,,,,2.18,2.37
2025-03-27,,,,,2.18,2.39
2025-03-28,,,,,2.16,2.37
2025-03-31,,,,,2.15,2.38
2025-04-01,320.302,326.467,20746.4,125.502,2.12,2.33
2025-04-02,,,,,2.13,2.32
2025-04-03,,,,,2.06,2.28
2025-04-04,,,,,2.02,2.18
2025-04-07,,,,,2.07,2.19
2025-04-08,,,,,2.09,2.22
2025-04-09,,,,,2.09,2.27
2025-04-10,,,,,2.06,2.19
2025-04-11,,,,,2.07,2.2
2025-04-14,,,,,2.11,2.23
2025-04-15,,,,,2.07,2.19
2025-04-16,,,,,2.05,2.17
2025-04-17,,,,,2.2,2.23
2025-04-18,,,,,,
2025-04-21,,,,,2.19,2.22
2025-04-22,,,,,2.24,2.27
2025-04-23,,,,,2.25,2.29
2025-04-24,,,,,2.25,2.3
2025-04-25,,,,,2.22,2.27
2025-04-28,,,,,2.18,2.25
2025-04-29,,,,,2.17,2.23
2025-04-30,,,,,2.17,2.23
2025-05-01,320.62,326.893,20755.0,125.79,2.2,2.25
2025-05-02,,,,,2.23,2.27
2025-05-05,,,,,2.23,2.28
2025-05-06,,,,,2.18,2.26
2025-05-07,,,,,2.17,2.25
2025-05-08,,,,,2.19,2.29
2025-05-09,,,,,2.19,2.29
2025-05-12,,,,,2.23,2.29
2025-05-13,,,,,2.26,2.32
2025-05-14,,,,,2.3,2.37
2025-05-15,,,,,2.27,2.34
2025-05-16,,,,,2.26,2.34
2025-05-19,,,,,2.29,2.36
2025-05-20,,,,,2.28,2.35
2025-05-21,,,,,2.27,2.35
2025-05-22,,,,,2.26,2.34
2025-05-23,,,,,2.26,2.33
2025-05-26,,,,,,
2025-05-27,,,,,2.23,2.32
2025-05-28,,,,,2.25,2.32
2025-05-29,,,,,2.26,2.32
2025-05-30,,,,,2.29,2.34
2025-06-01,321.435,327.658,20868.4,126.121,,
2025-06-02,,,,,2.28,2.33
2025-06-03,,,,,2.26,2.32
2025-06-04,,,,,2.3,2.31
2025-06-05,,,,,2.27,2.29
2025-06-06,,,,,2.27,2.31
2025-06-09,,,,,2.28,2.31
2025-06-10,,,,,2.26,2.29
2025-06-11,,,,,2.24,2.27
2025-06-12,,,,,2.22,2.25
2025-06-13,,,,,2.25,2.28
2025-06-16,,,,,2.28,2.3
2025-06-17,,,,,2.27,2.31
2025-06-18,,,,,2.26,2.31
2025-06-19,,,,,,
2025-06-20,,,,,2.29,2.33
2025-06-23,,,,,2.27,2.3
2025-06-24,,,,,2.28,2.29
2025-06-25,,,,,2.28,2.28
2025-06-26,,,,,2.27,2.28
2025-06-27,,,,,2.27,2.29
2025-06-30,,,,,2.27,2.29
2025-07-01,322.169,328.682,21007.3,126.43,2.26,2.29
2025-07-02,,,,,2.26,2.3
2025-07-03,,,,,2.29,2.33
2025-07-04,,,,,,
2025-07-07,,,,,2.3,2.35
2025-07-08,,,,,2.31,2.35
2025-07-09,,,,,2.28,2.33
2025-07-10,,,,,2.29,2.34
2025-07-11,,,,,2.3,2.37
2025-07-14,,,,,2.33,2.39
2025-07-15,,,,,2.34,2.41
2025-07-16,,,,,2.33,2.41
2025-07-17,,,,,2.33,2.43
2025-07-18,,,,,2.32,2.41
2025-07-21,,,,,2.31,2.4
2025-07-22,,,,,2.31,2.39
2025-07-23,,,,,2.3,2.37
2025-07-24,,,,,2.4,2.45
2025-07-25,,,,,2.41,2.44
2025-07-28,,,,,2.41,2.44
2025-07-29,,,,,2.38,2.43
2025-07-30,,,,,2.36,2.42
2025-07-31,,,,,2.32,2.39
2025-08-01,323.291,329.7,21123.8,126.714,2.28,2.33
2025-08-04,,,,,2.33,2.37
2025-08-05,,,,,2.31,2.36
2025-08-06,,,,,2.28,2.34
2025-08-07,,,,,2.29,2.35
2025-08-08,,,,,2.32,2.39
2025-08-11,,,,,2.34,2.4
2025-08-12,,,,,2.33,2.38
2025-08-13,,,,,2.32,2.37
2025-08-14,,,,,2.35,2.39
2025-08-15,,,,,2.34,2.38
2025-08-18,,,,,2.34,2.38
2025-08-19,,,,,2.31,2.35
2025-08-20,,,,,2.3,2.35
2025-08-21,,,,,2.34,2.39
2025-08-22,,,,,2.34,2.41
2025-08-25,,,,,2.33,2.41
2025-08-26,,,,,2.34,2.42
2025-08-27,,,,,2.36,2.43
2025-08-28,,,,,2.33,2.41
2025-08-29,,,,,2.35,2.41
2025-09-01,324.245,330.418,21202.4,126.954,,
2025-09-02,,,,,2.34,2.41
2025-09-03,,,,,2.34,2.4
2025-09-04,,,,,2.32,2.38
2025-09-05,,,,,2.32,2.37
2025-09-08,,,,,2.29,2.35
2025-09-09,,,,,2.29,2.36
2025-09-10,,,,,2.29,2.35
2025-09-11,,,,,2.27,2.34
2025-09-12,,,,,2.3,2.36
2025-09-15,,,,,2.33,2.37
2025-09-16,,,,,2.32,2.37
2025-09-17,,,,,2.33,2.38
2025-09-18,,,,,2.32,2.38
2025-09-19,,,,,2.35,2.39
2025-09-22,,,,,2.32,2.37
2025-09-23,,,,,2.32,2.37
2025-09-24,,,,,2.34,2.38
2025-09-25,,,,,2.34,2.38
2025-09-26,,,,,2.34,2.38
2025-09-29,,,,,2.29,2.35
2025-09-30,,,,,2.3,2.36
2025-10-01,,,21288.1,127.243,2.31,2.35
2025-10-02,,,,,2.31,2.34
2025-10-03,,,,,2.28,2.33
2025-10-06,,,,,2.3,2.34
2025-10-07,,,,,2.31,2.35
2025-10-08,,,,,2.31,2.35
2025-10-09,,,,,2.29,2.34
2025-10-10,,,,,2.25,2.3
2025-10-13,,,,,,
2025-10-14,,,,,2.27,2.3
2025-10-15,,,,,2.25,2.29
2025-10-16,,,,,2.27,2.28
2025-10-17,,,,,2.25,2.27
2025-10-20,,,,,2.24,2.26
2025-10-21,,,,,2.26,2.28
2025-10-22,,,,,2.26,2.29
2025-10-23,,,,,2.18,2.3
2025-10-24,,,,,2.18,2.29
2025-10-27,,,,,2.19,2.28
2025-10-28,,,,,2.2,2.28
2025-10-29,,,,,2.23,2.3
2025-10-30,,,,,2.2,2.29
2025-10-31,,,,,2.2,2.3
2025-11-01,325.063,331.043,21356.0,127.469,,
2025-11-03,,,,,2.21,2.31
2025-11-04,,,,,2.2,2.29
2025-11-05,,,,,2.21,2.3
2025-11-06,,,,,2.19,2.28
2025-11-07,,,,,2.2,2.28
2025-11-10,,,,,2.2,2.29
2025-11-11,,,,,,
2025-11-12,,,,,2.17,2.27
2025-11-13,,,,,2.19,2.28
2025-11-14,,,,,2.18,2.28
2025-11-17,,,,,2.19,2.28
2025-11-18,,,,,2.18,2.27
2025-11-19,,,,,2.18,2.27
2025-11-20,,,,,2.14,2.24
2025-11-21,,,,,2.16,2.24
2025-11-24,,,,,2.16,2.23
2025-11-25,,,,,2.17,2.22
2025-11-26,,,,,2.17,2.23
2025-11-27,,,,,,
2025-11-28,,,,,2.17,2.23
2025-12-01,326.031,331.814,21445.9,127.886,2.17,2.24
2025-12-02,,,,,2.18,2.24
2025-12-03,,,,,2.19,2.24
2025-12-04,,,,,2.19,2.26
2025-12-05,,,,,2.18,2.26
2025-12-08,,,,,2.2,2.26
2025-12-09,,,,,2.2,2.26
2025-12-10,,,,,2.18,2.25
2025-12-11,,,,,2.18,2.25
2025-12-12,,,,,2.2,2.26
2025-12-15,,,,,2.21,2.25
2025-12-16,,,,,2.21,2.23
2025-12-17,,,,,2.22,2.24
2025-12-18,,,,,2.22,2.24
2025-12-19,,,,,2.21,2.24
2025-12-22,,,,,2.21,2.23
2025-12-23,,,,,2.24,2.24
2025-12-24,,,,,2.24,2.24
2025-12-25,,,,,,
2025-12-26,,,,,2.24,2.23
2025-12-29,,,,,2.21,2.22
2025-12-30,,,,,2.23,2.24
2025-12-31,,,,,2.24,2.25
2026-01-01,326.588,332.793,21509.1,128.432,,
2026-01-02,,,,,2.22,2.25
2026-01-05,,,,,2.23,2.26
2026-01-06,,,,,2.24,2.27
2026-01-07,,,,,2.24,2.27
2026-01-08,,,,,2.23,2.27
2026-01-09,,,,,2.24,2.28
2026-01-12,,,,,2.22,2.29
2026-01-13,,,,,2.23,2.3
2026-01-14,,,,,2.22,2.29
2026-01-15,,,,,2.22,2.29
2026-01-16,,,,,2.27,2.33
2026-01-19,,,,,,
2026-01-20,,,,,2.26,2.33
2026-01-21,,,,,2.26,2.34
2026-01-22,,,,,2.2,2.31
2026-01-23,,,,,2.18,2.32
2026-01-26,,,,,2.19,2.32
2026-01-27,,,,,2.21,2.34
2026-01-28,,,,,2.22,2.36
2026-01-29,,,,,2.18,2.35
2026-01-30,,,,,2.19,2.36
2026-02-01,327.46,333.512,21655.8,128.94,,
2026-02-02,,,,,2.18,2.35
2026-02-03,,,,,2.19,2.36
2026-02-04,,,,,2.19,2.35
2026-02-05,,,,,2.16,2.32
2026-02-06,,,,,2.18,2.34
2026-02-09,,,,,2.2,2.35
2026-02-10,,,,,2.17,2.32
2026-02-11,,,,,2.15,2.32
2026-02-12,,,,,2.13,2.29
2026-02-13,,,,,2.12,2.27
2026-02-16,,,,,,
2026-02-17,,,,,2.13,2.26
2026-02-18,,,,,2.15,2.29
2026-02-19,,,,,2.15,2.29
2026-02-20,,,,,2.13,2.28
2026-02-23,,,,,2.12,2.26
2026-02-24,,,,,2.12,2.26
2026-02-25,,,,,2.14,2.28
2026-02-26,,,,,2.13,2.28
2026-02-27,,,,,2.1,2.25
2026-03-01,330.293,334.165,21868.3,129.321,,
2026-03-02,,,,,2.12,2.29
2026-03-03,,,,,2.12,2.29
2026-03-04,,,,,2.12,2.29
2026-03-05,,,,,2.11,2.31
2026-03-06,,,,,2.14,2.35
2026-03-09,,,,,2.12,2.34
2026-03-10,,,,,2.13,2.33
2026-03-11,,,,,2.14,2.36
2026-03-12,,,,,2.13,2.38
2026-03-13,,,,,2.11,2.36
2026-03-16,,,,,2.14,2.36
2026-03-17,,,,,2.12,2.37
2026-03-18,,,,,2.14,2.4
2026-03-19,,,,,2.13,2.37
2026-03-20,,,,,2.13,2.38
2026-03-23,,,,,2.13,2.33
2026-03-24,,,,,2.11,2.33
2026-03-25,,,,,2.11,2.31
2026-03-26,,,,,2.12,2.34
2026-03-27,,,,,2.06,2.31
2026-03-30,,,,,2.05,2.31
2026-03-31,,,,,2.06,2.3
2026-04-01,332.407,335.423,21979.4,129.63,2.07,2.31
2026-04-02,,,,,2.11,2.34
2026-04-03,,,,,2.11,2.36
2026-04-06,,,,,2.12,2.36
2026-04-07,,,,,2.13,2.37
2026-04-08,,,,,2.1,2.33
2026-04-09,,,,,2.12,2.34
2026-04-10,,,,,2.14,2.36
2026-04-13,,,,,2.15,2.38
2026-04-14,,,,,2.15,2.37
2026-04-15,,,,,2.17,2.39
2026-04-16,,,,,2.18,2.39
2026-04-17,,,,,2.16,2.36
2026-04-20,,,,,2.13,2.35
2026-04-21,,,,,2.16,2.38
2026-04-22,,,,,2.15,2.38
2026-04-23,,,,,2.26,2.42
2026-04-24,,,,,2.23,2.42
2026-04-27,,,,,2.26,2.44
2026-04-28,,,,,2.25,2.44
2026-04-29,,,,,2.25,2.46
2026-04-30,,,,,2.25,2.46
2026-05-01,333.979,336.121,,,2.27,2.48
2026-05-04,,,,,2.28,2.5
2026-05-05,,,,,2.27,2.47
2026-05-06,,,,,2.26,2.42
2026-05-07,,,,,2.29,2.45
2026-05-08,,,,,2.28,2.45
2026-05-11,,,,,2.27,2.47
2026-05-12,,,,,2.25,2.47
2026-05-13,,,,,2.24,2.47
2026-05-14,,,,,2.27,2.47
2026-05-15,,,,,2.28,2.49
2026-05-18,,,,,2.27,2.48
2026-05-19,,,,,2.32,2.49
2026-05-20,,,,,2.29,2.44
2026-05-21,,,,,2.21,2.39
2026-05-22,,,,,2.26,2.4
2026-05-25,,,,,,
2026-05-26,,,,,2.27,2.4
2026-05-27,,,,,2.25,2.39
2026-05-28,,,,,2.24,2.39
2026-05-29,,,,,2.24,2.38
2026-06-01,,,,,2.26,2.4
2026-06-02,,,,,2.26,2.39
2026-06-03,,,,,2.23,2.38
2026-06-04,,,,,2.24,2.36
2026-06-05,,,,,2.24,2.36
2026-06-08,,,,,2.23,2.35
2026-06-09,,,,,2.22,2.33
2026-06-10,,,,,2.24,2.34
2026-06-11,,,,,2.18,2.29
2026-06-12,,,,,2.23,2.31
2026-06-15,,,,,2.24,2.32
2026-06-16,,,,,2.22,2.29
2026-06-17,,,,,2.21,2.26
2026-06-18,,,,,2.23,2.25
