market,date,asset_long,asset_short,net_position
CANADIAN DOLLAR - CHICAGO MERCANTILE EXCHANGE,2026-03-31,64103,36157,27946
"NANO ETHER PERP STYLE - COINBASE DERIVATIVES, LLC",2026-03-31,0,0,0
"1K SHIB PERP - COINBASE DERIVATIVES, LLC",2026-03-31,0,0,0
"AVALANCHE PERP STYLE - COINBASE DERIVATIVES, LLC",2026-03-31,0,0,0
"CHAINLINK PERP STYLE - COINBASE DERIVATIVES, LLC",2026-03-31,0,0,0
"POLKADOT PERP STYLE - COINBASE DERIVATIVES, LLC",2026-03-31,0,0,0
"LITECOIN PERP STYLE - COINBASE DERIVATIVES, LLC",2026-03-31,0,0,0
3 YEAR ERIS SOFR SWAP - CHICAGO BOARD OF TRADE,2026-03-31,0,27759,-27759
5 YEAR ERIS SOFR SWAP - CHICAGO BOARD OF TRADE,2026-03-31,32280,4416,27864
"SUI PERP STYLE - COINBASE DERIVATIVES, LLC",2026-03-31,0,0,0
"HEDERA PERP STYLE - COINBASE DERIVATIVES, LLC",2026-03-31,0,0,0
"DOGECOIN PERP STYLE - COINBASE DERIVATIVES, LLC",2026-03-31,0,0,0
SOFR-3M - CHICAGO MERCANTILE EXCHANGE,2026-03-31,3006442,2488415,518027
EURO SHORT TERM RATE - CHICAGO MERCANTILE EXCHANGE,2026-03-31,6337,8643,-2306
FED FUNDS - CHICAGO BOARD OF TRADE,2026-03-31,346923,456800,-109877
UST 5Y NOTE - CHICAGO BOARD OF TRADE,2026-03-31,67367,712917,-645550
MICRO 10 YEAR YIELD - CHICAGO BOARD OF TRADE,2026-03-31,0,0,0
ULTRA UST 10Y - CHICAGO BOARD OF TRADE,2026-03-31,29992,351792,-321800
VIX FUTURES - CBOE FUTURES EXCHANGE,2026-03-31,67930,32645,35285
XRP - CHICAGO MERCANTILE EXCHANGE,2026-03-31,4959,936,4023
MICRO ETHER  - CHICAGO MERCANTILE EXCHANGE,2026-03-31,2886,0,2886
USD INDEX - ICE FUTURES U.S.,2026-03-31,3142,10538,-7396
MICRO BITCOIN - CHICAGO MERCANTILE EXCHANGE,2026-03-31,976,2648,-1672
"NANO BITCOIN PERP STYLE - COINBASE DERIVATIVES, LLC",2026-03-31,0,0,0
ETHER CASH SETTLED - CHICAGO MERCANTILE EXCHANGE,2026-03-31,16657,6243,10414
"NANO XRP - COINBASE DERIVATIVES, LLC",2026-03-31,0,0,0
"ONDO PERP STYLE - COINBASE DERIVATIVES, LLC",2026-03-31,0,0,0
2 YEAR ERIS SOFR SWAP - CHICAGO BOARD OF TRADE,2026-03-31,3417,4695,-1278
SOFR-1M - CHICAGO MERCANTILE EXCHANGE,2026-03-31,521528,336275,185253
"NANO SOLANA - COINBASE DERIVATIVES, LLC",2026-03-31,0,0,0
BITCOIN - CHICAGO MERCANTILE EXCHANGE,2026-03-31,6014,2148,3866
10 YEAR ERIS SOFR SWAP - CHICAGO BOARD OF TRADE,2026-03-31,29230,11467,17763
"ZCASH PERP STYLE - COINBASE DERIVATIVES, LLC",2026-03-31,0,0,0
"CARDONA PERP STYLE - COINBASE DERIVATIVES, LLC",2026-03-31,0,0,0
SOL - CHICAGO MERCANTILE EXCHANGE,2026-03-31,9064,3782,5282
UST 2Y NOTE - CHICAGO BOARD OF TRADE,2026-03-31,103399,615026,-511627
"Nano Bitcoin  - COINBASE DERIVATIVES, LLC",2026-03-31,95,0,95
"NANO XRP PERP STYLE - COINBASE DERIVATIVES, LLC",2026-03-31,0,0,0
BBG COMMODITY - CHICAGO BOARD OF TRADE,2026-03-31,130332,226008,-95676
"NANO SOLANA PERP STYLE - COINBASE DERIVATIVES, LLC",2026-03-31,0,0,0
"NANO ETHER - COINBASE DERIVATIVES, LLC",2026-03-31,290,0,290
UST 10Y NOTE - CHICAGO BOARD OF TRADE,2026-03-31,169642,546449,-376807
"BITCOIN CASH PERP STYLE - COINBASE DERIVATIVES, LLC",2026-03-31,0,0,0
ULTRA UST BOND - CHICAGO BOARD OF TRADE,2026-03-31,15275,330455,-315180
S&P 500 ANNUAL DIVIDEND INDEX - CHICAGO MERCANTILE EXCHANGE,2026-03-31,31532,271468,-239936
S&P 500 Consolidated - CHICAGO MERCANTILE EXCHANGE,2026-03-31,130907,950568,-819661
MICRO E-MINI DJIA (x$0.5) - CHICAGO BOARD OF TRADE,2026-03-31,8018,2477,5541
DOW JONES U.S. REAL ESTATE IDX - CHICAGO BOARD OF TRADE,2026-03-31,5018,55471,-50453
DJIA x $5 - CHICAGO BOARD OF TRADE,2026-03-31,31473,31919,-446
DJIA Consolidated - CHICAGO BOARD OF TRADE,2026-03-31,31803,31695,108
SO AFRICAN RAND - CHICAGO MERCANTILE EXCHANGE,2026-03-31,2520,16388,-13868
E-MINI S&P CONSU STAPLES INDEX - CHICAGO MERCANTILE EXCHANGE,2026-03-31,16712,5334,11378
E-MINI S&P ENERGY INDEX - CHICAGO MERCANTILE EXCHANGE,2026-03-31,1719,22227,-20508
NASDAQ-100 Consolidated - CHICAGO MERCANTILE EXCHANGE,2026-03-31,49383,73436,-24053
EURO FX/JAPANESE YEN XRATE - CHICAGO MERCANTILE EXCHANGE,2026-03-31,2811,2173,638
EURO FX/BRITISH POUND XRATE - CHICAGO MERCANTILE EXCHANGE,2026-03-31,0,23617,-23617
AUSTRALIAN DOLLAR - CHICAGO MERCANTILE EXCHANGE,2026-03-31,30591,158593,-128002
EURO FX - CHICAGO MERCANTILE EXCHANGE,2026-03-31,48543,357954,-309411
JAPANESE YEN - CHICAGO MERCANTILE EXCHANGE,2026-03-31,65995,52624,13371
BRITISH POUND - CHICAGO MERCANTILE EXCHANGE,2026-03-31,132294,51454,80840
SWISS FRANC - CHICAGO MERCANTILE EXCHANGE,2026-03-31,48430,4780,43650
E-MINI S&P INDUSTRIAL INDEX - CHICAGO MERCANTILE EXCHANGE,2026-03-31,3908,8260,-4352
S&P 500 QUARTERLY DIVIDEND IND - CHICAGO MERCANTILE EXCHANGE,2026-03-31,2450,12441,-9991
NZ DOLLAR - CHICAGO MERCANTILE EXCHANGE,2026-03-31,50305,6700,43605
UST BOND - CHICAGO BOARD OF TRADE,2026-03-31,18284,306305,-288021
MSCI EM INDEX - ICE FUTURES U.S.,2026-03-31,64404,593759,-529355
MSCI EAFE  - ICE FUTURES U.S.,2026-03-31,28615,244553,-215938
E-MINI S&P TECHNOLOGY INDEX - CHICAGO MERCANTILE EXCHANGE,2026-03-31,1215,15207,-13992
RUSSELL E-MINI - CHICAGO MERCANTILE EXCHANGE,2026-03-31,113886,88444,25442
MICRO E-MINI S&P 500 INDEX - CHICAGO MERCANTILE EXCHANGE,2026-03-31,2461,5831,-3370
E-MINI S&P 400 STOCK INDEX - CHICAGO MERCANTILE EXCHANGE,2026-03-31,5107,8834,-3727
BLOOMBERG HY CREDIT FUTURES - CHICAGO BOARD OF TRADE,2026-03-31,333,80,253
NASDAQ MINI - CHICAGO MERCANTILE EXCHANGE,2026-03-31,47832,75585,-27753
E-MINI S&P HEALTH CARE INDEX - CHICAGO MERCANTILE EXCHANGE,2026-03-31,4450,15567,-11117
MEXICAN PESO - CHICAGO MERCANTILE EXCHANGE,2026-03-31,24594,41544,-16950
MICRO E-MINI NASDAQ-100 INDEX - CHICAGO MERCANTILE EXCHANGE,2026-03-31,39998,3003,36995
E-MINI S&P UTILITIES INDEX - CHICAGO MERCANTILE EXCHANGE,2026-03-31,2806,19076,-16270
E-MINI S&P COMMUNICATION INDEX - CHICAGO MERCANTILE EXCHANGE,2026-03-31,3305,15683,-12378
BRAZILIAN REAL - CHICAGO MERCANTILE EXCHANGE,2026-03-31,8460,70473,-62013
MICRO E-MINI RUSSELL 2000 INDX - CHICAGO MERCANTILE EXCHANGE,2026-03-31,3554,1534,2020
E-MINI S&P FINANCIAL INDEX - CHICAGO MERCANTILE EXCHANGE,2026-03-31,52558,57550,-4992
ADJUSTED INT RATE S&P 500 TOTL - CHICAGO MERCANTILE EXCHANGE,2026-03-31,307983,211993,95990
E-MINI S&P 500 - CHICAGO MERCANTILE EXCHANGE,2026-03-31,130907,950231,-819324
NIKKEI STOCK AVERAGE YEN DENOM - CHICAGO MERCANTILE EXCHANGE,2026-03-31,6391,5867,524
EMINI RUSSELL 1000 VALUE INDEX - CHICAGO MERCANTILE EXCHANGE,2026-03-31,22147,13245,8902
USD INDEX - ICE FUTURES U.S.,2026-04-07,3069,10539,-7470
UST 5Y NOTE - CHICAGO BOARD OF TRADE,2026-04-07,91241,768624,-677383
EURO SHORT TERM RATE - CHICAGO MERCANTILE EXCHANGE,2026-04-07,6763,8031,-1268
RUSSELL E-MINI - CHICAGO MERCANTILE EXCHANGE,2026-04-07,116875,84279,32596
E-MINI S&P TECHNOLOGY INDEX - CHICAGO MERCANTILE EXCHANGE,2026-04-07,1215,15407,-14192
MICRO E-MINI RUSSELL 2000 INDX - CHICAGO MERCANTILE EXCHANGE,2026-04-07,2499,2172,327
3 YEAR ERIS SOFR SWAP - CHICAGO BOARD OF TRADE,2026-04-07,0,27759,-27759
"AVALANCHE - COINBASE DERIVATIVES, LLC",2026-04-07,0,0,0
E-MINI S&P 400 STOCK INDEX - CHICAGO MERCANTILE EXCHANGE,2026-04-07,4813,8796,-3983
BRAZILIAN REAL - CHICAGO MERCANTILE EXCHANGE,2026-04-07,2572,70867,-68295
NASDAQ MINI - CHICAGO MERCANTILE EXCHANGE,2026-04-07,52605,73732,-21127
EURO FX/JAPANESE YEN XRATE - CHICAGO MERCANTILE EXCHANGE,2026-04-07,3057,2173,884
E-MINI S&P COMMUNICATION INDEX - CHICAGO MERCANTILE EXCHANGE,2026-04-07,3410,15253,-11843
DJIA x $5 - CHICAGO BOARD OF TRADE,2026-04-07,34264,30849,3415
UST 10Y NOTE - CHICAGO BOARD OF TRADE,2026-04-07,171819,592373,-420554
"1K SHIB PERP - COINBASE DERIVATIVES, LLC",2026-04-07,0,0,0
"DOGECOIN - COINBASE DERIVATIVES, LLC",2026-04-07,13690,0,13690
SO AFRICAN RAND - CHICAGO MERCANTILE EXCHANGE,2026-04-07,3572,17486,-13914
"AVALANCHE PERP STYLE - COINBASE DERIVATIVES, LLC",2026-04-07,0,0,0
MSCI EM INDEX - ICE FUTURES U.S.,2026-04-07,66044,609176,-543132
NASDAQ-100 Consolidated - CHICAGO MERCANTILE EXCHANGE,2026-04-07,54979,70674,-15695
MICRO E-MINI S&P 500 INDEX - CHICAGO MERCANTILE EXCHANGE,2026-04-07,7941,19114,-11173
10 YEAR ERIS SOFR SWAP - CHICAGO BOARD OF TRADE,2026-04-07,29230,11438,17792
SOFR-1M - CHICAGO MERCANTILE EXCHANGE,2026-04-07,436132,305728,130404
NIKKEI STOCK AVERAGE YEN DENOM - CHICAGO MERCANTILE EXCHANGE,2026-04-07,6839,6007,832
S&P 500 Consolidated - CHICAGO MERCANTILE EXCHANGE,2026-04-07,116303,926032,-809729
E-MINI S&P INDUSTRIAL INDEX - CHICAGO MERCANTILE EXCHANGE,2026-04-07,4479,8264,-3785
ULTRA UST BOND - CHICAGO BOARD OF TRADE,2026-04-07,14013,336497,-322484
"POLKADOT PERP STYLE - COINBASE DERIVATIVES, LLC",2026-04-07,0,0,0
BLOOMBERG HY CREDIT FUTURES - CHICAGO BOARD OF TRADE,2026-04-07,333,130,203
ADJUSTED INT RATE S&P 500 TOTL - CHICAGO MERCANTILE EXCHANGE,2026-04-07,309812,211692,98120
EMINI RUSSELL 1000 VALUE INDEX - CHICAGO MERCANTILE EXCHANGE,2026-04-07,21423,13289,8134
S&P 500 ANNUAL DIVIDEND INDEX - CHICAGO MERCANTILE EXCHANGE,2026-04-07,30592,272952,-242360
E-MINI S&P UTILITIES INDEX - CHICAGO MERCANTILE EXCHANGE,2026-04-07,2806,19685,-16879
AUSTRALIAN DOLLAR - CHICAGO MERCANTILE EXCHANGE,2026-04-07,36181,153851,-117670
7 YEAR ERIS SOFR SWAP - CHICAGO BOARD OF TRADE,2026-04-07,3462,14329,-10867
E-MINI S&P HEALTH CARE INDEX - CHICAGO MERCANTILE EXCHANGE,2026-04-07,4840,15963,-11123
S&P 500 QUARTERLY DIVIDEND IND - CHICAGO MERCANTILE EXCHANGE,2026-04-07,2490,13019,-10529
E-MINI S&P FINANCIAL INDEX - CHICAGO MERCANTILE EXCHANGE,2026-04-07,52629,57427,-4798
UST BOND - CHICAGO BOARD OF TRADE,2026-04-07,15098,294072,-278974
MSCI EAFE  - ICE FUTURES U.S.,2026-04-07,34747,284634,-249887
BRITISH POUND - CHICAGO MERCANTILE EXCHANGE,2026-04-07,133276,53508,79768
NZ DOLLAR - CHICAGO MERCANTILE EXCHANGE,2026-04-07,51879,2781,49098
"Nano Bitcoin  - COINBASE DERIVATIVES, LLC",2026-04-07,0,0,0
SOFR-3M - CHICAGO MERCANTILE EXCHANGE,2026-04-07,2996731,2396915,599816
"DOGECOIN PERP STYLE - COINBASE DERIVATIVES, LLC",2026-04-07,0,0,0
"NANO XRP - COINBASE DERIVATIVES, LLC",2026-04-07,0,0,0
"NANO SOLANA PERP STYLE - COINBASE DERIVATIVES, LLC",2026-04-07,0,26,-26
"NANO BITCOIN PERP STYLE - COINBASE DERIVATIVES, LLC",2026-04-07,0,282,-282
"NANO SOLANA - COINBASE DERIVATIVES, LLC",2026-04-07,0,0,0
ULTRA UST 10Y - CHICAGO BOARD OF TRADE,2026-04-07,24913,357703,-332790
DJIA Consolidated - CHICAGO BOARD OF TRADE,2026-04-07,34264,30849,3415
SWISS FRANC - CHICAGO MERCANTILE EXCHANGE,2026-04-07,55237,5623,49614
"SUI PERP STYLE - COINBASE DERIVATIVES, LLC",2026-04-07,0,0,0
E-MINI S&P 500 - CHICAGO MERCANTILE EXCHANGE,2026-04-07,118039,926651,-808612
MICRO E-MINI NASDAQ-100 INDEX - CHICAGO MERCANTILE EXCHANGE,2026-04-07,58177,3853,54324
"ZCASH PERP STYLE - COINBASE DERIVATIVES, LLC",2026-04-07,0,0,0
"HEDERA PERP STYLE - COINBASE DERIVATIVES, LLC",2026-04-07,0,0,0
DOW JONES U.S. REAL ESTATE IDX - CHICAGO BOARD OF TRADE,2026-04-07,4642,57957,-53315
MEXICAN PESO - CHICAGO MERCANTILE EXCHANGE,2026-04-07,21028,43639,-22611
ETHER CASH SETTLED - CHICAGO MERCANTILE EXCHANGE,2026-04-07,16567,6436,10131
BBG COMMODITY - CHICAGO BOARD OF TRADE,2026-04-07,129789,230001,-100212
UST 2Y NOTE - CHICAGO BOARD OF TRADE,2026-04-07,100923,592978,-492055
VIX FUTURES - CBOE FUTURES EXCHANGE,2026-04-07,68838,36037,32801
"NANO XRP PERP STYLE - COINBASE DERIVATIVES, LLC",2026-04-07,0,0,0
5 YEAR ERIS SOFR SWAP - CHICAGO BOARD OF TRADE,2026-04-07,32269,5265,27004
BITCOIN - CHICAGO MERCANTILE EXCHANGE,2026-04-07,5959,2233,3726
MICRO BITCOIN - CHICAGO MERCANTILE EXCHANGE,2026-04-07,1015,6192,-5177
JAPANESE YEN - CHICAGO MERCANTILE EXCHANGE,2026-04-07,67943,36075,31868
SOL - CHICAGO MERCANTILE EXCHANGE,2026-04-07,9025,3795,5230
"NANO ETHER - COINBASE DERIVATIVES, LLC",2026-04-07,0,0,0
FED FUNDS - CHICAGO BOARD OF TRADE,2026-04-07,357808,398801,-40993
"CARDONA PERP STYLE - COINBASE DERIVATIVES, LLC",2026-04-07,0,0,0
EURO FX/BRITISH POUND XRATE - CHICAGO MERCANTILE EXCHANGE,2026-04-07,0,24038,-24038
2 YEAR ERIS SOFR SWAP - CHICAGO BOARD OF TRADE,2026-04-07,3417,4695,-1278
"NANO ETHER PERP STYLE - COINBASE DERIVATIVES, LLC",2026-04-07,0,170,-170
"CHAINLINK PERP STYLE - COINBASE DERIVATIVES, LLC",2026-04-07,0,0,0
XRP - CHICAGO MERCANTILE EXCHANGE,2026-04-07,4917,951,3966
EURO FX - CHICAGO MERCANTILE EXCHANGE,2026-04-07,52663,356091,-303428
MICRO ETHER  - CHICAGO MERCANTILE EXCHANGE,2026-04-07,2875,0,2875
E-MINI S&P ENERGY INDEX - CHICAGO MERCANTILE EXCHANGE,2026-04-07,1697,22740,-21043
CANADIAN DOLLAR - CHICAGO MERCANTILE EXCHANGE,2026-04-07,82871,32290,50581
"LITECOIN PERP STYLE - COINBASE DERIVATIVES, LLC",2026-04-07,0,0,0
E-MINI S&P CONSU STAPLES INDEX - CHICAGO MERCANTILE EXCHANGE,2026-04-07,16959,4405,12554
S&P 500 Consolidated - CHICAGO MERCANTILE EXCHANGE,2026-04-14,133178,829910,-696732
UST BOND - CHICAGO BOARD OF TRADE,2026-04-14,20790,290138,-269348
EURO FX/JAPANESE YEN XRATE - CHICAGO MERCANTILE EXCHANGE,2026-04-14,3046,2173,873
E-MINI S&P ENERGY INDEX - CHICAGO MERCANTILE EXCHANGE,2026-04-14,7130,17302,-10172
BRITISH POUND - CHICAGO MERCANTILE EXCHANGE,2026-04-14,125770,56230,69540
MICRO E-MINI S&P 500 INDEX - CHICAGO MERCANTILE EXCHANGE,2026-04-14,18038,49456,-31418
ADJUSTED INT RATE S&P 500 TOTL - CHICAGO MERCANTILE EXCHANGE,2026-04-14,306165,186685,119480
DJIA x $5 - CHICAGO BOARD OF TRADE,2026-04-14,33426,32086,1340
S&P 500 ANNUAL DIVIDEND INDEX - CHICAGO MERCANTILE EXCHANGE,2026-04-14,33949,275944,-241995
SO AFRICAN RAND - CHICAGO MERCANTILE EXCHANGE,2026-04-14,3295,17619,-14324
E-MINI S&P UTILITIES INDEX - CHICAGO MERCANTILE EXCHANGE,2026-04-14,2806,20929,-18123
JAPANESE YEN - CHICAGO MERCANTILE EXCHANGE,2026-04-14,66562,43133,23429
NIKKEI STOCK AVERAGE YEN DENOM - CHICAGO MERCANTILE EXCHANGE,2026-04-14,7259,7306,-47
"SUI PERP STYLE - COINBASE DERIVATIVES, LLC",2026-04-14,0,0,0
ULTRA UST BOND - CHICAGO BOARD OF TRADE,2026-04-14,12527,329338,-316811
NZ DOLLAR - CHICAGO MERCANTILE EXCHANGE,2026-04-14,59616,5118,54498
S&P 500 QUARTERLY DIVIDEND IND - CHICAGO MERCANTILE EXCHANGE,2026-04-14,3106,13948,-10842
MICRO E-MINI NASDAQ-100 INDEX - CHICAGO MERCANTILE EXCHANGE,2026-04-14,93824,4409,89415
E-MINI S&P 400 STOCK INDEX - CHICAGO MERCANTILE EXCHANGE,2026-04-14,4291,9740,-5449
E-MINI S&P INDUSTRIAL INDEX - CHICAGO MERCANTILE EXCHANGE,2026-04-14,5502,7986,-2484
EURO FX - CHICAGO MERCANTILE EXCHANGE,2026-04-14,47901,385359,-337458
EURO FX/BRITISH POUND XRATE - CHICAGO MERCANTILE EXCHANGE,2026-04-14,0,24653,-24653
VIX FUTURES - CBOE FUTURES EXCHANGE,2026-04-14,77943,51710,26233
MICRO ETHER  - CHICAGO MERCANTILE EXCHANGE,2026-04-14,1593,0,1593
MSCI EM INDEX - ICE FUTURES U.S.,2026-04-14,73148,616474,-543326
MICRO E-MINI DJIA (x$0.5) - CHICAGO BOARD OF TRADE,2026-04-14,13906,4200,9706
BRAZILIAN REAL - CHICAGO MERCANTILE EXCHANGE,2026-04-14,5295,76169,-70874
E-MINI S&P CONSU STAPLES INDEX - CHICAGO MERCANTILE EXCHANGE,2026-04-14,18561,4566,13995
MEXICAN PESO - CHICAGO MERCANTILE EXCHANGE,2026-04-14,20737,48343,-27606
USD INDEX - ICE FUTURES U.S.,2026-04-14,3301,10473,-7172
MSCI EAFE  - ICE FUTURES U.S.,2026-04-14,39580,280106,-240526
E-MINI S&P FINANCIAL INDEX - CHICAGO MERCANTILE EXCHANGE,2026-04-14,52414,60074,-7660
E-MINI S&P TECHNOLOGY INDEX - CHICAGO MERCANTILE EXCHANGE,2026-04-14,1215,16672,-15457
MICRO E-MINI RUSSELL 2000 INDX - CHICAGO MERCANTILE EXCHANGE,2026-04-14,1006,5265,-4259
DJIA Consolidated - CHICAGO BOARD OF TRADE,2026-04-14,34408,32098,2310
DOW JONES U.S. REAL ESTATE IDX - CHICAGO BOARD OF TRADE,2026-04-14,6180,58615,-52435
E-MINI S&P COMMUNICATION INDEX - CHICAGO MERCANTILE EXCHANGE,2026-04-14,3444,16711,-13267
AUSTRALIAN DOLLAR - CHICAGO MERCANTILE EXCHANGE,2026-04-14,41049,151875,-110826
"NANO ETHER - COINBASE DERIVATIVES, LLC",2026-04-14,0,0,0
CANADIAN DOLLAR - CHICAGO MERCANTILE EXCHANGE,2026-04-14,108148,32711,75437
E-MINI S&P HEALTH CARE INDEX - CHICAGO MERCANTILE EXCHANGE,2026-04-14,4882,16081,-11199
SWISS FRANC - CHICAGO MERCANTILE EXCHANGE,2026-04-14,61171,10574,50597
"DOGECOIN - COINBASE DERIVATIVES, LLC",2026-04-14,14805,0,14805
"NANO SOLANA - COINBASE DERIVATIVES, LLC",2026-04-14,0,0,0
5 YEAR ERIS SOFR SWAP - CHICAGO BOARD OF TRADE,2026-04-14,33068,5932,27136
UST 5Y NOTE - CHICAGO BOARD OF TRADE,2026-04-14,106776,806934,-700158
UST 2Y NOTE - CHICAGO BOARD OF TRADE,2026-04-14,113542,580515,-466973
UST 10Y NOTE - CHICAGO BOARD OF TRADE,2026-04-14,206647,601050,-394403
MICRO BITCOIN - CHICAGO MERCANTILE EXCHANGE,2026-04-14,777,6733,-5956
"1K SHIB PERP - COINBASE DERIVATIVES, LLC",2026-04-14,0,0,0
E-MINI S&P 500 - CHICAGO MERCANTILE EXCHANGE,2026-04-14,137784,831374,-693590
"NANO BITCOIN PERP STYLE - COINBASE DERIVATIVES, LLC",2026-04-14,0,725,-725
BBG COMMODITY - CHICAGO BOARD OF TRADE,2026-04-14,129558,233484,-103926
RUSSELL E-MINI - CHICAGO MERCANTILE EXCHANGE,2026-04-14,116339,81667,34672
"Nano Bitcoin  - COINBASE DERIVATIVES, LLC",2026-04-14,0,0,0
"CARDONA PERP STYLE - COINBASE DERIVATIVES, LLC",2026-04-14,0,0,0
ULTRA UST 10Y - CHICAGO BOARD OF TRADE,2026-04-14,23862,367673,-343811
"LITECOIN PERP STYLE - COINBASE DERIVATIVES, LLC",2026-04-14,0,0,0
ETHER CASH SETTLED - CHICAGO MERCANTILE EXCHANGE,2026-04-14,18421,7569,10852
"ZCASH PERP STYLE - COINBASE DERIVATIVES, LLC",2026-04-14,0,0,0
"POLKADOT PERP STYLE - COINBASE DERIVATIVES, LLC",2026-04-14,0,0,0
"NANO ETHER PERP STYLE - COINBASE DERIVATIVES, LLC",2026-04-14,0,437,-437
"NANO SOLANA PERP STYLE - COINBASE DERIVATIVES, LLC",2026-04-14,0,74,-74
"CHAINLINK PERP STYLE - COINBASE DERIVATIVES, LLC",2026-04-14,0,0,0
SOFR-1M - CHICAGO MERCANTILE EXCHANGE,2026-04-14,446852,297257,149595
"AVALANCHE PERP STYLE - COINBASE DERIVATIVES, LLC",2026-04-14,0,0,0
"NANO XRP - COINBASE DERIVATIVES, LLC",2026-04-14,0,0,0
FED FUNDS - CHICAGO BOARD OF TRADE,2026-04-14,334460,445424,-110964
"DOGECOIN PERP STYLE - COINBASE DERIVATIVES, LLC",2026-04-14,0,0,0
XRP - CHICAGO MERCANTILE EXCHANGE,2026-04-14,5201,1292,3909
SOFR-3M - CHICAGO MERCANTILE EXCHANGE,2026-04-14,3057534,2360586,696948
NASDAQ-100 Consolidated - CHICAGO MERCANTILE EXCHANGE,2026-04-14,53045,76659,-23614
"ONDO PERP STYLE - COINBASE DERIVATIVES, LLC",2026-04-14,0,0,0
"HEDERA PERP STYLE - COINBASE DERIVATIVES, LLC",2026-04-14,0,0,0
EURO SHORT TERM RATE - CHICAGO MERCANTILE EXCHANGE,2026-04-14,6912,7451,-539
10 YEAR ERIS SOFR SWAP - CHICAGO BOARD OF TRADE,2026-04-14,27730,8970,18760
3 YEAR ERIS SOFR SWAP - CHICAGO BOARD OF TRADE,2026-04-14,0,27760,-27760
7 YEAR ERIS SOFR SWAP - CHICAGO BOARD OF TRADE,2026-04-14,3494,14361,-10867
2 YEAR ERIS SOFR SWAP - CHICAGO BOARD OF TRADE,2026-04-14,3742,4695,-953
"AVALANCHE - COINBASE DERIVATIVES, LLC",2026-04-14,0,0,0
"NANO XRP PERP STYLE - COINBASE DERIVATIVES, LLC",2026-04-14,0,48,-48
NASDAQ MINI - CHICAGO MERCANTILE EXCHANGE,2026-04-14,51423,83979,-32556
SOL - CHICAGO MERCANTILE EXCHANGE,2026-04-14,9271,4345,4926
BITCOIN - CHICAGO MERCANTILE EXCHANGE,2026-04-14,6520,2326,4194
"NANO BITCOIN PERP STYLE - COINBASE DERIVATIVES, LLC",2026-04-21,0,725,-725
MICRO BITCOIN - CHICAGO MERCANTILE EXCHANGE,2026-04-21,869,7528,-6659
"CARDONA PERP STYLE - COINBASE DERIVATIVES, LLC",2026-04-21,0,0,0
"DOGECOIN - COINBASE DERIVATIVES, LLC",2026-04-21,15728,0,15728
BITCOIN - CHICAGO MERCANTILE EXCHANGE,2026-04-21,6748,2187,4561
"DOGECOIN PERP STYLE - COINBASE DERIVATIVES, LLC",2026-04-21,0,0,0
"HEDERA PERP STYLE - COINBASE DERIVATIVES, LLC",2026-04-21,0,0,0
E-MINI S&P CONSU STAPLES INDEX - CHICAGO MERCANTILE EXCHANGE,2026-04-21,20066,4271,15795
"1K SHIB PERP - COINBASE DERIVATIVES, LLC",2026-04-21,0,0,0
ETHER CASH SETTLED - CHICAGO MERCANTILE EXCHANGE,2026-04-21,18774,8334,10440
"ONDO PERP STYLE - COINBASE DERIVATIVES, LLC",2026-04-21,0,0,0
"NANO XRP - COINBASE DERIVATIVES, LLC",2026-04-21,0,0,0
7 YEAR ERIS SOFR SWAP - CHICAGO BOARD OF TRADE,2026-04-21,3562,14329,-10767
"SUI PERP STYLE - COINBASE DERIVATIVES, LLC",2026-04-21,0,0,0
"POLKADOT PERP STYLE - COINBASE DERIVATIVES, LLC",2026-04-21,0,0,0
"NANO XRP PERP STYLE - COINBASE DERIVATIVES, LLC",2026-04-21,0,40,-40
MICRO ETHER  - CHICAGO MERCANTILE EXCHANGE,2026-04-21,2574,0,2574
E-MINI S&P INDUSTRIAL INDEX - CHICAGO MERCANTILE EXCHANGE,2026-04-21,5543,8008,-2465
"AVALANCHE - COINBASE DERIVATIVES, LLC",2026-04-21,0,0,0
"NANO ETHER PERP STYLE - COINBASE DERIVATIVES, LLC",2026-04-21,0,437,-437
2 YEAR ERIS SOFR SWAP - CHICAGO BOARD OF TRADE,2026-04-21,2382,12195,-9813
UST 5Y NOTE - CHICAGO BOARD OF TRADE,2026-04-21,99440,759930,-660490
SOL - CHICAGO MERCANTILE EXCHANGE,2026-04-21,10109,5208,4901
UST BOND - CHICAGO BOARD OF TRADE,2026-04-21,18665,309727,-291062
SOFR-1M - CHICAGO MERCANTILE EXCHANGE,2026-04-21,463792,302125,161667
ULTRA UST BOND - CHICAGO BOARD OF TRADE,2026-04-21,7446,315025,-307579
"Nano Bitcoin  - COINBASE DERIVATIVES, LLC",2026-04-21,0,0,0
"AVALANCHE PERP STYLE - COINBASE DERIVATIVES, LLC",2026-04-21,0,0,0
"NANO ETHER - COINBASE DERIVATIVES, LLC",2026-04-21,0,0,0
"NANO SOLANA PERP STYLE - COINBASE DERIVATIVES, LLC",2026-04-21,0,60,-60
"NANO SOLANA - COINBASE DERIVATIVES, LLC",2026-04-21,0,0,0
XRP - CHICAGO MERCANTILE EXCHANGE,2026-04-21,5493,1451,4042
"ZCASH PERP STYLE - COINBASE DERIVATIVES, LLC",2026-04-21,0,0,0
BBG COMMODITY - CHICAGO BOARD OF TRADE,2026-04-21,129696,237982,-108286
EURO SHORT TERM RATE - CHICAGO MERCANTILE EXCHANGE,2026-04-21,7275,7492,-217
"LITECOIN PERP STYLE - COINBASE DERIVATIVES, LLC",2026-04-21,0,0,0
"CHAINLINK PERP STYLE - COINBASE DERIVATIVES, LLC",2026-04-21,0,0,0
SOFR-3M - CHICAGO MERCANTILE EXCHANGE,2026-04-21,3004878,2338545,666333
ULTRA UST 10Y - CHICAGO BOARD OF TRADE,2026-04-21,46350,338175,-291825
BLOOMBERG HY CREDIT FUTURES - CHICAGO BOARD OF TRADE,2026-04-21,177,85,92
3 YEAR ERIS SOFR SWAP - CHICAGO BOARD OF TRADE,2026-04-21,1261,29021,-27760
5 YEAR ERIS SOFR SWAP - CHICAGO BOARD OF TRADE,2026-04-21,31621,15637,15984
10 YEAR ERIS SOFR SWAP - CHICAGO BOARD OF TRADE,2026-04-21,27789,7795,19994
FED FUNDS - CHICAGO BOARD OF TRADE,2026-04-21,335076,452729,-117653
MICRO E-MINI S&P 500 INDEX - CHICAGO MERCANTILE EXCHANGE,2026-04-21,8018,68195,-60177
DJIA Consolidated - CHICAGO BOARD OF TRADE,2026-04-21,34218,35541,-1323
JAPANESE YEN - CHICAGO MERCANTILE EXCHANGE,2026-04-21,71654,27261,44393
BRAZILIAN REAL - CHICAGO MERCANTILE EXCHANGE,2026-04-21,5032,78761,-73729
E-MINI S&P COMMUNICATION INDEX - CHICAGO MERCANTILE EXCHANGE,2026-04-21,3370,17037,-13667
CANADIAN DOLLAR - CHICAGO MERCANTILE EXCHANGE,2026-04-21,100907,45590,55317
BRITISH POUND - CHICAGO MERCANTILE EXCHANGE,2026-04-21,126045,68234,57811
RUSSELL E-MINI - CHICAGO MERCANTILE EXCHANGE,2026-04-21,117821,73994,43827
MICRO E-MINI NASDAQ-100 INDEX - CHICAGO MERCANTILE EXCHANGE,2026-04-21,140629,5445,135184
E-MINI S&P UTILITIES INDEX - CHICAGO MERCANTILE EXCHANGE,2026-04-21,3091,19503,-16412
E-MINI S&P TECHNOLOGY INDEX - CHICAGO MERCANTILE EXCHANGE,2026-04-21,1215,17717,-16502
NASDAQ MINI - CHICAGO MERCANTILE EXCHANGE,2026-04-21,46538,102805,-56267
EURO FX/JAPANESE YEN XRATE - CHICAGO MERCANTILE EXCHANGE,2026-04-21,3208,2834,374
EMINI RUSSELL 1000 VALUE INDEX - CHICAGO MERCANTILE EXCHANGE,2026-04-21,20278,12189,8089
S&P 500 Consolidated - CHICAGO MERCANTILE EXCHANGE,2026-04-21,116135,840782,-724647
"STELLAR PERP STYLE - COINBASE DERIVATIVES, LLC",2026-04-21,0,0,0
USD INDEX - ICE FUTURES U.S.,2026-04-21,3584,10635,-7051
MSCI EAFE  - ICE FUTURES U.S.,2026-04-21,40655,251246,-210591
EURO FX - CHICAGO MERCANTILE EXCHANGE,2026-04-21,46504,401195,-354691
MICRO E-MINI RUSSELL 2000 INDX - CHICAGO MERCANTILE EXCHANGE,2026-04-21,1021,10034,-9013
EURO FX/BRITISH POUND XRATE - CHICAGO MERCANTILE EXCHANGE,2026-04-21,0,25453,-25453
MICRO E-MINI DJIA (x$0.5) - CHICAGO BOARD OF TRADE,2026-04-21,7000,4412,2588
S&P 500 ANNUAL DIVIDEND INDEX - CHICAGO MERCANTILE EXCHANGE,2026-04-21,47174,279621,-232447
E-MINI S&P 500 - CHICAGO MERCANTILE EXCHANGE,2026-04-21,122778,841407,-718629
NASDAQ-100 Consolidated - CHICAGO MERCANTILE EXCHANGE,2026-04-21,47711,90459,-42748
S&P 500 QUARTERLY DIVIDEND IND - CHICAGO MERCANTILE EXCHANGE,2026-04-21,5169,13406,-8237
ADJUSTED INT RATE S&P 500 TOTL - CHICAGO MERCANTILE EXCHANGE,2026-04-21,301279,168196,133083
VIX FUTURES - CBOE FUTURES EXCHANGE,2026-04-21,82615,39623,42992
NZ DOLLAR - CHICAGO MERCANTILE EXCHANGE,2026-04-21,62235,3510,58725
MEXICAN PESO - CHICAGO MERCANTILE EXCHANGE,2026-04-21,22036,55362,-33326
E-MINI S&P HEALTH CARE INDEX - CHICAGO MERCANTILE EXCHANGE,2026-04-21,5232,16374,-11142
DJIA x $5 - CHICAGO BOARD OF TRADE,2026-04-21,34142,35724,-1582
SWISS FRANC - CHICAGO MERCANTILE EXCHANGE,2026-04-21,60125,10088,50037
UST 2Y NOTE - CHICAGO BOARD OF TRADE,2026-04-21,97918,500432,-402514
E-MINI S&P ENERGY INDEX - CHICAGO MERCANTILE EXCHANGE,2026-04-21,7879,16083,-8204
AUSTRALIAN DOLLAR - CHICAGO MERCANTILE EXCHANGE,2026-04-21,45664,164358,-118694
NIKKEI STOCK AVERAGE YEN DENOM - CHICAGO MERCANTILE EXCHANGE,2026-04-21,7461,7328,133
UST 10Y NOTE - CHICAGO BOARD OF TRADE,2026-04-21,224229,622885,-398656
MSCI EM INDEX - ICE FUTURES U.S.,2026-04-21,89200,618678,-529478
DOW JONES U.S. REAL ESTATE IDX - CHICAGO BOARD OF TRADE,2026-04-21,7472,52976,-45504
SO AFRICAN RAND - CHICAGO MERCANTILE EXCHANGE,2026-04-21,2783,18491,-15708
E-MINI S&P FINANCIAL INDEX - CHICAGO MERCANTILE EXCHANGE,2026-04-21,53070,63795,-10725
E-MINI S&P CONSUMER DISC INDEX - CHICAGO MERCANTILE EXCHANGE,2026-04-21,3631,1568,2063
E-MINI S&P 400 STOCK INDEX - CHICAGO MERCANTILE EXCHANGE,2026-04-21,4264,9197,-4933
RUSSELL 2000 ANNUAL DIVIDEND  - CHICAGO MERCANTILE EXCHANGE,2026-04-28,1782,31390,-29608
DJIA Consolidated - CHICAGO BOARD OF TRADE,2026-04-28,38602,33942,4660
"NANO XRP - COINBASE DERIVATIVES, LLC",2026-04-28,0,0,0
VIX FUTURES - CBOE FUTURES EXCHANGE,2026-04-28,88618,42449,46169
"POLKADOT PERP STYLE - COINBASE DERIVATIVES, LLC",2026-04-28,0,0,0
5 YEAR ERIS SOFR SWAP - CHICAGO BOARD OF TRADE,2026-04-28,31398,15597,15801
E-MINI S&P TECHNOLOGY INDEX - CHICAGO MERCANTILE EXCHANGE,2026-04-28,1215,17870,-16655
UST 5Y NOTE - CHICAGO BOARD OF TRADE,2026-04-28,128080,676277,-548197
MICRO E-MINI RUSSELL 2000 INDX - CHICAGO MERCANTILE EXCHANGE,2026-04-28,1826,10619,-8793
BRAZILIAN REAL - CHICAGO MERCANTILE EXCHANGE,2026-04-28,5337,77921,-72584
EURO FX - CHICAGO MERCANTILE EXCHANGE,2026-04-28,48682,396571,-347889
JAPANESE YEN - CHICAGO MERCANTILE EXCHANGE,2026-04-28,84091,25315,58776
NZ DOLLAR - CHICAGO MERCANTILE EXCHANGE,2026-04-28,61264,3960,57304
"NANO SOLANA PERP STYLE - COINBASE DERIVATIVES, LLC",2026-04-28,0,39,-39
E-MINI S&P ENERGY INDEX - CHICAGO MERCANTILE EXCHANGE,2026-04-28,4318,19788,-15470
"NANO ETHER - COINBASE DERIVATIVES, LLC",2026-04-28,0,0,0
CANADIAN DOLLAR - CHICAGO MERCANTILE EXCHANGE,2026-04-28,83444,60192,23252
MICRO E-MINI DJIA (x$0.5) - CHICAGO BOARD OF TRADE,2026-04-28,9216,3598,5618
MEXICAN PESO - CHICAGO MERCANTILE EXCHANGE,2026-04-28,21503,60570,-39067
DJIA x $5 - CHICAGO BOARD OF TRADE,2026-04-28,38464,34366,4098
EURO FX/BRITISH POUND XRATE - CHICAGO MERCANTILE EXCHANGE,2026-04-28,484,25512,-25028
EMINI RUSSELL 1000 VALUE INDEX - CHICAGO MERCANTILE EXCHANGE,2026-04-28,20485,12022,8463
NASDAQ MINI - CHICAGO MERCANTILE EXCHANGE,2026-04-28,49860,103829,-53969
SO AFRICAN RAND - CHICAGO MERCANTILE EXCHANGE,2026-04-28,2833,18104,-15271
SWISS FRANC - CHICAGO MERCANTILE EXCHANGE,2026-04-28,62055,12371,49684
MICRO E-MINI S&P 500 INDEX - CHICAGO MERCANTILE EXCHANGE,2026-04-28,12630,66831,-54201
E-MINI S&P COMMUNICATION INDEX - CHICAGO MERCANTILE EXCHANGE,2026-04-28,2879,16184,-13305
BRITISH POUND - CHICAGO MERCANTILE EXCHANGE,2026-04-28,131315,63446,67869
DOW JONES U.S. REAL ESTATE IDX - CHICAGO BOARD OF TRADE,2026-04-28,7943,52707,-44764
ADJUSTED INT RATE S&P 500 TOTL - CHICAGO MERCANTILE EXCHANGE,2026-04-28,304925,164493,140432
E-MINI S&P HEALTH CARE INDEX - CHICAGO MERCANTILE EXCHANGE,2026-04-28,5950,15370,-9420
MSCI EAFE  - ICE FUTURES U.S.,2026-04-28,38778,250479,-211701
EURO FX/JAPANESE YEN XRATE - CHICAGO MERCANTILE EXCHANGE,2026-04-28,3334,2763,571
BBG COMMODITY - CHICAGO BOARD OF TRADE,2026-04-28,129870,236315,-106445
MICRO E-MINI NASDAQ-100 INDEX - CHICAGO MERCANTILE EXCHANGE,2026-04-28,173094,5278,167816
E-MINI S&P 400 STOCK INDEX - CHICAGO MERCANTILE EXCHANGE,2026-04-28,4025,8065,-4040
S&P 500 ANNUAL DIVIDEND INDEX - CHICAGO MERCANTILE EXCHANGE,2026-04-28,45597,282339,-236742
S&P 500 QUARTERLY DIVIDEND IND - CHICAGO MERCANTILE EXCHANGE,2026-04-28,5006,13734,-8728
E-MINI S&P 500 - CHICAGO MERCANTILE EXCHANGE,2026-04-28,127669,833209,-705540
E-MINI S&P FINANCIAL INDEX - CHICAGO MERCANTILE EXCHANGE,2026-04-28,53375,62526,-9151
E-MINI S&P INDUSTRIAL INDEX - CHICAGO MERCANTILE EXCHANGE,2026-04-28,6485,7969,-1484
FED FUNDS - CHICAGO BOARD OF TRADE,2026-04-28,348073,485988,-137915
USD INDEX - ICE FUTURES U.S.,2026-04-28,3461,10473,-7012
UST BOND - CHICAGO BOARD OF TRADE,2026-04-28,21620,295294,-273674
AUSTRALIAN DOLLAR - CHICAGO MERCANTILE EXCHANGE,2026-04-28,41534,166752,-125218
MICRO BITCOIN - CHICAGO MERCANTILE EXCHANGE,2026-04-28,660,3869,-3209
ULTRA UST 10Y - CHICAGO BOARD OF TRADE,2026-04-28,48375,319030,-270655
"CHAINLINK PERP STYLE - COINBASE DERIVATIVES, LLC",2026-04-28,0,0,0
RUSSELL E-MINI - CHICAGO MERCANTILE EXCHANGE,2026-04-28,130312,80524,49788
SOFR-1M - CHICAGO MERCANTILE EXCHANGE,2026-04-28,504597,317720,186877
"LITECOIN PERP STYLE - COINBASE DERIVATIVES, LLC",2026-04-28,0,0,0
NASDAQ-100 Consolidated - CHICAGO MERCANTILE EXCHANGE,2026-04-28,50403,87591,-37188
2 YEAR ERIS SOFR SWAP - CHICAGO BOARD OF TRADE,2026-04-28,3182,12195,-9013
UST 10Y NOTE - CHICAGO BOARD OF TRADE,2026-04-28,226115,667318,-441203
ULTRA UST BOND - CHICAGO BOARD OF TRADE,2026-04-28,11685,311627,-299942
"SUI PERP STYLE - COINBASE DERIVATIVES, LLC",2026-04-28,0,0,0
SOFR-3M - CHICAGO MERCANTILE EXCHANGE,2026-04-28,2984192,2184522,799670
NIKKEI STOCK AVERAGE YEN DENOM - CHICAGO MERCANTILE EXCHANGE,2026-04-28,8507,8148,359
E-MINI S&P CONSU STAPLES INDEX - CHICAGO MERCANTILE EXCHANGE,2026-04-28,19716,4685,15031
MSCI EM INDEX - ICE FUTURES U.S.,2026-04-28,93488,619756,-526268
EURO SHORT TERM RATE - CHICAGO MERCANTILE EXCHANGE,2026-04-28,7414,7062,352
BITCOIN - CHICAGO MERCANTILE EXCHANGE,2026-04-28,6704,2143,4561
"NANO SOLANA - COINBASE DERIVATIVES, LLC",2026-04-28,0,0,0
XRP - CHICAGO MERCANTILE EXCHANGE,2026-04-28,5307,1770,3537
BLOOMBERG HY CREDIT FUTURES - CHICAGO BOARD OF TRADE,2026-04-28,113,85,28
3 YEAR ERIS SOFR SWAP - CHICAGO BOARD OF TRADE,2026-04-28,0,27875,-27875
MICRO ETHER  - CHICAGO MERCANTILE EXCHANGE,2026-04-28,1267,1248,19
SOL - CHICAGO MERCANTILE EXCHANGE,2026-04-28,9644,4878,4766
"ZCASH PERP STYLE - COINBASE DERIVATIVES, LLC",2026-04-28,0,0,0
"NANO XRP PERP STYLE - COINBASE DERIVATIVES, LLC",2026-04-28,0,27,-27
UST 2Y NOTE - CHICAGO BOARD OF TRADE,2026-04-28,109297,542123,-432826
"Nano Bitcoin  - COINBASE DERIVATIVES, LLC",2026-04-28,0,0,0
"NANO BITCOIN PERP STYLE - COINBASE DERIVATIVES, LLC",2026-04-28,0,499,-499
ETHER CASH SETTLED - CHICAGO MERCANTILE EXCHANGE,2026-04-28,18756,7464,11292
E-MINI S&P UTILITIES INDEX - CHICAGO MERCANTILE EXCHANGE,2026-04-28,2806,16974,-14168
S&P 500 Consolidated - CHICAGO MERCANTILE EXCHANGE,2026-04-28,121351,832311,-710960
"AVALANCHE PERP STYLE - COINBASE DERIVATIVES, LLC",2026-04-28,0,0,0
"STELLAR PERP STYLE - COINBASE DERIVATIVES, LLC",2026-04-28,0,0,0
10 YEAR ERIS SOFR SWAP - CHICAGO BOARD OF TRADE,2026-04-28,28173,6027,22146
"1K SHIB PERP - COINBASE DERIVATIVES, LLC",2026-04-28,0,0,0
"NANO ETHER PERP STYLE - COINBASE DERIVATIVES, LLC",2026-04-28,0,301,-301
MICRO 10 YEAR YIELD - CHICAGO BOARD OF TRADE,2026-04-28,0,0,0
7 YEAR ERIS SOFR SWAP - CHICAGO BOARD OF TRADE,2026-04-28,2712,14329,-11617
"CARDONA PERP STYLE - COINBASE DERIVATIVES, LLC",2026-04-28,0,0,0
"DOGECOIN PERP STYLE - COINBASE DERIVATIVES, LLC",2026-04-28,0,0,0
"ONDO PERP STYLE - COINBASE DERIVATIVES, LLC",2026-04-28,0,0,0
"HEDERA PERP STYLE - COINBASE DERIVATIVES, LLC",2026-04-28,0,0,0
"NANO ETHER PERP STYLE - COINBASE DERIVATIVES, LLC",2026-05-05,0,117,-117
E-MINI S&P INDUSTRIAL INDEX - CHICAGO MERCANTILE EXCHANGE,2026-05-05,6949,7894,-945
"POLKADOT PERP STYLE - COINBASE DERIVATIVES, LLC",2026-05-05,0,0,0
RUSSELL 2000 ANNUAL DIVIDEND  - CHICAGO MERCANTILE EXCHANGE,2026-05-05,1702,31385,-29683
MICRO 10 YEAR YIELD - CHICAGO BOARD OF TRADE,2026-05-05,0,0,0
SO AFRICAN RAND - CHICAGO MERCANTILE EXCHANGE,2026-05-05,3583,18157,-14574
E-MINI S&P COMMUNICATION INDEX - CHICAGO MERCANTILE EXCHANGE,2026-05-05,2625,16566,-13941
10 YEAR ERIS SOFR SWAP - CHICAGO BOARD OF TRADE,2026-05-05,28642,8067,20575
MICRO E-MINI S&P 500 INDEX - CHICAGO MERCANTILE EXCHANGE,2026-05-05,1649,28524,-26875
"CHAINLINK PERP STYLE - COINBASE DERIVATIVES, LLC",2026-05-05,0,0,0
BRITISH POUND - CHICAGO MERCANTILE EXCHANGE,2026-05-05,131954,53597,78357
UST 5Y NOTE - CHICAGO BOARD OF TRADE,2026-05-05,130214,641015,-510801
"NANO SOLANA PERP STYLE - COINBASE DERIVATIVES, LLC",2026-05-05,0,0,0
MICRO E-MINI DJIA (x$0.5) - CHICAGO BOARD OF TRADE,2026-05-05,13806,3805,10001
SOL - CHICAGO MERCANTILE EXCHANGE,2026-05-05,9894,5042,4852
"Nano Bitcoin  - COINBASE DERIVATIVES, LLC",2026-05-05,0,0,0
"DOGECOIN PERP STYLE - COINBASE DERIVATIVES, LLC",2026-05-05,0,0,0
UST 2Y NOTE - CHICAGO BOARD OF TRADE,2026-05-05,127197,508568,-381371
BITCOIN - CHICAGO MERCANTILE EXCHANGE,2026-05-05,6891,2422,4469
"NANO ETHER - COINBASE DERIVATIVES, LLC",2026-05-05,0,0,0
FED FUNDS - CHICAGO BOARD OF TRADE,2026-05-05,257673,368229,-110556
E-MINI S&P HEALTH CARE INDEX - CHICAGO MERCANTILE EXCHANGE,2026-05-05,6584,17454,-10870
ULTRA UST 10Y - CHICAGO BOARD OF TRADE,2026-05-05,57935,318607,-260672
DOW JONES U.S. REAL ESTATE IDX - CHICAGO BOARD OF TRADE,2026-05-05,10504,52967,-42463
E-MINI S&P TECHNOLOGY INDEX - CHICAGO MERCANTILE EXCHANGE,2026-05-05,1481,17253,-15772
"1K SHIB PERP - COINBASE DERIVATIVES, LLC",2026-05-05,0,0,0
ADJUSTED INT RATE S&P 500 TOTL - CHICAGO MERCANTILE EXCHANGE,2026-05-05,315319,162109,153210
MICRO ETHER  - CHICAGO MERCANTILE EXCHANGE,2026-05-05,355,1931,-1576
E-MINI S&P 500 - CHICAGO MERCANTILE EXCHANGE,2026-05-05,126440,836027,-709587
"STELLAR PERP STYLE - COINBASE DERIVATIVES, LLC",2026-05-05,0,0,0
"NANO BITCOIN PERP STYLE - COINBASE DERIVATIVES, LLC",2026-05-05,0,194,-194
MICRO BITCOIN - CHICAGO MERCANTILE EXCHANGE,2026-05-05,1048,8090,-7042
E-MINI S&P CONSUMER DISC INDEX - CHICAGO MERCANTILE EXCHANGE,2026-05-05,4407,1185,3222
"ZCASH PERP STYLE - COINBASE DERIVATIVES, LLC",2026-05-05,0,0,0
"ONDO PERP STYLE - COINBASE DERIVATIVES, LLC",2026-05-05,0,0,0
"HEDERA PERP STYLE - COINBASE DERIVATIVES, LLC",2026-05-05,0,0,0
BLOOMBERG HY CREDIT FUTURES - CHICAGO BOARD OF TRADE,2026-05-05,312,0,312
E-MINI S&P CONSU STAPLES INDEX - CHICAGO MERCANTILE EXCHANGE,2026-05-05,18006,5757,12249
EURO FX/JAPANESE YEN XRATE - CHICAGO MERCANTILE EXCHANGE,2026-05-05,3454,2763,691
"CARDONA PERP STYLE - COINBASE DERIVATIVES, LLC",2026-05-05,0,0,0
"SUI PERP STYLE - COINBASE DERIVATIVES, LLC",2026-05-05,0,0,0
"LITECOIN PERP STYLE - COINBASE DERIVATIVES, LLC",2026-05-05,0,0,0
EURO FX/BRITISH POUND XRATE - CHICAGO MERCANTILE EXCHANGE,2026-05-05,484,25682,-25198
VIX FUTURES - CBOE FUTURES EXCHANGE,2026-05-05,97972,47797,50175
EURO SHORT TERM RATE - CHICAGO MERCANTILE EXCHANGE,2026-05-05,13271,7450,5821
E-MINI S&P UTILITIES INDEX - CHICAGO MERCANTILE EXCHANGE,2026-05-05,3064,16043,-12979
NZ DOLLAR - CHICAGO MERCANTILE EXCHANGE,2026-05-05,64678,3663,61015
MICRO E-MINI RUSSELL 2000 INDX - CHICAGO MERCANTILE EXCHANGE,2026-05-05,7623,10774,-3151
3 YEAR ERIS SOFR SWAP - CHICAGO BOARD OF TRADE,2026-05-05,0,27875,-27875
MICRO E-MINI NASDAQ-100 INDEX - CHICAGO MERCANTILE EXCHANGE,2026-05-05,187061,3682,183379
MSCI EAFE  - ICE FUTURES U.S.,2026-05-05,36757,254904,-218147
NASDAQ MINI - CHICAGO MERCANTILE EXCHANGE,2026-05-05,53418,114018,-60600
EURO FX - CHICAGO MERCANTILE EXCHANGE,2026-05-05,50574,393749,-343175
SOFR-3M - CHICAGO MERCANTILE EXCHANGE,2026-05-05,3370461,1998092,1372369
S&P 500 Consolidated - CHICAGO MERCANTILE EXCHANGE,2026-05-05,123909,836184,-712275
7 YEAR ERIS SOFR SWAP - CHICAGO BOARD OF TRADE,2026-05-05,2712,14329,-11617
"NANO SOLANA - COINBASE DERIVATIVES, LLC",2026-05-05,0,0,0
"NANO XRP - COINBASE DERIVATIVES, LLC",2026-05-05,0,0,0
SOFR-1M - CHICAGO MERCANTILE EXCHANGE,2026-05-05,488764,252152,236612
CANADIAN DOLLAR - CHICAGO MERCANTILE EXCHANGE,2026-05-05,69498,66476,3022
BBG COMMODITY - CHICAGO BOARD OF TRADE,2026-05-05,129846,243421,-113575
USD INDEX - ICE FUTURES U.S.,2026-05-05,3503,10473,-6970
JAPANESE YEN - CHICAGO MERCANTILE EXCHANGE,2026-05-05,68788,46946,21842
RUSSELL E-MINI - CHICAGO MERCANTILE EXCHANGE,2026-05-05,128030,62809,65221
MEXICAN PESO - CHICAGO MERCANTILE EXCHANGE,2026-05-05,24739,51621,-26882
DJIA Consolidated - CHICAGO BOARD OF TRADE,2026-05-05,40410,33687,6723
"AVALANCHE PERP STYLE - COINBASE DERIVATIVES, LLC",2026-05-05,0,0,0
ETHER CASH SETTLED - CHICAGO MERCANTILE EXCHANGE,2026-05-05,19036,7259,11777
EMINI RUSSELL 1000 VALUE INDEX - CHICAGO MERCANTILE EXCHANGE,2026-05-05,21485,11921,9564
XRP - CHICAGO MERCANTILE EXCHANGE,2026-05-05,5394,2085,3309
DJIA x $5 - CHICAGO BOARD OF TRADE,2026-05-05,39605,33882,5723
UST BOND - CHICAGO BOARD OF TRADE,2026-05-05,21836,261291,-239455
E-MINI S&P FINANCIAL INDEX - CHICAGO MERCANTILE EXCHANGE,2026-05-05,53262,62306,-9044
5 YEAR ERIS SOFR SWAP - CHICAGO BOARD OF TRADE,2026-05-05,31180,16339,14841
2 YEAR ERIS SOFR SWAP - CHICAGO BOARD OF TRADE,2026-05-05,2197,12195,-9998
UST 10Y NOTE - CHICAGO BOARD OF TRADE,2026-05-05,219295,616607,-397312
S&P 500 QUARTERLY DIVIDEND IND - CHICAGO MERCANTILE EXCHANGE,2026-05-05,5326,14376,-9050
S&P 500 ANNUAL DIVIDEND INDEX - CHICAGO MERCANTILE EXCHANGE,2026-05-05,45713,286999,-241286
BLOOMBERG IG CREDIT FUTURES - CHICAGO BOARD OF TRADE,2026-05-05,3423,61,3362
E-MINI S&P ENERGY INDEX - CHICAGO MERCANTILE EXCHANGE,2026-05-05,3947,21742,-17795
BRAZILIAN REAL - CHICAGO MERCANTILE EXCHANGE,2026-05-05,6518,89516,-82998
NIKKEI STOCK AVERAGE YEN DENOM - CHICAGO MERCANTILE EXCHANGE,2026-05-05,9517,8784,733
E-MINI S&P 400 STOCK INDEX - CHICAGO MERCANTILE EXCHANGE,2026-05-05,4265,7736,-3471
SWISS FRANC - CHICAGO MERCANTILE EXCHANGE,2026-05-05,65311,12450,52861
ULTRA UST BOND - CHICAGO BOARD OF TRADE,2026-05-05,9701,275516,-265815
"NANO XRP PERP STYLE - COINBASE DERIVATIVES, LLC",2026-05-05,0,0,0
AUSTRALIAN DOLLAR - CHICAGO MERCANTILE EXCHANGE,2026-05-05,37538,171134,-133596
NASDAQ-100 Consolidated - CHICAGO MERCANTILE EXCHANGE,2026-05-05,53679,95941,-42262
MSCI EM INDEX - ICE FUTURES U.S.,2026-05-05,83319,621019,-537700
MICRO SOL - CHICAGO MERCANTILE EXCHANGE,2026-05-12,0,58,-58
"NANO ETHER - COINBASE DERIVATIVES, LLC",2026-05-12,0,0,0
BITCOIN - CHICAGO MERCANTILE EXCHANGE,2026-05-12,6135,2254,3881
E-MINI S&P 500 - CHICAGO MERCANTILE EXCHANGE,2026-05-12,137266,873539,-736273
RUSSELL E-MINI - CHICAGO MERCANTILE EXCHANGE,2026-05-12,132570,66447,66123
MICRO E-MINI RUSSELL 2000 INDX - CHICAGO MERCANTILE EXCHANGE,2026-05-12,5987,8707,-2720
"ONDO PERP STYLE - COINBASE DERIVATIVES, LLC",2026-05-12,0,0,0
MICRO BITCOIN - CHICAGO MERCANTILE EXCHANGE,2026-05-12,743,4005,-3262
E-MINI S&P COMMUNICATION INDEX - CHICAGO MERCANTILE EXCHANGE,2026-05-12,2854,17917,-15063
E-MINI S&P INDUSTRIAL INDEX - CHICAGO MERCANTILE EXCHANGE,2026-05-12,6568,8893,-2325
BLOOMBERG IG CREDIT FUTURES - CHICAGO BOARD OF TRADE,2026-05-12,3375,61,3314
MICRO E-MINI NASDAQ-100 INDEX - CHICAGO MERCANTILE EXCHANGE,2026-05-12,171042,4470,166572
NASDAQ MINI - CHICAGO MERCANTILE EXCHANGE,2026-05-12,57252,101254,-44002
EMINI RUSSELL 1000 VALUE INDEX - CHICAGO MERCANTILE EXCHANGE,2026-05-12,21286,11665,9621
NASDAQ-100 Consolidated - CHICAGO MERCANTILE EXCHANGE,2026-05-12,58146,85491,-27345
ADJUSTED INT RATE S&P 500 TOTL - CHICAGO MERCANTILE EXCHANGE,2026-05-12,318155,160043,158112
MICRO E-MINI S&P 500 INDEX - CHICAGO MERCANTILE EXCHANGE,2026-05-12,9690,7305,2385
EURO FX/JAPANESE YEN XRATE - CHICAGO MERCANTILE EXCHANGE,2026-05-12,3364,2698,666
"1K SHIB PERP - COINBASE DERIVATIVES, LLC",2026-05-12,0,0,0
"ZCASH PERP STYLE - COINBASE DERIVATIVES, LLC",2026-05-12,0,0,0
"POLKADOT PERP STYLE - COINBASE DERIVATIVES, LLC",2026-05-12,0,0,0
BLOOMBERG HY CREDIT FUTURES - CHICAGO BOARD OF TRADE,2026-05-12,198,0,198
EURO SHORT TERM RATE - CHICAGO MERCANTILE EXCHANGE,2026-05-12,17041,7638,9403
"HEDERA PERP STYLE - COINBASE DERIVATIVES, LLC",2026-05-12,0,0,0
MICRO 10 YEAR YIELD - CHICAGO BOARD OF TRADE,2026-05-12,0,0,0
UST 5Y NOTE - CHICAGO BOARD OF TRADE,2026-05-12,112468,661802,-549334
"LITECOIN PERP STYLE - COINBASE DERIVATIVES, LLC",2026-05-12,0,0,0
3 YEAR ERIS SOFR SWAP - CHICAGO BOARD OF TRADE,2026-05-12,0,27875,-27875
SOFR-3M - CHICAGO MERCANTILE EXCHANGE,2026-05-12,3653383,1934375,1719008
SOFR-1M - CHICAGO MERCANTILE EXCHANGE,2026-05-12,498618,270606,228012
BBG COMMODITY - CHICAGO BOARD OF TRADE,2026-05-12,129888,237924,-108036
"NANO BITCOIN PERP STYLE - COINBASE DERIVATIVES, LLC",2026-05-12,0,876,-876
"Nano Bitcoin  - COINBASE DERIVATIVES, LLC",2026-05-12,0,0,0
ULTRA UST BOND - CHICAGO BOARD OF TRADE,2026-05-12,7951,276589,-268638
E-MINI S&P UTILITIES INDEX - CHICAGO MERCANTILE EXCHANGE,2026-05-12,3288,13796,-10508
"SUI PERP STYLE - COINBASE DERIVATIVES, LLC",2026-05-12,0,0,0
2 YEAR ERIS SOFR SWAP - CHICAGO BOARD OF TRADE,2026-05-12,2107,12195,-10088
FED FUNDS - CHICAGO BOARD OF TRADE,2026-05-12,302994,350866,-47872
"NANO XRP PERP STYLE - COINBASE DERIVATIVES, LLC",2026-05-12,0,0,0
5 YEAR ERIS SOFR SWAP - CHICAGO BOARD OF TRADE,2026-05-12,30545,14679,15866
7 YEAR ERIS SOFR SWAP - CHICAGO BOARD OF TRADE,2026-05-12,2825,14329,-11504
"DOGECOIN - COINBASE DERIVATIVES, LLC",2026-05-12,21040,0,21040
"CHAINLINK PERP STYLE - COINBASE DERIVATIVES, LLC",2026-05-12,0,0,0
UST 10Y NOTE - CHICAGO BOARD OF TRADE,2026-05-12,195846,603787,-407941
E-MINI S&P HEALTH CARE INDEX - CHICAGO MERCANTILE EXCHANGE,2026-05-12,7089,16857,-9768
MEXICAN PESO - CHICAGO MERCANTILE EXCHANGE,2026-05-12,25121,51183,-26062
E-MINI S&P TECHNOLOGY INDEX - CHICAGO MERCANTILE EXCHANGE,2026-05-12,1215,17746,-16531
NIKKEI STOCK AVERAGE YEN DENOM - CHICAGO MERCANTILE EXCHANGE,2026-05-12,8161,8751,-590
MICRO ETHER  - CHICAGO MERCANTILE EXCHANGE,2026-05-12,1597,1333,264
E-MINI S&P ENERGY INDEX - CHICAGO MERCANTILE EXCHANGE,2026-05-12,7852,21864,-14012
XRP - CHICAGO MERCANTILE EXCHANGE,2026-05-12,5345,2448,2897
"CARDONA PERP STYLE - COINBASE DERIVATIVES, LLC",2026-05-12,0,0,0
"DOGECOIN PERP STYLE - COINBASE DERIVATIVES, LLC",2026-05-12,0,0,0
ULTRA UST 10Y - CHICAGO BOARD OF TRADE,2026-05-12,64457,312098,-247641
MICRO E-MINI DJIA (x$0.5) - CHICAGO BOARD OF TRADE,2026-05-12,28628,5238,23390
"STELLAR PERP STYLE - COINBASE DERIVATIVES, LLC",2026-05-12,0,0,0
"NANO SOLANA PERP STYLE - COINBASE DERIVATIVES, LLC",2026-05-12,0,0,0
UST BOND - CHICAGO BOARD OF TRADE,2026-05-12,28944,280732,-251788
MSCI EAFE  - ICE FUTURES U.S.,2026-05-12,37407,248024,-210617
S&P 500 ANNUAL DIVIDEND INDEX - CHICAGO MERCANTILE EXCHANGE,2026-05-12,44966,286800,-241834
SOL - CHICAGO MERCANTILE EXCHANGE,2026-05-12,9343,5018,4325
S&P 500 QUARTERLY DIVIDEND IND - CHICAGO MERCANTILE EXCHANGE,2026-05-12,6885,15216,-8331
E-MINI S&P 400 STOCK INDEX - CHICAGO MERCANTILE EXCHANGE,2026-05-12,4598,8364,-3766
S&P 500 Consolidated - CHICAGO MERCANTILE EXCHANGE,2026-05-12,138126,874160,-736034
MSCI EM INDEX - ICE FUTURES U.S.,2026-05-12,80241,599611,-519370
VIX FUTURES - CBOE FUTURES EXCHANGE,2026-05-12,101757,51668,50089
"NANO ETHER PERP STYLE - COINBASE DERIVATIVES, LLC",2026-05-12,0,105,-105
RUSSELL 2000 ANNUAL DIVIDEND  - CHICAGO MERCANTILE EXCHANGE,2026-05-12,1500,31540,-30040
UST 2Y NOTE - CHICAGO BOARD OF TRADE,2026-05-12,135532,505060,-369528
ETHER CASH SETTLED - CHICAGO MERCANTILE EXCHANGE,2026-05-12,15547,7231,8316
E-MINI S&P FINANCIAL INDEX - CHICAGO MERCANTILE EXCHANGE,2026-05-12,53790,63390,-9600
E-MINI S&P CONSUMER DISC INDEX - CHICAGO MERCANTILE EXCHANGE,2026-05-12,5118,1364,3754
EURO FX - CHICAGO MERCANTILE EXCHANGE,2026-05-12,50756,403974,-353218
SWISS FRANC - CHICAGO MERCANTILE EXCHANGE,2026-05-12,66537,12680,53857
JAPANESE YEN - CHICAGO MERCANTILE EXCHANGE,2026-05-12,85065,42886,42179
AUSTRALIAN DOLLAR - CHICAGO MERCANTILE EXCHANGE,2026-05-12,38739,174431,-135692
CANADIAN DOLLAR - CHICAGO MERCANTILE EXCHANGE,2026-05-12,69818,72243,-2425
BRITISH POUND - CHICAGO MERCANTILE EXCHANGE,2026-05-12,121666,64792,56874
E-MINI S&P CONSU STAPLES INDEX - CHICAGO MERCANTILE EXCHANGE,2026-05-12,19131,5187,13944
"NANO SOLANA - COINBASE DERIVATIVES, LLC",2026-05-12,0,0,0
"AVALANCHE PERP STYLE - COINBASE DERIVATIVES, LLC",2026-05-12,0,0,0
"NANO XRP - COINBASE DERIVATIVES, LLC",2026-05-12,0,0,0
10 YEAR ERIS SOFR SWAP - CHICAGO BOARD OF TRADE,2026-05-12,28427,8066,20361
EURO FX/BRITISH POUND XRATE - CHICAGO MERCANTILE EXCHANGE,2026-05-12,484,25921,-25437
BRAZILIAN REAL - CHICAGO MERCANTILE EXCHANGE,2026-05-12,6128,89522,-83394
NZ DOLLAR - CHICAGO MERCANTILE EXCHANGE,2026-05-12,62602,5662,56940
SO AFRICAN RAND - CHICAGO MERCANTILE EXCHANGE,2026-05-12,3185,18298,-15113
DJIA Consolidated - CHICAGO BOARD OF TRADE,2026-05-12,44685,31657,13028
DJIA x $5 - CHICAGO BOARD OF TRADE,2026-05-12,42445,31756,10689
DOW JONES U.S. REAL ESTATE IDX - CHICAGO BOARD OF TRADE,2026-05-12,12397,49704,-37307
USD INDEX - ICE FUTURES U.S.,2026-05-12,3552,10473,-6921
AUSTRALIAN DOLLAR - CHICAGO MERCANTILE EXCHANGE,2026-05-19,41467,170711,-129244
EURO FX - CHICAGO MERCANTILE EXCHANGE,2026-05-19,48932,377144,-328212
"CARDONA PERP STYLE - COINBASE DERIVATIVES, LLC",2026-05-19,0,0,0
XRP - CHICAGO MERCANTILE EXCHANGE,2026-05-19,5424,2801,2623
SOL - CHICAGO MERCANTILE EXCHANGE,2026-05-19,9236,5827,3409
CANADIAN DOLLAR - CHICAGO MERCANTILE EXCHANGE,2026-05-19,97005,79565,17440
"DOGECOIN PERP STYLE - COINBASE DERIVATIVES, LLC",2026-05-19,0,0,0
SWISS FRANC - CHICAGO MERCANTILE EXCHANGE,2026-05-19,69321,13308,56013
NZ DOLLAR - CHICAGO MERCANTILE EXCHANGE,2026-05-19,65820,13008,52812
DOW JONES U.S. REAL ESTATE IDX - CHICAGO BOARD OF TRADE,2026-05-19,9910,51699,-41789
MICRO E-MINI DJIA (x$0.5) - CHICAGO BOARD OF TRADE,2026-05-19,40552,6268,34284
S&P 500 Consolidated - CHICAGO MERCANTILE EXCHANGE,2026-05-19,137243,845802,-708559
MSCI EM INDEX - ICE FUTURES U.S.,2026-05-19,86057,609282,-523225
"NANO XRP PERP STYLE - COINBASE DERIVATIVES, LLC",2026-05-19,0,0,0
BRAZILIAN REAL - CHICAGO MERCANTILE EXCHANGE,2026-05-19,9628,88052,-78424
"NANO SOLANA - COINBASE DERIVATIVES, LLC",2026-05-19,0,0,0
DJIA Consolidated - CHICAGO BOARD OF TRADE,2026-05-19,47665,28962,18703
DJIA x $5 - CHICAGO BOARD OF TRADE,2026-05-19,44569,29295,15274
E-MINI S&P HEALTH CARE INDEX - CHICAGO MERCANTILE EXCHANGE,2026-05-19,7221,16866,-9645
SO AFRICAN RAND - CHICAGO MERCANTILE EXCHANGE,2026-05-19,3686,18308,-14622
EURO FX/BRITISH POUND XRATE - CHICAGO MERCANTILE EXCHANGE,2026-05-19,484,26977,-26493
E-MINI S&P CONSU STAPLES INDEX - CHICAGO MERCANTILE EXCHANGE,2026-05-19,19378,7334,12044
MSCI EAFE  - ICE FUTURES U.S.,2026-05-19,40131,247865,-207734
"NANO SOLANA PERP STYLE - COINBASE DERIVATIVES, LLC",2026-05-19,0,0,0
NASDAQ MINI - CHICAGO MERCANTILE EXCHANGE,2026-05-19,51640,110510,-58870
MICRO E-MINI NASDAQ-100 INDEX - CHICAGO MERCANTILE EXCHANGE,2026-05-19,144793,4098,140695
ULTRA UST BOND - CHICAGO BOARD OF TRADE,2026-05-19,26281,222973,-196692
NIKKEI STOCK AVERAGE YEN DENOM - CHICAGO MERCANTILE EXCHANGE,2026-05-19,9446,7947,1499
UST BOND - CHICAGO BOARD OF TRADE,2026-05-19,24125,249827,-225702
EMINI RUSSELL 1000 VALUE INDEX - CHICAGO MERCANTILE EXCHANGE,2026-05-19,20331,11816,8515
MICRO E-MINI RUSSELL 2000 INDX - CHICAGO MERCANTILE EXCHANGE,2026-05-19,5414,5494,-80
RUSSELL 2000 ANNUAL DIVIDEND  - CHICAGO MERCANTILE EXCHANGE,2026-05-19,1500,31540,-30040
E-MINI S&P CONSUMER DISC INDEX - CHICAGO MERCANTILE EXCHANGE,2026-05-19,5117,1676,3441
MEXICAN PESO - CHICAGO MERCANTILE EXCHANGE,2026-05-19,26420,48813,-22393
S&P 500 QUARTERLY DIVIDEND IND - CHICAGO MERCANTILE EXCHANGE,2026-05-19,7250,15553,-8303
E-MINI S&P FINANCIAL INDEX - CHICAGO MERCANTILE EXCHANGE,2026-05-19,57541,63766,-6225
E-MINI S&P ENERGY INDEX - CHICAGO MERCANTILE EXCHANGE,2026-05-19,7724,23384,-15660
EURO FX/JAPANESE YEN XRATE - CHICAGO MERCANTILE EXCHANGE,2026-05-19,2926,2982,-56
BRITISH POUND - CHICAGO MERCANTILE EXCHANGE,2026-05-19,131699,46364,85335
JAPANESE YEN - CHICAGO MERCANTILE EXCHANGE,2026-05-19,101621,42935,58686
"NANO XRP - COINBASE DERIVATIVES, LLC",2026-05-19,0,0,0
USD INDEX - ICE FUTURES U.S.,2026-05-19,3601,10473,-6872
RUSSELL E-MINI - CHICAGO MERCANTILE EXCHANGE,2026-05-19,133140,68808,64332
S&P 500 ANNUAL DIVIDEND INDEX - CHICAGO MERCANTILE EXCHANGE,2026-05-19,45430,290428,-244998
VIX FUTURES - CBOE FUTURES EXCHANGE,2026-05-19,109466,58669,50797
BITCOIN - CHICAGO MERCANTILE EXCHANGE,2026-05-19,6313,2252,4061
ETHER CASH SETTLED - CHICAGO MERCANTILE EXCHANGE,2026-05-19,16992,6974,10018
UST 5Y NOTE - CHICAGO BOARD OF TRADE,2026-05-19,111364,678430,-567066
FED FUNDS - CHICAGO BOARD OF TRADE,2026-05-19,399251,388281,10970
EURO SHORT TERM RATE - CHICAGO MERCANTILE EXCHANGE,2026-05-19,16878,7638,9240
BBG COMMODITY - CHICAGO BOARD OF TRADE,2026-05-19,129517,237540,-108023
BLOOMBERG HY CREDIT FUTURES - CHICAGO BOARD OF TRADE,2026-05-19,301,0,301
SOFR-3M - CHICAGO MERCANTILE EXCHANGE,2026-05-19,3732526,1759172,1973354
"NANO ETHER PERP STYLE - COINBASE DERIVATIVES, LLC",2026-05-19,0,0,0
ULTRA UST 10Y - CHICAGO BOARD OF TRADE,2026-05-19,79058,311291,-232233
MICRO 10 YEAR YIELD - CHICAGO BOARD OF TRADE,2026-05-19,0,0,0
SOFR-1M - CHICAGO MERCANTILE EXCHANGE,2026-05-19,518177,296566,221611
E-MINI S&P 400 STOCK INDEX - CHICAGO MERCANTILE EXCHANGE,2026-05-19,4572,9518,-4946
10 YEAR ERIS SOFR SWAP - CHICAGO BOARD OF TRADE,2026-05-19,31970,8197,23773
"CHAINLINK PERP STYLE - COINBASE DERIVATIVES, LLC",2026-05-19,0,0,0
"POLKADOT PERP STYLE - COINBASE DERIVATIVES, LLC",2026-05-19,0,0,0
ADJUSTED INT RATE S&P 500 TOTL - CHICAGO MERCANTILE EXCHANGE,2026-05-19,332086,174051,158035
E-MINI S&P TECHNOLOGY INDEX - CHICAGO MERCANTILE EXCHANGE,2026-05-19,1679,17112,-15433
3 YEAR ERIS SOFR SWAP - CHICAGO BOARD OF TRADE,2026-05-19,2935,15810,-12875
5 YEAR ERIS SOFR SWAP - CHICAGO BOARD OF TRADE,2026-05-19,47128,944,46184
NASDAQ-100 Consolidated - CHICAGO MERCANTILE EXCHANGE,2026-05-19,52083,96884,-44801
"STELLAR PERP STYLE - COINBASE DERIVATIVES, LLC",2026-05-19,0,0,0
"NANO ETHER - COINBASE DERIVATIVES, LLC",2026-05-19,0,0,0
"HEDERA PERP STYLE - COINBASE DERIVATIVES, LLC",2026-05-19,0,0,0
2 YEAR ERIS SOFR SWAP - CHICAGO BOARD OF TRADE,2026-05-19,1728,12195,-10467
E-MINI S&P INDUSTRIAL INDEX - CHICAGO MERCANTILE EXCHANGE,2026-05-19,3769,9037,-5268
E-MINI S&P COMMUNICATION INDEX - CHICAGO MERCANTILE EXCHANGE,2026-05-19,2739,16500,-13761
"ONDO PERP STYLE - COINBASE DERIVATIVES, LLC",2026-05-19,0,0,0
E-MINI S&P 500 - CHICAGO MERCANTILE EXCHANGE,2026-05-19,137243,850997,-713754
"AVALANCHE PERP STYLE - COINBASE DERIVATIVES, LLC",2026-05-19,0,0,0
BLOOMBERG IG CREDIT FUTURES - CHICAGO BOARD OF TRADE,2026-05-19,3358,75,3283
"1K SHIB PERP - COINBASE DERIVATIVES, LLC",2026-05-19,0,0,0
"SUI PERP STYLE - COINBASE DERIVATIVES, LLC",2026-05-19,0,0,0
"LITECOIN PERP STYLE - COINBASE DERIVATIVES, LLC",2026-05-19,0,0,0
7 YEAR ERIS SOFR SWAP - CHICAGO BOARD OF TRADE,2026-05-19,2825,14329,-11504
E-MINI S&P UTILITIES INDEX - CHICAGO MERCANTILE EXCHANGE,2026-05-19,5323,12436,-7113
"ZCASH PERP STYLE - COINBASE DERIVATIVES, LLC",2026-05-19,0,0,0
UST 2Y NOTE - CHICAGO BOARD OF TRADE,2026-05-19,136019,560193,-424174
UST 10Y NOTE - CHICAGO BOARD OF TRADE,2026-05-19,163775,652818,-489043
MICRO ETHER  - CHICAGO MERCANTILE EXCHANGE,2026-05-19,1555,453,1102
MICRO BITCOIN - CHICAGO MERCANTILE EXCHANGE,2026-05-19,605,3705,-3100
"BITCOIN CASH PERP STYLE - COINBASE DERIVATIVES, LLC",2026-05-19,0,0,0
"NANO BITCOIN PERP STYLE - COINBASE DERIVATIVES, LLC",2026-05-19,0,1500,-1500
"Nano Bitcoin  - COINBASE DERIVATIVES, LLC",2026-05-19,0,0,0
MICRO E-MINI S&P 500 INDEX - CHICAGO MERCANTILE EXCHANGE,2026-05-19,59817,7868,51949
"CHAINLINK PERP STYLE - COINBASE DERIVATIVES, LLC",2026-05-26,0,0,0
EMINI RUSSELL 1000 VALUE INDEX - CHICAGO MERCANTILE EXCHANGE,2026-05-26,20836,11199,9637
"DOGECOIN - COINBASE DERIVATIVES, LLC",2026-05-26,21468,0,21468
"AVALANCHE PERP STYLE - COINBASE DERIVATIVES, LLC",2026-05-26,0,0,0
7 YEAR ERIS SOFR SWAP - CHICAGO BOARD OF TRADE,2026-05-26,2825,14329,-11504
"STELLAR PERP STYLE - COINBASE DERIVATIVES, LLC",2026-05-26,0,0,0
"POLKADOT PERP STYLE - COINBASE DERIVATIVES, LLC",2026-05-26,0,0,0
MICRO E-MINI RUSSELL 2000 INDX - CHICAGO MERCANTILE EXCHANGE,2026-05-26,9645,4926,4719
"1K SHIB PERP - COINBASE DERIVATIVES, LLC",2026-05-26,0,0,0
SOFR-1M - CHICAGO MERCANTILE EXCHANGE,2026-05-26,638559,291824,346735
SOFR-3M - CHICAGO MERCANTILE EXCHANGE,2026-05-26,3922458,1835227,2087231
EURO SHORT TERM RATE - CHICAGO MERCANTILE EXCHANGE,2026-05-26,17114,7738,9376
E-MINI S&P UTILITIES INDEX - CHICAGO MERCANTILE EXCHANGE,2026-05-26,5232,12642,-7410
ULTRA UST 10Y - CHICAGO BOARD OF TRADE,2026-05-26,59141,317237,-258096
BLOOMBERG IG CREDIT FUTURES - CHICAGO BOARD OF TRADE,2026-05-26,3343,98,3245
5 YEAR ERIS SOFR SWAP - CHICAGO BOARD OF TRADE,2026-05-26,47128,714,46414
BBG COMMODITY - CHICAGO BOARD OF TRADE,2026-05-26,129298,235173,-105875
2 YEAR ERIS SOFR SWAP - CHICAGO BOARD OF TRADE,2026-05-26,778,12195,-11417
BLOOMBERG HY CREDIT FUTURES - CHICAGO BOARD OF TRADE,2026-05-26,151,0,151
10 YEAR ERIS SOFR SWAP - CHICAGO BOARD OF TRADE,2026-05-26,34195,10648,23547
"LITECOIN PERP STYLE - COINBASE DERIVATIVES, LLC",2026-05-26,0,0,0
MICRO ETHER  - CHICAGO MERCANTILE EXCHANGE,2026-05-26,3660,271,3389
E-MINI S&P INDUSTRIAL INDEX - CHICAGO MERCANTILE EXCHANGE,2026-05-26,3979,9149,-5170
"NEAR PROTOCAL PERP STYLE - COINBASE DERIVATIVES, LLC",2026-05-26,0,0,0
"NANO SOLANA PERP STYLE - COINBASE DERIVATIVES, LLC",2026-05-26,0,0,0
FED FUNDS - CHICAGO BOARD OF TRADE,2026-05-26,415924,426375,-10451
ETHER CASH SETTLED - CHICAGO MERCANTILE EXCHANGE,2026-05-26,16615,6282,10333
SOL - CHICAGO MERCANTILE EXCHANGE,2026-05-26,9605,5562,4043
"NANO XRP PERP STYLE - COINBASE DERIVATIVES, LLC",2026-05-26,0,0,0
"NANO XRP - COINBASE DERIVATIVES, LLC",2026-05-26,0,0,0
XRP - CHICAGO MERCANTILE EXCHANGE,2026-05-26,5455,2697,2758
"CARDONA PERP STYLE - COINBASE DERIVATIVES, LLC",2026-05-26,0,0,0
VIX FUTURES - CBOE FUTURES EXCHANGE,2026-05-26,94566,42916,51650
"DOGECOIN PERP STYLE - COINBASE DERIVATIVES, LLC",2026-05-26,0,0,0
"NANO ETHER PERP STYLE - COINBASE DERIVATIVES, LLC",2026-05-26,0,0,0
"SUI PERP STYLE - COINBASE DERIVATIVES, LLC",2026-05-26,0,0,0
"BITCOIN CASH PERP STYLE - COINBASE DERIVATIVES, LLC",2026-05-26,0,0,0
E-MINI S&P CONSU STAPLES INDEX - CHICAGO MERCANTILE EXCHANGE,2026-05-26,19120,12265,6855
"NANO BITCOIN PERP STYLE - COINBASE DERIVATIVES, LLC",2026-05-26,1000,0,1000
"Nano Bitcoin  - COINBASE DERIVATIVES, LLC",2026-05-26,0,0,0
MICRO BITCOIN - CHICAGO MERCANTILE EXCHANGE,2026-05-26,874,2735,-1861
BITCOIN - CHICAGO MERCANTILE EXCHANGE,2026-05-26,6321,2239,4082
"ZCASH PERP STYLE - COINBASE DERIVATIVES, LLC",2026-05-26,0,0,0
"ONDO PERP STYLE - COINBASE DERIVATIVES, LLC",2026-05-26,0,0,0
SO AFRICAN RAND - CHICAGO MERCANTILE EXCHANGE,2026-05-26,3986,19147,-15161
3 YEAR ERIS SOFR SWAP - CHICAGO BOARD OF TRADE,2026-05-26,5535,18410,-12875
UST 10Y NOTE - CHICAGO BOARD OF TRADE,2026-05-26,181479,640445,-458966
DOW JONES U.S. REAL ESTATE IDX - CHICAGO BOARD OF TRADE,2026-05-26,8851,54016,-45165
DJIA x $5 - CHICAGO BOARD OF TRADE,2026-05-26,39207,31536,7671
DJIA Consolidated - CHICAGO BOARD OF TRADE,2026-05-26,42165,31199,10966
NZ DOLLAR - CHICAGO MERCANTILE EXCHANGE,2026-05-26,60276,12910,47366
MEXICAN PESO - CHICAGO MERCANTILE EXCHANGE,2026-05-26,31070,45422,-14352
UST 5Y NOTE - CHICAGO BOARD OF TRADE,2026-05-26,81991,778447,-696456
"NANO SOLANA - COINBASE DERIVATIVES, LLC",2026-05-26,0,0,0
"HEDERA PERP STYLE - COINBASE DERIVATIVES, LLC",2026-05-26,0,0,0
SWISS FRANC - CHICAGO MERCANTILE EXCHANGE,2026-05-26,68558,13761,54797
MICRO E-MINI DJIA (x$0.5) - CHICAGO BOARD OF TRADE,2026-05-26,37753,4802,32951
"NANO ETHER - COINBASE DERIVATIVES, LLC",2026-05-26,0,0,0
EURO FX/JAPANESE YEN XRATE - CHICAGO MERCANTILE EXCHANGE,2026-05-26,2920,3835,-915
BRITISH POUND - CHICAGO MERCANTILE EXCHANGE,2026-05-26,129679,47033,82646
E-MINI S&P ENERGY INDEX - CHICAGO MERCANTILE EXCHANGE,2026-05-26,7717,23193,-15476
CANADIAN DOLLAR - CHICAGO MERCANTILE EXCHANGE,2026-05-26,109183,56159,53024
E-MINI S&P 500 - CHICAGO MERCANTILE EXCHANGE,2026-05-26,166194,843171,-676977
USD INDEX - ICE FUTURES U.S.,2026-05-26,3791,10773,-6982
AUSTRALIAN DOLLAR - CHICAGO MERCANTILE EXCHANGE,2026-05-26,40470,143426,-102956
EURO FX - CHICAGO MERCANTILE EXCHANGE,2026-05-26,46277,368386,-322109
JAPANESE YEN - CHICAGO MERCANTILE EXCHANGE,2026-05-26,107851,34422,73429
EURO FX/BRITISH POUND XRATE - CHICAGO MERCANTILE EXCHANGE,2026-05-26,484,27722,-27238
BRAZILIAN REAL - CHICAGO MERCANTILE EXCHANGE,2026-05-26,10637,88047,-77410
RUSSELL 2000 ANNUAL DIVIDEND  - CHICAGO MERCANTILE EXCHANGE,2026-05-26,1500,31540,-30040
S&P 500 Consolidated - CHICAGO MERCANTILE EXCHANGE,2026-05-26,166394,836810,-670416
UST BOND - CHICAGO BOARD OF TRADE,2026-05-26,19782,240995,-221213
S&P 500 QUARTERLY DIVIDEND IND - CHICAGO MERCANTILE EXCHANGE,2026-05-26,7400,13278,-5878
S&P 500 ANNUAL DIVIDEND INDEX - CHICAGO MERCANTILE EXCHANGE,2026-05-26,46516,293920,-247404
E-MINI S&P 400 STOCK INDEX - CHICAGO MERCANTILE EXCHANGE,2026-05-26,4520,8419,-3899
MSCI EM INDEX - ICE FUTURES U.S.,2026-05-26,94081,604098,-510017
MSCI EAFE  - ICE FUTURES U.S.,2026-05-26,34377,254734,-220357
NIKKEI STOCK AVERAGE YEN DENOM - CHICAGO MERCANTILE EXCHANGE,2026-05-26,8713,8119,594
E-MINI S&P TECHNOLOGY INDEX - CHICAGO MERCANTILE EXCHANGE,2026-05-26,2911,16757,-13846
E-MINI S&P FINANCIAL INDEX - CHICAGO MERCANTILE EXCHANGE,2026-05-26,57398,63809,-6411
ULTRA UST BOND - CHICAGO BOARD OF TRADE,2026-05-26,26747,218757,-192010
RUSSELL E-MINI - CHICAGO MERCANTILE EXCHANGE,2026-05-26,135970,67134,68836
MICRO E-MINI NASDAQ-100 INDEX - CHICAGO MERCANTILE EXCHANGE,2026-05-26,142094,11404,130690
NASDAQ MINI - CHICAGO MERCANTILE EXCHANGE,2026-05-26,61230,106252,-45022
NASDAQ-100 Consolidated - CHICAGO MERCANTILE EXCHANGE,2026-05-26,61810,93763,-31953
ADJUSTED INT RATE S&P 500 TOTL - CHICAGO MERCANTILE EXCHANGE,2026-05-26,338390,172625,165765
MICRO E-MINI S&P 500 INDEX - CHICAGO MERCANTILE EXCHANGE,2026-05-26,82501,16892,65609
E-MINI S&P COMMUNICATION INDEX - CHICAGO MERCANTILE EXCHANGE,2026-05-26,3149,14818,-11669
UST 2Y NOTE - CHICAGO BOARD OF TRADE,2026-05-26,146868,526285,-379417
MICRO 10 YEAR YIELD - CHICAGO BOARD OF TRADE,2026-05-26,0,0,0
E-MINI S&P HEALTH CARE INDEX - CHICAGO MERCANTILE EXCHANGE,2026-05-26,7341,17541,-10200
10 YEAR ERIS SOFR SWAP - CHICAGO BOARD OF TRADE,2026-06-02,27185,10266,16919
5 YEAR ERIS SOFR SWAP - CHICAGO BOARD OF TRADE,2026-06-02,41131,9280,31851
E-MINI S&P 500 - CHICAGO MERCANTILE EXCHANGE,2026-06-02,162444,781951,-619507
E-MINI S&P INDUSTRIAL INDEX - CHICAGO MERCANTILE EXCHANGE,2026-06-02,4161,9153,-4992
"CHAINLINK PERP STYLE - COINBASE DERIVATIVES, LLC",2026-06-02,0,0,0
"AVALANCHE PERP STYLE - COINBASE DERIVATIVES, LLC",2026-06-02,0,0,0
2 YEAR ERIS SOFR SWAP - CHICAGO BOARD OF TRADE,2026-06-02,1017,12194,-11177
"1K SHIB PERP - COINBASE DERIVATIVES, LLC",2026-06-02,0,0,0
"LITECOIN PERP STYLE - COINBASE DERIVATIVES, LLC",2026-06-02,0,0,0
BBG COMMODITY - CHICAGO BOARD OF TRADE,2026-06-02,129327,233980,-104653
SOFR-1M - CHICAGO MERCANTILE EXCHANGE,2026-06-02,500091,248660,251431
SOFR-3M - CHICAGO MERCANTILE EXCHANGE,2026-06-02,4391782,1758836,2632946
BLOOMBERG HY CREDIT FUTURES - CHICAGO BOARD OF TRADE,2026-06-02,180,0,180
EURO SHORT TERM RATE - CHICAGO MERCANTILE EXCHANGE,2026-06-02,17703,7853,9850
FED FUNDS - CHICAGO BOARD OF TRADE,2026-06-02,427411,361309,66102
UST 5Y NOTE - CHICAGO BOARD OF TRADE,2026-06-02,96044,782320,-686276
MICRO 10 YEAR YIELD - CHICAGO BOARD OF TRADE,2026-06-02,0,0,0
ULTRA UST 10Y - CHICAGO BOARD OF TRADE,2026-06-02,62553,327630,-265077
"POLKADOT PERP STYLE - COINBASE DERIVATIVES, LLC",2026-06-02,0,0,0
BLOOMBERG IG DURATION-HEDGED  - CHICAGO BOARD OF TRADE,2026-06-02,42,0,42
SOL - CHICAGO MERCANTILE EXCHANGE,2026-06-02,9141,5548,3593
BLOOMBERG IG CREDIT FUTURES - CHICAGO BOARD OF TRADE,2026-06-02,3325,218,3107
ETHER CASH SETTLED - CHICAGO MERCANTILE EXCHANGE,2026-06-02,15173,6440,8733
"NANO XRP PERP STYLE - COINBASE DERIVATIVES, LLC",2026-06-02,0,0,0
"NANO XRP - COINBASE DERIVATIVES, LLC",2026-06-02,0,0,0
XRP - CHICAGO MERCANTILE EXCHANGE,2026-06-02,5082,2949,2133
"CARDONA PERP STYLE - COINBASE DERIVATIVES, LLC",2026-06-02,0,0,0
"DOGECOIN PERP STYLE - COINBASE DERIVATIVES, LLC",2026-06-02,0,0,0
"NANO ETHER PERP STYLE - COINBASE DERIVATIVES, LLC",2026-06-02,0,0,0
"SUI PERP STYLE - COINBASE DERIVATIVES, LLC",2026-06-02,0,0,0
UST 2Y NOTE - CHICAGO BOARD OF TRADE,2026-06-02,140799,470418,-329619
UST 10Y NOTE - CHICAGO BOARD OF TRADE,2026-06-02,179080,621236,-442156
"NANO ETHER - COINBASE DERIVATIVES, LLC",2026-06-02,0,0,0
"NANO BITCOIN PERP STYLE - COINBASE DERIVATIVES, LLC",2026-06-02,0,0,0
"Nano Bitcoin  - COINBASE DERIVATIVES, LLC",2026-06-02,0,0,0
MICRO BITCOIN - CHICAGO MERCANTILE EXCHANGE,2026-06-02,1665,1652,13
BITCOIN - CHICAGO MERCANTILE EXCHANGE,2026-06-02,5504,2033,3471
"ZCASH PERP STYLE - COINBASE DERIVATIVES, LLC",2026-06-02,0,0,0
"ONDO PERP STYLE - COINBASE DERIVATIVES, LLC",2026-06-02,0,0,0
"NEAR PROTOCAL PERP STYLE - COINBASE DERIVATIVES, LLC",2026-06-02,0,0,0
"HEDERA PERP STYLE - COINBASE DERIVATIVES, LLC",2026-06-02,0,0,0
"STELLAR PERP STYLE - COINBASE DERIVATIVES, LLC",2026-06-02,0,0,0
"BITCOIN CASH PERP STYLE - COINBASE DERIVATIVES, LLC",2026-06-02,0,0,0
MICRO ETHER  - CHICAGO MERCANTILE EXCHANGE,2026-06-02,777,339,438
EMINI RUSSELL 1000 VALUE INDEX - CHICAGO MERCANTILE EXCHANGE,2026-06-02,20774,11184,9590
MICRO E-MINI RUSSELL 2000 INDX - CHICAGO MERCANTILE EXCHANGE,2026-06-02,10368,4562,5806
E-MINI S&P CONSUMER DISC INDEX - CHICAGO MERCANTILE EXCHANGE,2026-06-02,5236,2161,3075
S&P 500 Consolidated - CHICAGO MERCANTILE EXCHANGE,2026-06-02,162738,774056,-611318
MICRO E-MINI DJIA (x$0.5) - CHICAGO BOARD OF TRADE,2026-06-02,37015,4947,32068
DOW JONES U.S. REAL ESTATE IDX - CHICAGO BOARD OF TRADE,2026-06-02,10845,55346,-44501
DJIA x $5 - CHICAGO BOARD OF TRADE,2026-06-02,37308,31979,5329
NZ DOLLAR - CHICAGO MERCANTILE EXCHANGE,2026-06-02,68522,15869,52653
BRAZILIAN REAL - CHICAGO MERCANTILE EXCHANGE,2026-06-02,3998,72902,-68904
DJIA Consolidated - CHICAGO BOARD OF TRADE,2026-06-02,40082,31547,8535
SO AFRICAN RAND - CHICAGO MERCANTILE EXCHANGE,2026-06-02,3523,20239,-16716
BRITISH POUND - CHICAGO MERCANTILE EXCHANGE,2026-06-02,128483,46003,82480
JAPANESE YEN - CHICAGO MERCANTILE EXCHANGE,2026-06-02,133277,32649,100628
EURO FX/BRITISH POUND XRATE - CHICAGO MERCANTILE EXCHANGE,2026-06-02,484,27587,-27103
AUSTRALIAN DOLLAR - CHICAGO MERCANTILE EXCHANGE,2026-06-02,41912,124164,-82252
EURO FX - CHICAGO MERCANTILE EXCHANGE,2026-06-02,45480,374951,-329471
"NANO SOLANA PERP STYLE - COINBASE DERIVATIVES, LLC",2026-06-02,0,0,0
USD INDEX - ICE FUTURES U.S.,2026-06-02,3794,10773,-6979
SWISS FRANC - CHICAGO MERCANTILE EXCHANGE,2026-06-02,67421,12787,54634
CANADIAN DOLLAR - CHICAGO MERCANTILE EXCHANGE,2026-06-02,130802,40950,89852
"NANO SOLANA - COINBASE DERIVATIVES, LLC",2026-06-02,0,0,0
EURO FX/JAPANESE YEN XRATE - CHICAGO MERCANTILE EXCHANGE,2026-06-02,2969,3820,-851
UST BOND - CHICAGO BOARD OF TRADE,2026-06-02,19371,289756,-270385
MEXICAN PESO - CHICAGO MERCANTILE EXCHANGE,2026-06-02,23842,44611,-20769
E-MINI S&P CONSU STAPLES INDEX - CHICAGO MERCANTILE EXCHANGE,2026-06-02,19660,12371,7289
E-MINI S&P ENERGY INDEX - CHICAGO MERCANTILE EXCHANGE,2026-06-02,6205,21266,-15061
E-MINI S&P FINANCIAL INDEX - CHICAGO MERCANTILE EXCHANGE,2026-06-02,57675,65336,-7661
S&P 500 QUARTERLY DIVIDEND IND - CHICAGO MERCANTILE EXCHANGE,2026-06-02,7622,13871,-6249
S&P 500 ANNUAL DIVIDEND INDEX - CHICAGO MERCANTILE EXCHANGE,2026-06-02,48561,295100,-246539
E-MINI S&P 400 STOCK INDEX - CHICAGO MERCANTILE EXCHANGE,2026-06-02,4460,7601,-3141
MSCI EM INDEX - ICE FUTURES U.S.,2026-06-02,84705,592842,-508137
MSCI EAFE  - ICE FUTURES U.S.,2026-06-02,34818,262220,-227402
NIKKEI STOCK AVERAGE YEN DENOM - CHICAGO MERCANTILE EXCHANGE,2026-06-02,9759,8111,1648
RUSSELL 2000 ANNUAL DIVIDEND  - CHICAGO MERCANTILE EXCHANGE,2026-06-02,1500,31533,-30033
RUSSELL E-MINI - CHICAGO MERCANTILE EXCHANGE,2026-06-02,136603,52623,83980
E-MINI S&P HEALTH CARE INDEX - CHICAGO MERCANTILE EXCHANGE,2026-06-02,7141,18692,-11551
ULTRA UST BOND - CHICAGO BOARD OF TRADE,2026-06-02,23929,197023,-173094
MICRO E-MINI NASDAQ-100 INDEX - CHICAGO MERCANTILE EXCHANGE,2026-06-02,154867,11943,142924
NASDAQ MINI - CHICAGO MERCANTILE EXCHANGE,2026-06-02,73912,104591,-30679
NASDAQ-100 Consolidated - CHICAGO MERCANTILE EXCHANGE,2026-06-02,74497,90883,-16386
ADJUSTED INT RATE S&P 500 TOTL - CHICAGO MERCANTILE EXCHANGE,2026-06-02,353112,171148,181964
MICRO E-MINI S&P 500 INDEX - CHICAGO MERCANTILE EXCHANGE,2026-06-02,99838,17946,81892
E-MINI S&P COMMUNICATION INDEX - CHICAGO MERCANTILE EXCHANGE,2026-06-02,3297,15399,-12102
E-MINI S&P UTILITIES INDEX - CHICAGO MERCANTILE EXCHANGE,2026-06-02,5281,13896,-8615
E-MINI S&P TECHNOLOGY INDEX - CHICAGO MERCANTILE EXCHANGE,2026-06-02,4027,16934,-12907
VIX FUTURES - CBOE FUTURES EXCHANGE,2026-06-02,93958,44621,49337
