date,expected,obtained,macro_score,confidence,liq_regime,vol_regime,real_liq_regime
2010-01-01,EXPANSION,MIXED,,0.39203074488391443,ESTRECHA,LOW,ESTRECHA
2010-01-08,EXPANSION,MIXED,,0.5020245909113099,NEUTRAL,LOW,ESTRECHA
2010-01-15,EXPANSION,MIXED,,0.550050445947112,ESTRECHA,LOW,ESTRECHA
2010-01-22,EXPANSION,MIXED,,0.5887718287895345,CRISIS,NORMAL,ESTRECHA
2010-01-29,EXPANSION,MIXED,,0.5546704736855723,CRISIS,ELEVATED,ESTRECHA
2010-02-05,EXPANSION,INFLATION SHOCK,,0.40419449445729017,CRISIS,ELEVATED,ESTRECHA
2010-02-12,EXPANSION,INFLATION SHOCK,,0.5180188064754344,ESTRECHA,ELEVATED,ESTRECHA
2010-02-19,EXPANSION,INFLATION SHOCK,,0.5731640539643307,ESTRECHA,NORMAL,ESTRECHA
2010-02-26,EXPANSION,MIXED,,0.5000469265557616,ABUNDANTE,NORMAL,ESTRECHA
2010-03-05,EXPANSION,MIXED,,0.5420053849197994,ABUNDANTE,LOW,ESTRECHA
2010-03-12,EXPANSION,MIXED,,0.5626048396081877,ABUNDANTE,LOW,ESTRECHA
2010-03-19,EXPANSION,INFLATION SHOCK,,0.5724622208479437,NEUTRAL,LOW,ESTRECHA
2010-03-26,EXPANSION,MIXED,,0.5190339637546137,NEUTRAL,LOW,ESTRECHA
2010-04-02,EXPANSION,MIXED,,0.4997025126598985,NEUTRAL,LOW,ESTRECHA
2010-04-09,EXPANSION,MIXED,,0.46018975029758,NEUTRAL,LOW,ESTRECHA
2010-04-16,EXPANSION,MIXED,,0.5723721615124191,CRISIS,LOW,ESTRECHA
2010-04-23,EXPANSION,MIXED,,0.5154219840380583,NEUTRAL,NORMAL,ESTRECHA
2010-04-30,EXPANSION,MIXED,,0.41865619973757984,CRISIS,ELEVATED,ESTRECHA
2010-05-07,MIXED,INFLATION SHOCK,,0.29140000795092247,NEUTRAL,STRESS,ESTRECHA
2010-05-14,MIXED,INFLATION SHOCK,,0.3415986147349557,CRISIS,STRESS,ESTRECHA
2010-05-21,MIXED,MIXED,,0.35263849977864914,NEUTRAL,STRESS,ESTRECHA
2010-05-28,MIXED,MIXED,,0.4238627071231491,ESTRECHA,STRESS,ESTRECHA
2010-06-04,MIXED,INFLATION SHOCK,,0.4734315923951158,CRISIS,STRESS,ESTRECHA
2010-06-11,MIXED,INFLATION SHOCK,,0.5216587739414806,ESTRECHA,STRESS,ESTRECHA
2010-06-18,MIXED,MIXED,,0.5004962169531971,NEUTRAL,ELEVATED,ESTRECHA
2010-06-25,MIXED,MIXED,,0.4727398770834741,NEUTRAL,ELEVATED,ESTRECHA
2010-07-02,MIXED,INFLATION SHOCK,,0.39923898414611547,NEUTRAL,NORMAL,ESTRECHA
2010-07-09,MIXED,INFLATION SHOCK,,0.5090174471274841,NEUTRAL,NORMAL,ESTRECHA
2010-07-16,MIXED,INFLATION SHOCK,,0.4743973741449399,NEUTRAL,NORMAL,ESTRECHA
2010-07-23,MIXED,MIXED,,0.5886380400783046,NEUTRAL,NORMAL,ESTRECHA
2010-07-30,MIXED,MIXED,,0.6371990399776531,NEUTRAL,LOW,ESTRECHA
2010-08-06,MIXED,MIXED,,0.6809168040447312,ABUNDANTE,LOW,ESTRECHA
2010-08-13,MIXED,MIXED,,0.6963570685950657,ESTRECHA,NORMAL,ESTRECHA
2010-08-20,MIXED,MIXED,,0.5298720116533495,NEUTRAL,LOW,ESTRECHA
2010-08-27,MIXED,MIXED,,0.5340653154674087,ABUNDANTE,NORMAL,ESTRECHA
2010-09-03,MIXED,MIXED,,0.4716659342071068,NEUTRAL,NORMAL,ESTRECHA
2010-09-10,MIXED,MIXED,,0.5005958506016492,NEUTRAL,NORMAL,ESTRECHA
2010-09-17,MIXED,MIXED,,0.5130211088919578,ESTRECHA,NORMAL,ESTRECHA
2010-09-24,MIXED,MIXED,,0.44683145802704205,ABUNDANTE,NORMAL,ESTRECHA
2010-10-01,MIXED,MIXED,,0.5343165888935117,NEUTRAL,LOW,ESTRECHA
2010-10-08,MIXED,MIXED,,0.5024410266577478,NEUTRAL,LOW,ESTRECHA
2010-10-15,MIXED,MIXED,,0.5027305853840873,ESTRECHA,LOW,ESTRECHA
2010-10-22,MIXED,MIXED,,0.4561962903000122,NEUTRAL,LOW,ESTRECHA
2010-10-29,MIXED,MIXED,,0.45871133856431145,ESTRECHA,LOW,ESTRECHA
2010-11-05,MIXED,MIXED,,0.3542542017837138,ESTRECHA,LOW,ESTRECHA
2010-11-12,MIXED,MIXED,,0.440064270951974,ESTRECHA,NORMAL,ESTRECHA
2010-11-19,MIXED,MIXED,,0.36661152112271733,NEUTRAL,NORMAL,ESTRECHA
2010-11-26,MIXED,MIXED,,0.46716072162731903,CRISIS,ELEVATED,ESTRECHA
2010-12-03,MIXED,MIXED,,0.43426492828865515,NEUTRAL,ELEVATED,ESTRECHA
2010-12-10,MIXED,MIXED,,0.4599236437742503,ESTRECHA,ELEVATED,ESTRECHA
2010-12-17,MIXED,MIXED,,0.5344622396348151,NEUTRAL,NORMAL,ESTRECHA
2010-12-24,MIXED,MIXED,,0.5953954218428725,NEUTRAL,NORMAL,ESTRECHA
2010-12-31,EXPANSION,MIXED,,0.6090886885141693,NEUTRAL,LOW,ESTRECHA
2011-01-07,EXPANSION,INFLATION SHOCK,,0.519743223765863,ESTRECHA,LOW,ESTRECHA
2011-01-14,EXPANSION,MIXED,,0.5220157400331784,NEUTRAL,LOW,ESTRECHA
2011-01-21,EXPANSION,MIXED,,0.5221103472635868,ESTRECHA,LOW,ESTRECHA
2011-01-28,EXPANSION,MIXED,,0.5107664836300635,CRISIS,NORMAL,ESTRECHA
2011-02-04,EXPANSION,INFLATION SHOCK,,0.41760991829112704,ESTRECHA,ELEVATED,ESTRECHA
2011-02-11,EXPANSION,MIXED,,0.5816176707999967,ESTRECHA,ELEVATED,ESTRECHA
2011-02-18,EXPANSION,MIXED,,0.5720798560344876,NEUTRAL,NORMAL,ESTRECHA
2011-02-25,EXPANSION,MIXED,,0.5111306322769948,CRISIS,ELEVATED,ESTRECHA
2011-03-04,EXPANSION,INFLATION SHOCK,,0.42257358248862564,CRISIS,ELEVATED,ESTRECHA
2011-03-11,EXPANSION,INFLATION SHOCK,,0.41014645435405284,ESTRECHA,ELEVATED,ESTRECHA
2011-03-18,EXPANSION,INFLATION SHOCK,,0.48105024823513765,ESTRECHA,STRESS,ESTRECHA
2011-03-25,EXPANSION,MIXED,,0.6715926234663214,ESTRECHA,STRESS,ESTRECHA
2011-04-01,EXPANSION,INFLATION SHOCK,,0.6239818453572856,NEUTRAL,ELEVATED,ESTRECHA
2011-04-08,EXPANSION,MIXED,,0.5277588030589953,NEUTRAL,ELEVATED,ESTRECHA
2011-04-15,EXPANSION,MIXED,,0.571795166796433,NEUTRAL,NORMAL,ESTRECHA
2011-04-22,EXPANSION,MIXED,,0.4854457437540941,ABUNDANTE,NORMAL,ESTRECHA
2011-04-29,EXPANSION,MIXED,,0.503738486603559,ABUNDANTE,LOW,ESTRECHA
2011-05-06,EXPANSION,INFLATION SHOCK,,0.3718167757435856,ESTRECHA,NORMAL,ESTRECHA
2011-05-13,EXPANSION,MIXED,,0.41745005926461687,NEUTRAL,NORMAL,ESTRECHA
2011-05-20,EXPANSION,MIXED,,0.49552363926402787,NEUTRAL,NORMAL,ESTRECHA
2011-05-27,EXPANSION,MIXED,,0.43587333514102433,ABUNDANTE,NORMAL,ESTRECHA
2011-06-03,EXPANSION,INFLATION SHOCK,,0.502902906520994,ABUNDANTE,ELEVATED,ESTRECHA
2011-06-10,EXPANSION,INFLATION SHOCK,,0.5429333931196156,ESTRECHA,NORMAL,ESTRECHA
2011-06-17,EXPANSION,INFLATION SHOCK,,0.5865812655297673,NEUTRAL,NORMAL,ESTRECHA
2011-06-24,EXPANSION,MIXED,,0.6016097318274691,ESTRECHA,ELEVATED,ESTRECHA
2011-07-01,EXPANSION,MIXED,,0.43864552186255035,NEUTRAL,NORMAL,ESTRECHA
2011-07-08,EXPANSION,MIXED,,0.4296712263516972,NEUTRAL,NORMAL,ESTRECHA
2011-07-15,EXPANSION,MIXED,,0.5674193416978983,ESTRECHA,NORMAL,ESTRECHA
2011-07-22,EXPANSION,MIXED,,0.5083776365197872,ESTRECHA,NORMAL,ESTRECHA
2011-07-29,EXPANSION,MIXED,,0.4893528978280398,ESTRECHA,NORMAL,ESTRECHA
2011-08-05,MIXED,INFLATION SHOCK,,0.3270960570767749,NEUTRAL,STRESS,ESTRECHA
2011-08-12,MIXED,MIXED,,0.34246993071594656,ESTRECHA,STRESS,ESTRECHA
2011-08-19,MIXED,MIXED,,0.39083109237250024,NEUTRAL,STRESS,ESTRECHA
2011-08-26,MIXED,MIXED,,0.5054170503896598,NEUTRAL,STRESS,ESTRECHA
2011-09-02,MIXED,INFLATION SHOCK,,0.5158735930493447,CRISIS,STRESS,ESTRECHA
2011-09-09,MIXED,INFLATION SHOCK,,0.4027646162036246,CRISIS,STRESS,ESTRECHA
2011-09-16,MIXED,MIXED,,0.46612410986723074,ESTRECHA,ELEVATED,ESTRECHA
2011-09-23,MIXED,MIXED,,0.5025071451141674,ESTRECHA,NORMAL,ESTRECHA
2011-09-30,LIQUIDITY CRISIS,MIXED,,0.6719361105217161,ESTRECHA,ELEVATED,ESTRECHA
2011-10-07,MIXED,INFLATION SHOCK,,0.5087897617915951,ESTRECHA,NORMAL,ESTRECHA
2011-10-14,MIXED,MIXED,,0.6128211318980061,NEUTRAL,ELEVATED,ESTRECHA
2011-10-21,MIXED,MIXED,,0.41293392691405384,NEUTRAL,ELEVATED,ESTRECHA
2011-10-28,MIXED,MIXED,,0.40631336434824683,ESTRECHA,ELEVATED,ESTRECHA
2011-11-04,MIXED,MIXED,,0.45065893103245935,NEUTRAL,STRESS,ESTRECHA
2011-11-11,MIXED,MIXED,,0.41871889365189796,NEUTRAL,STRESS,ESTRECHA
2011-11-18,MIXED,MIXED,,0.4902409136105391,NEUTRAL,STRESS,ESTRECHA
2011-11-25,MIXED,MIXED,,0.5099388445032197,ESTRECHA,STRESS,ESTRECHA
2011-12-02,MIXED,MIXED,,0.5085971314387943,ESTRECHA,ELEVATED,ESTRECHA
2011-12-09,MIXED,MIXED,,0.5592510377779789,NEUTRAL,NORMAL,ESTRECHA
2011-12-16,MIXED,MIXED,,0.5353568942515379,NEUTRAL,LOW,ESTRECHA
2011-12-23,MIXED,MIXED,,0.6879672790725918,NEUTRAL,LOW,ESTRECHA
2011-12-30,MIXED,MIXED,,0.6284827409679526,NEUTRAL,NORMAL,ESTRECHA
2012-01-06,MIXED,MIXED,,0.5232456324706913,NEUTRAL,LOW,ESTRECHA
2012-01-13,MIXED,INFLATION SHOCK,,0.62559261841107,NEUTRAL,LOW,ESTRECHA
2012-01-20,MIXED,MIXED,,0.6071564992520273,NEUTRAL,LOW,ESTRECHA
2012-01-27,MIXED,MIXED,,0.5189570644602509,ABUNDANTE,LOW,ESTRECHA
2012-02-03,MIXED,MIXED,,0.5768765152069983,NEUTRAL,LOW,ESTRECHA
2012-02-10,MIXED,MIXED,,0.5493055501702458,ESTRECHA,NORMAL,ESTRECHA
2012-02-17,MIXED,MIXED,,0.5638241941680033,NEUTRAL,NORMAL,ESTRECHA
2012-02-24,MIXED,MIXED,,0.5603679221117714,NEUTRAL,NORMAL,ESTRECHA
2012-03-02,MIXED,MIXED,,0.6134305801503084,ESTRECHA,NORMAL,ESTRECHA
2012-03-09,MIXED,MIXED,,0.5452149782380247,ESTRECHA,NORMAL,ESTRECHA
2012-03-16,MIXED,MIXED,,0.4016265545388853,NEUTRAL,NORMAL,ESTRECHA
2012-03-23,MIXED,MIXED,,0.4323563593945212,NEUTRAL,NORMAL,ESTRECHA
2012-03-30,MIXED,MIXED,,0.5263617038666748,NEUTRAL,NORMAL,ESTRECHA
2012-04-06,MIXED,MIXED,,0.5587320495741737,ESTRECHA,LOW,ESTRECHA
2012-04-13,MIXED,INFLATION SHOCK,,0.49701461812108816,ESTRECHA,NORMAL,ESTRECHA
2012-04-20,MIXED,INFLATION SHOCK,,0.4567242258141715,NEUTRAL,NORMAL,ESTRECHA
2012-04-27,MIXED,MIXED,,0.5642219131639452,NEUTRAL,NORMAL,ESTRECHA
2012-05-04,MIXED,MIXED,,0.4092487487336687,CRISIS,NORMAL,ESTRECHA
2012-05-11,MIXED,MIXED,,0.6253018155268912,ESTRECHA,LOW,ESTRECHA
2012-05-18,MIXED,MIXED,,0.48030125793159917,ESTRECHA,NORMAL,ESTRECHA
2012-05-25,MIXED,MIXED,,0.6132285075961548,ESTRECHA,NORMAL,ESTRECHA
2012-06-01,MIXED,MIXED,,0.33947646533944775,NEUTRAL,NORMAL,ESTRECHA
2012-06-08,MIXED,MIXED,,0.5607788751730691,ESTRECHA,NORMAL,ESTRECHA
2012-06-15,MIXED,MIXED,,0.5232319239489813,NEUTRAL,ELEVATED,ESTRECHA
2012-06-22,MIXED,MIXED,,0.6874118058463774,NEUTRAL,ELEVATED,ESTRECHA
2012-06-29,MIXED,MIXED,,0.5712746651400764,ABUNDANTE,ELEVATED,ESTRECHA
2012-07-06,MIXED,MIXED,,0.5284261217584695,NEUTRAL,ELEVATED,ESTRECHA
2012-07-13,MIXED,MIXED,,0.48848167445920365,ABUNDANTE,ELEVATED,ESTRECHA
2012-07-20,MIXED,MIXED,,0.6059906124932068,ABUNDANTE,NORMAL,ESTRECHA
2012-07-27,MIXED,MIXED,,0.5067032114435412,ABUNDANTE,NORMAL,ESTRECHA
2012-08-03,MIXED,MIXED,,0.45720408184667394,ABUNDANTE,NORMAL,ESTRECHA
2012-08-10,MIXED,MIXED,,0.3931798036070413,ABUNDANTE,NORMAL,ESTRECHA
2012-08-17,MIXED,MIXED,,0.33488360570572606,ESTRECHA,NORMAL,ESTRECHA
2012-08-24,MIXED,MIXED,,0.42988395803554824,ESTRECHA,NORMAL,ESTRECHA
2012-08-31,EXPANSION,MIXED,,0.4533582281509694,NEUTRAL,LOW,ESTRECHA
2012-09-07,EXPANSION,MIXED,,0.4564435890400732,NEUTRAL,NORMAL,ESTRECHA
2012-09-14,EXPANSION,MIXED,,0.4552749185736077,NEUTRAL,NORMAL,ESTRECHA
2012-09-21,EXPANSION,MIXED,,0.5420575083475662,NEUTRAL,NORMAL,ESTRECHA
2012-09-28,EXPANSION,MIXED,,0.655667369731433,NEUTRAL,NORMAL,ESTRECHA
2012-10-05,EXPANSION,MIXED,,0.6160599399249209,NEUTRAL,NORMAL,ESTRECHA
2012-10-12,EXPANSION,INFLATION SHOCK,,0.5260263650326256,NEUTRAL,LOW,ESTRECHA
2012-10-19,EXPANSION,MIXED,,0.7270962086115715,ESTRECHA,NORMAL,ESTRECHA
2012-10-26,EXPANSION,MIXED,,0.7610844389950183,ESTRECHA,NORMAL,ESTRECHA
2012-11-02,EXPANSION,INFLATION SHOCK,,0.5007049625708844,CRISIS,NORMAL,ESTRECHA
2012-11-09,EXPANSION,INFLATION SHOCK,,0.3864473801482664,CRISIS,NORMAL,ESTRECHA
2012-11-16,EXPANSION,INFLATION SHOCK,,0.2990887585021733,NEUTRAL,NORMAL,ESTRECHA
2012-11-23,EXPANSION,MIXED,,0.6492485353543979,ABUNDANTE,NORMAL,ESTRECHA
2012-11-30,EXPANSION,MIXED,,0.6539380601239198,ESTRECHA,LOW,ESTRECHA
2012-12-07,EXPANSION,MIXED,,0.5388962320251696,CRISIS,LOW,ESTRECHA
2012-12-14,EXPANSION,MIXED,,0.49169173143245937,CRISIS,LOW,ESTRECHA
2012-12-21,EXPANSION,MIXED,,0.5112184793541017,CRISIS,LOW,ESTRECHA
2012-12-28,EXPANSION,MIXED,,0.5503642252230837,CRISIS,NORMAL,ESTRECHA
2013-01-04,EXPANSION,MIXED,,0.32025567437826397,NEUTRAL,ELEVATED,ESTRECHA
2013-01-11,EXPANSION,MIXED,,0.4718966748440162,ABUNDANTE,ELEVATED,ESTRECHA
2013-01-18,EXPANSION,MIXED,,0.52310752683374,ESTRECHA,ELEVATED,ESTRECHA
2013-01-25,EXPANSION,MIXED,,0.5247080268570194,ABUNDANTE,NORMAL,ESTRECHA
2013-02-01,MIXED,MIXED,,0.6402066633747123,NEUTRAL,LOW,ESTRECHA
2013-02-08,MIXED,MIXED,,0.5036262657428605,NEUTRAL,LOW,ESTRECHA
2013-02-15,MIXED,MIXED,,0.5296995255096664,NEUTRAL,LOW,ESTRECHA
2013-02-22,MIXED,MIXED,,0.5328054131693899,ESTRECHA,NORMAL,ESTRECHA
2013-03-01,MIXED,MIXED,,0.5631577041151512,CRISIS,STRESS,ESTRECHA
2013-03-08,MIXED,MIXED,,0.5936543995408993,ESTRECHA,STRESS,ESTRECHA
2013-03-15,MIXED,MIXED,,0.6183593660552662,ABUNDANTE,STRESS,ESTRECHA
2013-03-22,MIXED,MIXED,,0.6775625780595922,NEUTRAL,STRESS,ESTRECHA
2013-03-29,MIXED,MIXED,,0.7803285785559607,NEUTRAL,NORMAL,ESTRECHA
2013-04-05,MIXED,MIXED,,0.38021776265612506,NEUTRAL,ELEVATED,ESTRECHA
2013-04-12,MIXED,MIXED,,0.4380049342883746,NEUTRAL,NORMAL,ESTRECHA
2013-04-19,MIXED,MIXED,,0.5205480374595097,ESTRECHA,STRESS,ESTRECHA
2013-04-26,MIXED,MIXED,,0.5684432455784119,NEUTRAL,STRESS,ESTRECHA
2013-05-03,EXPANSION,INFLATION SHOCK,,0.5553314980765014,ESTRECHA,STRESS,ESTRECHA
2013-05-10,EXPANSION,MIXED,,0.5643988208690051,ESTRECHA,STRESS,ESTRECHA
2013-05-17,EXPANSION,MIXED,,0.41843007714430025,ESTRECHA,LOW,ESTRECHA
2013-05-24,EXPANSION,MIXED,,0.5454257730111871,CRISIS,LOW,ESTRECHA
2013-05-31,EXPANSION,MIXED,,0.6494847969334003,CRISIS,LOW,ESTRECHA
2013-06-07,EXPANSION,INFLATION SHOCK,,0.36520500818636226,CRISIS,LOW,ESTRECHA
2013-06-14,EXPANSION,INFLATION SHOCK,,0.45095756619218275,CRISIS,NORMAL,ESTRECHA
2013-06-21,EXPANSION,MIXED,,0.4534281108238589,CRISIS,ELEVATED,ESTRECHA
2013-06-28,EXPANSION,MIXED,,0.6111879579542665,CRISIS,ELEVATED,ESTRECHA
2013-07-05,EXPANSION,INFLATION SHOCK,,0.4837195351063003,CRISIS,ELEVATED,ESTRECHA
2013-07-12,EXPANSION,MIXED,,0.333337879491566,ESTRECHA,NORMAL,ESTRECHA
2013-07-19,EXPANSION,MIXED,,0.5191261251012997,NEUTRAL,LOW,ESTRECHA
2013-07-26,EXPANSION,MIXED,,0.4496595948008423,NEUTRAL,LOW,ESTRECHA
2013-08-02,EXPANSION,INFLATION SHOCK,,0.6525941500564456,ABUNDANTE,LOW,ESTRECHA
2013-08-09,EXPANSION,INFLATION SHOCK,,0.546736718696103,NEUTRAL,LOW,ESTRECHA
2013-08-16,EXPANSION,INFLATION SHOCK,,0.5595303265298828,ESTRECHA,LOW,ESTRECHA
2013-08-23,EXPANSION,MIXED,,0.56279590791282,NEUTRAL,NORMAL,ESTRECHA
2013-08-30,EXPANSION,MIXED,,0.49558143675735156,CRISIS,NORMAL,ESTRECHA
2013-09-06,EXPANSION,MIXED,,0.36301668250712227,ESTRECHA,NORMAL,ESTRECHA
2013-09-13,EXPANSION,MIXED,,0.4322855244594128,ESTRECHA,LOW,ESTRECHA
2013-09-20,EXPANSION,MIXED,,0.37323658590815756,ESTRECHA,LOW,ESTRECHA
2013-09-27,EXPANSION,MIXED,,0.406435860461712,ESTRECHA,LOW,ESTRECHA
2013-10-04,EXPANSION,MIXED,,0.3776141115114997,CRISIS,LOW,ESTRECHA
2013-10-11,EXPANSION,MIXED,,0.48546237829497196,CRISIS,NORMAL,ESTRECHA
2013-10-18,EXPANSION,MIXED,,0.5105366350570759,NEUTRAL,STRESS,ESTRECHA
2013-10-25,EXPANSION,MIXED,,0.6972563334438645,NEUTRAL,ELEVATED,ESTRECHA
2013-11-01,EXPANSION,MIXED,,0.5626258638958057,ESTRECHA,ELEVATED,ESTRECHA
2013-11-08,EXPANSION,INFLATION SHOCK,,0.4044537708439069,ESTRECHA,NORMAL,ESTRECHA
2013-11-15,EXPANSION,MIXED,,0.4661895066605173,NEUTRAL,LOW,ESTRECHA
2013-11-22,EXPANSION,MIXED,,0.3126591945761541,NEUTRAL,LOW,ESTRECHA
2013-11-29,EXPANSION,MIXED,,0.40881438404462966,ESTRECHA,LOW,ESTRECHA
2013-12-06,EXPANSION,INFLATION SHOCK,,0.45792451487646013,CRISIS,LOW,ESTRECHA
2013-12-13,EXPANSION,MIXED,,0.44988790012662805,CRISIS,LOW,ESTRECHA
2013-12-20,EXPANSION,MIXED,,0.6933817465442161,NEUTRAL,LOW,ESTRECHA
2013-12-27,EXPANSION,MIXED,,0.6242617400531518,NEUTRAL,LOW,ESTRECHA
2014-01-03,EXPANSION,MIXED,,0.51808431225475,ESTRECHA,LOW,ESTRECHA
2014-01-10,EXPANSION,MIXED,,0.5044741513157744,ABUNDANTE,LOW,ESTRECHA
2014-01-17,EXPANSION,MIXED,,0.46273214200404966,NEUTRAL,LOW,ESTRECHA
2014-01-24,EXPANSION,MIXED,,0.405356579597005,ESTRECHA,ELEVATED,ESTRECHA
2014-01-31,EXPANSION,MIXED,,0.4507027618931758,ESTRECHA,ELEVATED,ESTRECHA
2014-02-07,EXPANSION,INFLATION SHOCK,,0.38368644346933745,NEUTRAL,STRESS,ESTRECHA
2014-02-14,EXPANSION,INFLATION SHOCK,,0.5098946346973605,ABUNDANTE,STRESS,ESTRECHA
2014-02-21,EXPANSION,INFLATION SHOCK,,0.6031775809617341,ESTRECHA,ELEVATED,ESTRECHA
2014-02-28,EXPANSION,MIXED,,0.5019976451276178,NEUTRAL,NORMAL,ESTRECHA
2014-03-07,EXPANSION,INFLATION SHOCK,,0.3663453784094056,CRISIS,NORMAL,ESTRECHA
2014-03-14,EXPANSION,INFLATION SHOCK,,0.44913731773667953,ESTRECHA,NORMAL,ESTRECHA
2014-03-21,EXPANSION,INFLATION SHOCK,,0.5956891115311019,ESTRECHA,NORMAL,ESTRECHA
2014-03-28,EXPANSION,MIXED,,0.7642117653866791,NEUTRAL,NORMAL,ESTRECHA
2014-04-04,EXPANSION,INFLATION SHOCK,,0.6273844650378121,NEUTRAL,NORMAL,ESTRECHA
2014-04-11,EXPANSION,MIXED,,0.7200252669489327,ESTRECHA,NORMAL,ESTRECHA
2014-04-18,EXPANSION,MIXED,,0.6912590768858867,ABUNDANTE,NORMAL,ESTRECHA
2014-04-25,EXPANSION,MIXED,,0.7105835368144203,ABUNDANTE,NORMAL,ESTRECHA
2014-05-02,EXPANSION,MIXED,,0.5962541751078476,ABUNDANTE,NORMAL,ESTRECHA
2014-05-09,EXPANSION,MIXED,,0.5505043420205916,ABUNDANTE,LOW,ESTRECHA
2014-05-16,EXPANSION,INFLATION SHOCK,,0.42884623936313754,ABUNDANTE,LOW,ESTRECHA
2014-05-23,EXPANSION,MIXED,,0.4473947589533813,ABUNDANTE,LOW,ESTRECHA
2014-05-30,EXPANSION,MIXED,,0.43215847615670827,ABUNDANTE,LOW,ESTRECHA
2014-06-06,EXPANSION,MIXED,,0.5150818817976265,NEUTRAL,LOW,ESTRECHA
2014-06-13,EXPANSION,MIXED,,0.5748683216985047,NEUTRAL,LOW,ESTRECHA
2014-06-20,EXPANSION,MIXED,,0.5461266090962007,NEUTRAL,LOW,ESTRECHA
2014-06-27,EXPANSION,MIXED,,0.58116414928846,ABUNDANTE,NORMAL,ESTRECHA
2014-07-04,EXPANSION,MIXED,,0.6205016765574021,NEUTRAL,NORMAL,ESTRECHA
2014-07-11,EXPANSION,MIXED,,0.5373953018318033,NEUTRAL,NORMAL,ESTRECHA
2014-07-18,EXPANSION,MIXED,,0.6051372426684419,NEUTRAL,STRESS,ESTRECHA
2014-07-25,EXPANSION,MIXED,,0.541864783089018,ESTRECHA,STRESS,ESTRECHA
2014-08-01,EXPANSION,INFLATION SHOCK,,0.5070988794687458,NEUTRAL,STRESS,ESTRECHA
2014-08-08,EXPANSION,INFLATION SHOCK,,0.5710238882313262,NEUTRAL,STRESS,ESTRECHA
2014-08-15,EXPANSION,MIXED,,0.6494207636510037,NEUTRAL,ELEVATED,ESTRECHA
2014-08-22,EXPANSION,MIXED,,0.6368651035419665,NEUTRAL,ELEVATED,ESTRECHA
2014-08-29,EXPANSION,MIXED,,0.5629289551876732,NEUTRAL,NORMAL,ESTRECHA
2014-09-05,EXPANSION,MIXED,,0.5669826662084866,NEUTRAL,LOW,ESTRECHA
2014-09-12,EXPANSION,MIXED,,0.4910960399074377,CRISIS,LOW,ESTRECHA
2014-09-19,EXPANSION,MIXED,,0.5518458622661212,ESTRECHA,LOW,ESTRECHA
2014-09-26,EXPANSION,MIXED,,0.7812565586081546,CRISIS,ELEVATED,ESTRECHA
2014-10-03,EXPANSION,INFLATION SHOCK,,0.5457100436549941,CRISIS,ELEVATED,ESTRECHA
2014-10-10,EXPANSION,INFLATION SHOCK,,0.3921493275898525,CRISIS,STRESS,ESTRECHA
2014-10-17,EXPANSION,INFLATION SHOCK,,0.3357346071987388,ESTRECHA,STRESS,ESTRECHA
2014-10-24,EXPANSION,MIXED,,0.4403594563611862,ESTRECHA,STRESS,ESTRECHA
2014-10-31,EXPANSION,MIXED,,0.5876383522549754,ESTRECHA,STRESS,ESTRECHA
2014-11-07,EXPANSION,MIXED,,0.6794310214300544,ABUNDANTE,ELEVATED,ESTRECHA
2014-11-14,EXPANSION,MIXED,,0.6394520459928767,ABUNDANTE,NORMAL,ESTRECHA
2014-11-21,EXPANSION,MIXED,,0.6457118576362415,NEUTRAL,LOW,ESTRECHA
2014-11-28,EXPANSION,MIXED,,0.6850266877985939,NEUTRAL,LOW,ESTRECHA
2014-12-05,MIXED,MIXED,,0.6213211441573183,ABUNDANTE,LOW,ESTRECHA
2014-12-12,MIXED,INFLATION SHOCK,,0.4764207253204328,NEUTRAL,ELEVATED,ESTRECHA
2014-12-19,MIXED,MIXED,,0.6152807438649011,ESTRECHA,STRESS,ESTRECHA
2014-12-26,MIXED,MIXED,,0.5731749895571211,NEUTRAL,STRESS,ESTRECHA
2015-01-02,MIXED,MIXED,,0.4254103458281017,CRISIS,STRESS,ESTRECHA
2015-01-09,MIXED,MIXED,,0.37127903646919025,NEUTRAL,STRESS,ESTRECHA
2015-01-16,MIXED,MIXED,,0.399434578369777,ESTRECHA,ELEVATED,ESTRECHA
2015-01-23,MIXED,MIXED,,0.4349168406641404,ESTRECHA,ELEVATED,ESTRECHA
2015-01-30,MIXED,MIXED,,0.4918223762228128,ESTRECHA,ELEVATED,ESTRECHA
2015-02-06,MIXED,MIXED,,0.5244310738607754,ESTRECHA,ELEVATED,ESTRECHA
2015-02-13,MIXED,MIXED,,0.5828882032730968,NEUTRAL,ELEVATED,ESTRECHA
2015-02-20,MIXED,MIXED,,0.5080079031349282,NEUTRAL,ELEVATED,ESTRECHA
2015-02-27,MIXED,MIXED,,0.6165327742884152,NEUTRAL,NORMAL,ESTRECHA
2015-03-06,MIXED,MIXED,,0.4822544372134845,ESTRECHA,LOW,ESTRECHA
2015-03-13,MIXED,MIXED,,0.49315007803356486,ESTRECHA,LOW,ESTRECHA
2015-03-20,MIXED,MIXED,,0.7235899490285738,ABUNDANTE,NORMAL,ESTRECHA
2015-03-27,MIXED,MIXED,,0.5742664124137913,NEUTRAL,NORMAL,ESTRECHA
2015-04-03,MIXED,MIXED,,0.4205595515449061,NEUTRAL,NORMAL,ESTRECHA
2015-04-10,MIXED,MIXED,,0.44423692692071176,NEUTRAL,NORMAL,ESTRECHA
2015-04-17,MIXED,MIXED,,0.5941562351708386,NEUTRAL,NORMAL,ESTRECHA
2015-04-24,MIXED,MIXED,,0.5887347109538478,ABUNDANTE,LOW,ESTRECHA
2015-05-01,MIXED,MIXED,,0.503454115847781,ESTRECHA,NORMAL,ESTRECHA
2015-05-08,MIXED,MIXED,,0.5727573106572368,ESTRECHA,ELEVATED,ESTRECHA
2015-05-15,MIXED,INFLATION SHOCK,,0.505303991625243,NEUTRAL,NORMAL,ESTRECHA
2015-05-22,MIXED,MIXED,,0.5720407443560233,ESTRECHA,NORMAL,ESTRECHA
2015-05-29,MIXED,MIXED,,0.7040243745860038,CRISIS,NORMAL,ESTRECHA
2015-06-05,MIXED,INFLATION SHOCK,,0.49823364800976305,CRISIS,NORMAL,ESTRECHA
2015-06-12,MIXED,MIXED,,0.5869768319174166,ESTRECHA,NORMAL,ESTRECHA
2015-06-19,MIXED,MIXED,,0.6203658452963068,ESTRECHA,NORMAL,ESTRECHA
2015-06-26,MIXED,MIXED,,0.6712853535759982,CRISIS,NORMAL,ESTRECHA
2015-07-03,MIXED,INFLATION SHOCK,,0.4234993588346078,CRISIS,STRESS,ESTRECHA
2015-07-10,MIXED,INFLATION SHOCK,,0.6465515067090062,CRISIS,STRESS,ESTRECHA
2015-07-17,MIXED,INFLATION SHOCK,,0.5337795147355313,ABUNDANTE,STRESS,ESTRECHA
2015-07-24,MIXED,MIXED,,0.49618258205690713,NEUTRAL,STRESS,ESTRECHA
2015-07-31,MIXED,MIXED,,0.49195611906432535,ABUNDANTE,ELEVATED,ESTRECHA
2015-08-07,MIXED,INFLATION SHOCK,,0.4806963166492349,ABUNDANTE,NORMAL,ESTRECHA
2015-08-14,MIXED,MIXED,,0.38477380257353316,ABUNDANTE,NORMAL,ESTRECHA
2015-08-21,MIXED,MIXED,,0.3057468178473648,NEUTRAL,STRESS,ESTRECHA
2015-08-28,MIXED,MIXED,,0.4686137371803075,CRISIS,STRESS,ESTRECHA
2015-09-04,MIXED,MIXED,,0.43594039318786276,ESTRECHA,STRESS,ESTRECHA
2015-09-11,MIXED,MIXED,,0.5366482830201361,ESTRECHA,STRESS,ESTRECHA
2015-09-18,MIXED,MIXED,,0.5724359317561788,ESTRECHA,STRESS,ESTRECHA
2015-09-25,MIXED,MIXED,,0.5293589915877019,ESTRECHA,NORMAL,ESTRECHA
2015-10-02,MIXED,MIXED,,0.5269773259509728,ABUNDANTE,NORMAL,ESTRECHA
2015-10-09,MIXED,MIXED,,0.5073628094095455,ABUNDANTE,NORMAL,ESTRECHA
2015-10-16,MIXED,MIXED,,0.5457142493770031,ABUNDANTE,NORMAL,ESTRECHA
2015-10-23,MIXED,MIXED,,0.44362185227073553,NEUTRAL,NORMAL,ESTRECHA
2015-10-30,MIXED,MIXED,,0.492798151975666,ABUNDANTE,NORMAL,ESTRECHA
2015-11-06,MIXED,MIXED,,0.356639181939598,ESTRECHA,NORMAL,ESTRECHA
2015-11-13,MIXED,MIXED,,0.5197883671840992,NEUTRAL,NORMAL,ESTRECHA
2015-11-20,MIXED,MIXED,,0.42013717200310435,NEUTRAL,NORMAL,ESTRECHA
2015-11-27,MIXED,MIXED,,0.4508699042575359,NEUTRAL,NORMAL,ESTRECHA
2015-12-04,MIXED,MIXED,,0.6235800018522714,NEUTRAL,ELEVATED,ESTRECHA
2015-12-11,MIXED,MIXED,,0.46730825256305464,NEUTRAL,ELEVATED,ESTRECHA
2015-12-18,MIXED,MIXED,,0.5260394485245361,NEUTRAL,ELEVATED,ESTRECHA
2015-12-25,MIXED,MIXED,,0.4941223822703118,ABUNDANTE,STRESS,ESTRECHA
2016-01-01,MIXED,MIXED,,0.7210703290217632,ESTRECHA,ELEVATED,ESTRECHA
2016-01-08,MIXED,INFLATION SHOCK,,0.5431738837178154,ESTRECHA,ELEVATED,ESTRECHA
2016-01-15,MIXED,INFLATION SHOCK,,0.38521277017357564,ESTRECHA,ELEVATED,ESTRECHA
2016-01-22,MIXED,MIXED,,0.3910095490250662,CRISIS,ELEVATED,ESTRECHA
2016-01-29,MIXED,MIXED,,0.4217755407430729,ESTRECHA,ELEVATED,ESTRECHA
2016-02-05,MIXED,INFLATION SHOCK,,0.3053105777415717,CRISIS,NORMAL,ESTRECHA
2016-02-12,MIXED,INFLATION SHOCK,,0.3930011318634577,CRISIS,NORMAL,ESTRECHA
2016-02-19,MIXED,INFLATION SHOCK,,0.45206871311508545,ABUNDANTE,NORMAL,ESTRECHA
2016-02-26,MIXED,MIXED,,0.5810373482853602,ESTRECHA,NORMAL,ESTRECHA
2016-03-04,MIXED,MIXED,,0.397846193007295,NEUTRAL,NORMAL,ESTRECHA
2016-03-11,MIXED,MIXED,,0.42598827045921966,ESTRECHA,LOW,ESTRECHA
2016-03-18,MIXED,MIXED,,0.4133481167109024,NEUTRAL,NORMAL,ESTRECHA
2016-03-25,MIXED,MIXED,,0.5082177059760121,ABUNDANTE,LOW,ESTRECHA
2016-04-01,MIXED,MIXED,,0.6913202829528158,ABUNDANTE,LOW,ESTRECHA
2016-04-08,MIXED,MIXED,,0.7314727641586007,ABUNDANTE,NORMAL,ESTRECHA
2016-04-15,MIXED,MIXED,,0.6049312219497116,NEUTRAL,NORMAL,ESTRECHA
2016-04-22,MIXED,MIXED,,0.6060570538335176,ESTRECHA,NORMAL,ESTRECHA
2016-04-29,MIXED,MIXED,,0.69029140544408,NEUTRAL,NORMAL,ESTRECHA
2016-05-06,MIXED,MIXED,,0.585454228709272,NEUTRAL,LOW,ESTRECHA
2016-05-13,MIXED,MIXED,,0.6064606096676363,ESTRECHA,LOW,ESTRECHA
2016-05-20,MIXED,MIXED,,0.6628414251782067,ESTRECHA,LOW,ESTRECHA
2016-05-27,MIXED,MIXED,,0.6331752379300107,ESTRECHA,LOW,ESTRECHA
2016-06-03,MIXED,INFLATION SHOCK,,0.6032771303288352,NEUTRAL,LOW,ESTRECHA
2016-06-10,MIXED,INFLATION SHOCK,,0.6360571245903707,CRISIS,NORMAL,ESTRECHA
2016-06-17,MIXED,INFLATION SHOCK,,0.5716751320817116,ESTRECHA,NORMAL,ESTRECHA
2016-06-24,MIXED,MIXED,,0.5229004706964719,CRISIS,STRESS,ESTRECHA
2016-07-01,MIXED,MIXED,,0.5517847671319553,ABUNDANTE,STRESS,ESTRECHA
2016-07-08,MIXED,MIXED,,0.5098477096462886,ABUNDANTE,STRESS,ESTRECHA
2016-07-15,MIXED,MIXED,,0.5504149724920662,NEUTRAL,STRESS,ESTRECHA
2016-07-22,MIXED,MIXED,,0.639503669246266,ESTRECHA,NORMAL,ESTRECHA
2016-07-29,MIXED,MIXED,,0.7171489085170976,ABUNDANTE,LOW,ESTRECHA
2016-08-05,MIXED,MIXED,,0.6686437350110797,ESTRECHA,LOW,ESTRECHA
2016-08-12,MIXED,MIXED,,0.6454621108325711,NEUTRAL,LOW,ESTRECHA
2016-08-19,MIXED,MIXED,,0.6314205732622725,ESTRECHA,LOW,ESTRECHA
2016-08-26,MIXED,MIXED,,0.5695750292521181,CRISIS,LOW,ESTRECHA
2016-09-02,MIXED,MIXED,,0.6283897106806575,ESTRECHA,LOW,ESTRECHA
2016-09-09,MIXED,MIXED,,0.47482813333974266,CRISIS,ELEVATED,ESTRECHA
2016-09-16,MIXED,INFLATION SHOCK,,0.5248839034582086,CRISIS,STRESS,ESTRECHA
2016-09-23,MIXED,MIXED,,0.5031122846167192,ESTRECHA,STRESS,ESTRECHA
2016-09-30,EXPANSION,MIXED,,0.5456570318479909,ESTRECHA,STRESS,ESTRECHA
2016-10-07,MIXED,MIXED,,0.5410335691747405,CRISIS,ELEVATED,ESTRECHA
2016-10-14,MIXED,MIXED,,0.4807913240893017,CRISIS,ELEVATED,ESTRECHA
2016-10-21,MIXED,MIXED,,0.48192664011076053,CRISIS,NORMAL,ESTRECHA
2016-10-28,MIXED,MIXED,,0.5078669089755024,CRISIS,LOW,ESTRECHA
2016-11-04,MIXED,INFLATION SHOCK,,0.4863465457594173,CRISIS,NORMAL,ESTRECHA
2016-11-11,MIXED,INFLATION SHOCK,,0.4913118156095621,ESTRECHA,ELEVATED,ESTRECHA
2016-11-18,MIXED,INFLATION SHOCK,,0.45403262832869123,ESTRECHA,ELEVATED,ESTRECHA
2016-11-25,MIXED,MIXED,,0.5167227165284444,NEUTRAL,NORMAL,ESTRECHA
2016-12-02,MIXED,INFLATION SHOCK,,0.3665361927603027,ESTRECHA,NORMAL,ESTRECHA
2016-12-09,MIXED,MIXED,,0.5298584502491812,ESTRECHA,LOW,ESTRECHA
2016-12-16,MIXED,MIXED,,0.7193268492522542,NEUTRAL,LOW,ESTRECHA
2016-12-23,MIXED,MIXED,,0.8085193828439631,NEUTRAL,LOW,ESTRECHA
2016-12-30,MIXED,MIXED,,0.7562716529217595,ESTRECHA,LOW,ESTRECHA
2017-01-06,MIXED,MIXED,,0.6880838020998374,NEUTRAL,LOW,ESTRECHA
2017-01-13,MIXED,MIXED,,0.8082010113502889,NEUTRAL,LOW,ESTRECHA
2017-01-20,MIXED,MIXED,,0.791809109042045,ABUNDANTE,LOW,ESTRECHA
2017-01-27,MIXED,MIXED,,0.6141699386188022,NEUTRAL,LOW,ESTRECHA
2017-02-03,EXPANSION,MIXED,,0.5775527079025107,NEUTRAL,LOW,ESTRECHA
2017-02-10,EXPANSION,MIXED,,0.5495791098804306,NEUTRAL,LOW,ESTRECHA
2017-02-17,EXPANSION,MIXED,,0.6342094995070396,ESTRECHA,LOW,ESTRECHA
2017-02-24,EXPANSION,MIXED,,0.6244558237637856,NEUTRAL,LOW,ESTRECHA
2017-03-03,EXPANSION,MIXED,,0.6496167524618612,NEUTRAL,LOW,ESTRECHA
2017-03-10,EXPANSION,INFLATION SHOCK,,0.6805920593837854,NEUTRAL,LOW,ESTRECHA
2017-03-17,EXPANSION,MIXED,,0.6961865958700953,NEUTRAL,LOW,ESTRECHA
2017-03-24,EXPANSION,MIXED,,0.7267687557704419,ESTRECHA,LOW,ESTRECHA
2017-03-31,EXPANSION,MIXED,,0.7481573075113754,ESTRECHA,LOW,ESTRECHA
2017-04-07,EXPANSION,INFLATION SHOCK,,0.5159362497633352,CRISIS,LOW,ESTRECHA
2017-04-14,EXPANSION,MIXED,,0.461945193407714,ESTRECHA,LOW,ESTRECHA
2017-04-21,EXPANSION,MIXED,,0.613305972440989,CRISIS,LOW,ESTRECHA
2017-04-28,EXPANSION,MIXED,,0.7211210122702086,ABUNDANTE,NORMAL,ESTRECHA
2017-05-05,EXPANSION,MIXED,,0.6000148716075133,ABUNDANTE,NORMAL,ESTRECHA
2017-05-12,EXPANSION,MIXED,,0.5804294985655938,ABUNDANTE,NORMAL,ESTRECHA
2017-05-19,EXPANSION,MIXED,,0.5154296158361819,ABUNDANTE,STRESS,ESTRECHA
2017-05-26,EXPANSION,MIXED,,0.6997070017037523,ABUNDANTE,STRESS,ESTRECHA
2017-06-02,EXPANSION,MIXED,,0.6773250522486595,ABUNDANTE,STRESS,ESTRECHA
2017-06-09,EXPANSION,MIXED,,0.7255943994070142,NEUTRAL,STRESS,ESTRECHA
2017-06-16,EXPANSION,MIXED,,0.6102063195151555,ABUNDANTE,LOW,ESTRECHA
2017-06-23,EXPANSION,INFLATION SHOCK,,0.5034059487250301,ABUNDANTE,LOW,ESTRECHA
2017-06-30,EXPANSION,MIXED,,0.543151197750677,ESTRECHA,NORMAL,ESTRECHA
2017-07-07,EXPANSION,INFLATION SHOCK,,0.6117357911103275,ESTRECHA,NORMAL,ESTRECHA
2017-07-14,EXPANSION,MIXED,,0.5195679467112345,ABUNDANTE,NORMAL,ESTRECHA
2017-07-21,EXPANSION,MIXED,,0.5242530267734397,ABUNDANTE,NORMAL,ESTRECHA
2017-07-28,EXPANSION,MIXED,,0.5644750499387792,NEUTRAL,LOW,ESTRECHA
2017-08-04,EXPANSION,INFLATION SHOCK,,0.5016412770524716,ESTRECHA,LOW,ESTRECHA
2017-08-11,EXPANSION,INFLATION SHOCK,,0.38920539448256836,NEUTRAL,ELEVATED,ESTRECHA
2017-08-18,EXPANSION,MIXED,,0.5581283482728754,ESTRECHA,STRESS,ESTRECHA
2017-08-25,EXPANSION,MIXED,,0.5579314032019193,NEUTRAL,STRESS,ESTRECHA
2017-09-01,EXPANSION,INFLATION SHOCK,,0.4870664252318105,ESTRECHA,STRESS,ESTRECHA
2017-09-08,EXPANSION,INFLATION SHOCK,,0.33290255502859667,NEUTRAL,STRESS,ESTRECHA
2017-09-15,EXPANSION,MIXED,,0.6999514266970603,NEUTRAL,NORMAL,ESTRECHA
2017-09-22,EXPANSION,MIXED,,0.5299736883392786,NEUTRAL,NORMAL,ESTRECHA
2017-09-29,EXPANSION,MIXED,,0.3780214338271873,NEUTRAL,NORMAL,ESTRECHA
2017-10-06,EXPANSION,MIXED,,0.34790872606782736,NEUTRAL,LOW,ESTRECHA
2017-10-13,EXPANSION,MIXED,,0.44529049426341066,ABUNDANTE,LOW,ESTRECHA
2017-10-20,EXPANSION,MIXED,,0.47403420517742134,CRISIS,LOW,ESTRECHA
2017-10-27,EXPANSION,MIXED,,0.5349245785254425,ESTRECHA,LOW,ESTRECHA
2017-11-03,EXPANSION,MIXED,,0.6743628892100683,ABUNDANTE,LOW,ESTRECHA
2017-11-10,EXPANSION,MIXED,,0.5724849720559686,ESTRECHA,NORMAL,ESTRECHA
2017-11-17,EXPANSION,MIXED,,0.5511304947238487,ESTRECHA,NORMAL,ESTRECHA
2017-11-24,EXPANSION,MIXED,,0.5538385123938905,ABUNDANTE,NORMAL,ESTRECHA
2017-12-01,EXPANSION,MIXED,,0.48060647244783994,ESTRECHA,NORMAL,ESTRECHA
2017-12-08,EXPANSION,MIXED,,0.4960318890148613,ABUNDANTE,NORMAL,ESTRECHA
2017-12-15,EXPANSION,INFLATION SHOCK,,0.575738900507511,ABUNDANTE,LOW,ESTRECHA
2017-12-22,EXPANSION,MIXED,,0.6611365563907223,NEUTRAL,LOW,ESTRECHA
2017-12-29,EXPANSION,MIXED,,0.6707892671518156,NEUTRAL,LOW,ESTRECHA
2018-01-05,EXPANSION,MIXED,,0.6087765085899937,NEUTRAL,LOW,ESTRECHA
2018-01-12,EXPANSION,MIXED,,0.5872184504957552,NEUTRAL,LOW,ESTRECHA
2018-01-19,EXPANSION,MIXED,,0.47124029785674015,CRISIS,NORMAL,ESTRECHA
2018-01-26,EXPANSION,MIXED,,0.43205740581175833,CRISIS,NORMAL,ESTRECHA
2018-02-02,EXPANSION,INFLATION SHOCK,,0.34127268772182184,CRISIS,ELEVATED,ESTRECHA
2018-02-09,EXPANSION,INFLATION SHOCK,,0.48377855050261265,CRISIS,STRESS,ESTRECHA
2018-02-16,EXPANSION,INFLATION SHOCK,,0.42584512049889894,CRISIS,STRESS,ESTRECHA
2018-02-23,EXPANSION,MIXED,,0.5175614898584647,CRISIS,STRESS,ESTRECHA
2018-03-02,MIXED,INFLATION SHOCK,,0.357004862585032,CRISIS,STRESS,ESTRECHA
2018-03-09,MIXED,INFLATION SHOCK,,0.4594506363794163,CRISIS,ELEVATED,ESTRECHA
2018-03-16,MIXED,INFLATION SHOCK,,0.5679780504957508,CRISIS,ELEVATED,ESTRECHA
2018-03-23,MIXED,MIXED,,0.6022922647791125,CRISIS,STRESS,ESTRECHA
2018-03-30,MIXED,MIXED,,0.6169257912895758,ESTRECHA,ELEVATED,ESTRECHA
2018-04-06,RECOVERY,INFLATION SHOCK,,0.574557107085167,NEUTRAL,STRESS,ESTRECHA
2018-04-13,RECOVERY,INFLATION SHOCK,,0.710024206761126,ESTRECHA,STRESS,ESTRECHA
2018-04-20,RECOVERY,MIXED,,0.6326853502982979,ESTRECHA,ELEVATED,ESTRECHA
2018-04-27,RECOVERY,MIXED,,0.6224968296841172,NEUTRAL,NORMAL,ESTRECHA
2018-05-04,RECOVERY,MIXED,,0.5684071530572519,NEUTRAL,LOW,ESTRECHA
2018-05-11,RECOVERY,MIXED,,0.48350481573712006,NEUTRAL,LOW,ESTRECHA
2018-05-18,RECOVERY,MIXED,,0.5946228407834123,NEUTRAL,NORMAL,ESTRECHA
2018-05-25,RECOVERY,MIXED,,0.6391871173439345,ESTRECHA,LOW,ESTRECHA
2018-06-01,RECOVERY,MIXED,,0.7317156285209481,NEUTRAL,ELEVATED,ESTRECHA
2018-06-08,RECOVERY,MIXED,,0.6812430128724488,NEUTRAL,ELEVATED,ESTRECHA
2018-06-15,RECOVERY,MIXED,,0.6971876306845474,NEUTRAL,ELEVATED,ESTRECHA
2018-06-22,RECOVERY,MIXED,,0.5506589602438398,NEUTRAL,ELEVATED,ESTRECHA
2018-06-29,RECOVERY,MIXED,,0.6132374889687652,NEUTRAL,ELEVATED,ESTRECHA
2018-07-06,MIXED,MIXED,,0.6141451831635324,ABUNDANTE,ELEVATED,ESTRECHA
2018-07-13,MIXED,MIXED,,0.6156806247263852,NEUTRAL,ELEVATED,ESTRECHA
2018-07-20,MIXED,MIXED,,0.5179281394527845,NEUTRAL,ELEVATED,ESTRECHA
2018-07-27,MIXED,MIXED,,0.48440681232478866,NEUTRAL,LOW,ESTRECHA
2018-08-03,EXPANSION,MIXED,,0.6026896669213772,NEUTRAL,NORMAL,ESTRECHA
2018-08-10,EXPANSION,INFLATION SHOCK,,0.7002372214126155,CRISIS,NORMAL,ESTRECHA
2018-08-17,EXPANSION,MIXED,,0.5824072959816555,ABUNDANTE,NORMAL,ESTRECHA
2018-08-24,EXPANSION,MIXED,,0.6233296159852434,ABUNDANTE,NORMAL,ESTRECHA
2018-08-31,EXPANSION,MIXED,,0.6202862322642462,CRISIS,NORMAL,ESTRECHA
2018-09-07,EXPANSION,MIXED,,0.38597171396261487,CRISIS,NORMAL,ESTRECHA
2018-09-14,EXPANSION,MIXED,,0.4651784835766464,ESTRECHA,LOW,ESTRECHA
2018-09-21,EXPANSION,MIXED,,0.33031376162192577,ESTRECHA,NORMAL,ESTRECHA
2018-09-28,EXPANSION,MIXED,,0.36191899003875705,ESTRECHA,NORMAL,ESTRECHA
2018-10-05,MIXED,INFLATION SHOCK,,0.37361840933406665,CRISIS,NORMAL,ESTRECHA
2018-10-12,MIXED,INFLATION SHOCK,,0.33759329404972027,CRISIS,STRESS,ESTRECHA
2018-10-19,MIXED,INFLATION SHOCK,,0.3663644837654598,CRISIS,STRESS,ESTRECHA
2018-10-26,MIXED,MIXED,,0.42128957072604734,ESTRECHA,STRESS,ESTRECHA
2018-11-02,MIXED,INFLATION SHOCK,,0.4372756988420315,CRISIS,STRESS,ESTRECHA
2018-11-09,MIXED,INFLATION SHOCK,,0.5099733704818058,CRISIS,ELEVATED,ESTRECHA
2018-11-16,MIXED,INFLATION SHOCK,,0.5069933323292741,NEUTRAL,ELEVATED,ESTRECHA
2018-11-23,MIXED,MIXED,,0.5142943988126233,ESTRECHA,ELEVATED,ESTRECHA
2018-11-30,MIXED,MIXED,,0.6233750123991069,ESTRECHA,ELEVATED,ESTRECHA
2018-12-07,MIXED,MIXED,,0.44472563036962776,NEUTRAL,ELEVATED,ESTRECHA
2018-12-14,MIXED,MIXED,,0.6830411972432063,ESTRECHA,ELEVATED,ESTRECHA
2018-12-21,MIXED,MIXED,,0.47117560448670814,ESTRECHA,ELEVATED,ESTRECHA
2018-12-28,MIXED,MIXED,,0.5462682594530586,NEUTRAL,ELEVATED,ESTRECHA
2019-01-04,MIXED,MIXED,,0.6487851175106579,ABUNDANTE,ELEVATED,ESTRECHA
2019-01-11,MIXED,MIXED,,0.6893608832422007,NEUTRAL,ELEVATED,ESTRECHA
2019-01-18,MIXED,MIXED,,0.6684510817592912,NEUTRAL,ELEVATED,ESTRECHA
2019-01-25,MIXED,MIXED,,0.6386579327740061,ABUNDANTE,NORMAL,ESTRECHA
2019-02-01,MIXED,MIXED,,0.5918553764524352,ABUNDANTE,NORMAL,ESTRECHA
2019-02-08,MIXED,MIXED,,0.49347100007894423,ABUNDANTE,NORMAL,ESTRECHA
2019-02-15,MIXED,MIXED,,0.5758492143637235,ABUNDANTE,NORMAL,ESTRECHA
2019-02-22,MIXED,MIXED,,0.6045815199443209,ABUNDANTE,LOW,ESTRECHA
2019-03-01,MIXED,MIXED,,0.5597062643953388,ESTRECHA,LOW,ESTRECHA
2019-03-08,MIXED,MIXED,,0.692648649365667,ABUNDANTE,NORMAL,ESTRECHA
2019-03-15,MIXED,MIXED,,0.671938057505114,ABUNDANTE,NORMAL,ESTRECHA
2019-03-22,MIXED,MIXED,,0.49073678219703276,NEUTRAL,NORMAL,ESTRECHA
2019-03-29,MIXED,MIXED,,0.3954646852291614,ABUNDANTE,NORMAL,ESTRECHA
2019-04-05,RECOVERY,MIXED,,0.46458642188338084,NEUTRAL,NORMAL,ESTRECHA
2019-04-12,RECOVERY,MIXED,,0.5110406693569455,ABUNDANTE,NORMAL,ESTRECHA
2019-04-19,RECOVERY,MIXED,,0.534688653452854,NEUTRAL,LOW,ESTRECHA
2019-04-26,RECOVERY,MIXED,,0.7061703703402475,ABUNDANTE,LOW,ESTRECHA
2019-05-03,MIXED,INFLATION SHOCK,,0.6999910577507853,ABUNDANTE,NORMAL,ESTRECHA
2019-05-10,MIXED,INFLATION SHOCK,,0.630764433892888,NEUTRAL,ELEVATED,ESTRECHA
2019-05-17,MIXED,INFLATION SHOCK,,0.5258182956478118,ESTRECHA,STRESS,ESTRECHA
2019-05-24,MIXED,MIXED,,0.42983021018296663,NEUTRAL,STRESS,ESTRECHA
2019-05-31,MIXED,MIXED,,0.4631849019797033,NEUTRAL,STRESS,ESTRECHA
2019-06-07,MIXED,INFLATION SHOCK,,0.5147182413967285,ABUNDANTE,ELEVATED,ESTRECHA
2019-06-14,MIXED,INFLATION SHOCK,,0.5551079278279963,NEUTRAL,NORMAL,ESTRECHA
2019-06-21,MIXED,MIXED,,0.6725830230873051,ABUNDANTE,LOW,ESTRECHA
2019-06-28,MIXED,MIXED,,0.6831922318341784,ABUNDANTE,LOW,ESTRECHA
2019-07-05,MIXED,MIXED,,0.5736107910207201,NEUTRAL,LOW,ESTRECHA
2019-07-12,MIXED,INFLATION SHOCK,,0.6117912755648495,ABUNDANTE,LOW,ESTRECHA
2019-07-19,MIXED,INFLATION SHOCK,,0.700494782017815,NEUTRAL,LOW,ESTRECHA
2019-07-26,MIXED,MIXED,,0.5436449924920854,ABUNDANTE,NORMAL,ESTRECHA
2019-08-02,MIXED,INFLATION SHOCK,,0.5373172897019894,NEUTRAL,NORMAL,ESTRECHA
2019-08-09,MIXED,INFLATION SHOCK,,0.4977005938199688,NEUTRAL,STRESS,ESTRECHA
2019-08-16,MIXED,MIXED,,0.4214941061692179,ESTRECHA,STRESS,ESTRECHA
2019-08-23,MIXED,MIXED,,0.5038986807207358,NEUTRAL,STRESS,ESTRECHA
2019-08-30,MIXED,MIXED,,0.5829836703859477,CRISIS,STRESS,ESTRECHA
2019-09-06,MIXED,MIXED,,0.676426625549374,ABUNDANTE,STRESS,ESTRECHA
2019-09-13,MIXED,MIXED,,0.6027956632089513,NEUTRAL,NORMAL,ESTRECHA
2019-09-20,MIXED,MIXED,,0.5971497626021339,ESTRECHA,NORMAL,ESTRECHA
2019-09-27,MIXED,MIXED,,0.5457299025768414,ESTRECHA,NORMAL,ESTRECHA
2019-10-04,MIXED,INFLATION SHOCK,,0.6100412166810711,NEUTRAL,NORMAL,ESTRECHA
2019-10-11,MIXED,INFLATION SHOCK,,0.6317443240422509,ABUNDANTE,ELEVATED,ESTRECHA
2019-10-18,MIXED,MIXED,,0.5240940792529484,ABUNDANTE,ELEVATED,ESTRECHA
2019-10-25,MIXED,MIXED,,0.5198036303469247,NEUTRAL,NORMAL,ESTRECHA
2019-11-01,MIXED,MIXED,,0.6266821212274075,ABUNDANTE,NORMAL,ESTRECHA
2019-11-08,MIXED,MIXED,,0.5894107639387147,ESTRECHA,LOW,ESTRECHA
2019-11-15,MIXED,MIXED,,0.5739673104922244,ABUNDANTE,LOW,ESTRECHA
2019-11-22,MIXED,MIXED,,0.6483314678282872,NEUTRAL,LOW,ESTRECHA
2019-11-29,MIXED,MIXED,,0.501357766831932,ABUNDANTE,LOW,ESTRECHA
2019-12-06,EXPANSION,MIXED,,0.6682167677364579,ESTRECHA,NORMAL,ESTRECHA
2019-12-13,EXPANSION,MIXED,,0.7524769134758696,NEUTRAL,NORMAL,ESTRECHA
2019-12-20,EXPANSION,MIXED,,0.6146408417360076,CRISIS,NORMAL,ESTRECHA
2019-12-27,EXPANSION,MIXED,,0.6782997089371737,NEUTRAL,NORMAL,ESTRECHA
2020-01-03,EXPANSION,MIXED,,0.5200644496034997,ESTRECHA,NORMAL,ESTRECHA
2020-01-10,EXPANSION,MIXED,,0.5492062721288953,NEUTRAL,LOW,ESTRECHA
2020-01-17,EXPANSION,MIXED,,0.5731632449099369,ESTRECHA,LOW,ESTRECHA
2020-01-24,EXPANSION,MIXED,,0.5590658229177324,ESTRECHA,NORMAL,ESTRECHA
2020-01-31,EXPANSION,MIXED,,0.5584268082539947,NEUTRAL,ELEVATED,ESTRECHA
2020-02-07,MIXED,MIXED,,0.6716746812098626,CRISIS,ELEVATED,ESTRECHA
2020-02-14,MIXED,MIXED,,0.698395286311053,NEUTRAL,ELEVATED,ESTRECHA
2020-02-21,MIXED,MIXED,,0.6998874708643156,NEUTRAL,ELEVATED,ESTRECHA
2020-02-28,MIXED,MIXED,,0.4792533468602638,NEUTRAL,STRESS,ESTRECHA
2020-03-06,MIXED,MIXED,,0.2740963982950232,NEUTRAL,STRESS,ESTRECHA
2020-03-13,MIXED,MIXED,,0.5288802891642198,CRISIS,STRESS,ESTRECHA
2020-03-20,MIXED,MIXED,,0.3584270927128781,ESTRECHA,STRESS,ESTRECHA
2020-03-27,MIXED,MIXED,,0.4557741555895309,NEUTRAL,STRESS,ESTRECHA
2020-04-03,LIQUIDITY CRISIS,MIXED,,0.5125169115487844,ESTRECHA,STRESS,ESTRECHA
2020-04-10,LIQUIDITY CRISIS,MIXED,,0.5625386061537225,NEUTRAL,STRESS,ESTRECHA
2020-04-17,LIQUIDITY CRISIS,MIXED,,0.5246904767686408,ABUNDANTE,NORMAL,ESTRECHA
2020-04-24,LIQUIDITY CRISIS,MIXED,,0.7077903313829448,ABUNDANTE,NORMAL,ESTRECHA
2020-05-01,MIXED,MIXED,,0.7512422153578925,NEUTRAL,NORMAL,ESTRECHA
2020-05-08,MIXED,MIXED,,0.8474684832695868,NEUTRAL,NORMAL,ESTRECHA
2020-05-15,MIXED,MIXED,,0.8144174961846998,NEUTRAL,ELEVATED,ESTRECHA
2020-05-22,MIXED,MIXED,,0.7995083901377391,NEUTRAL,NORMAL,ESTRECHA
2020-05-29,MIXED,MIXED,,0.7769391380619799,NEUTRAL,NORMAL,ESTRECHA
2020-06-05,MIXED,MIXED,,0.5717411230043505,ESTRECHA,NORMAL,ESTRECHA
2020-06-12,MIXED,MIXED,,0.5236413359324648,ESTRECHA,STRESS,ESTRECHA
2020-06-19,MIXED,MIXED,,0.5920099157845289,ESTRECHA,STRESS,ESTRECHA
2020-06-26,MIXED,MIXED,,0.5257844763780595,NEUTRAL,STRESS,ESTRECHA
2020-07-03,MIXED,MIXED,,0.5352571693776516,ABUNDANTE,STRESS,ESTRECHA
2020-07-10,MIXED,MIXED,,0.7160110531039308,ABUNDANTE,LOW,ESTRECHA
2020-07-17,MIXED,MIXED,,0.6639276799919323,ABUNDANTE,NORMAL,ESTRECHA
2020-07-24,MIXED,MIXED,,0.7011740103876195,ABUNDANTE,NORMAL,ESTRECHA
2020-07-31,MIXED,MIXED,,0.6690657099739501,NEUTRAL,NORMAL,ESTRECHA
2020-08-07,MIXED,MIXED,,0.6950693838658628,NEUTRAL,NORMAL,ESTRECHA
2020-08-14,MIXED,MIXED,,0.6429743211993877,NEUTRAL,LOW,ESTRECHA
2020-08-21,MIXED,MIXED,,0.6635040584722592,ESTRECHA,LOW,ESTRECHA
2020-08-28,MIXED,MIXED,,0.6502854621051222,NEUTRAL,LOW,ESTRECHA
2020-09-04,MIXED,INFLATION SHOCK,,0.5134346907879527,CRISIS,NORMAL,ESTRECHA
2020-09-11,MIXED,INFLATION SHOCK,,0.5407297695723955,CRISIS,NORMAL,ESTRECHA
2020-09-18,MIXED,INFLATION SHOCK,,0.6237301461207666,ESTRECHA,NORMAL,ESTRECHA
2020-09-25,MIXED,MIXED,,0.5852155326277544,ESTRECHA,NORMAL,ESTRECHA
2020-10-02,MIXED,MIXED,,0.655952482674579,CRISIS,LOW,ESTRECHA
2020-10-09,MIXED,MIXED,,0.6151114001125544,NEUTRAL,LOW,ESTRECHA
2020-10-16,MIXED,MIXED,,0.5747404201753952,ESTRECHA,LOW,ESTRECHA
2020-10-23,MIXED,MIXED,,0.46993214401652816,ESTRECHA,LOW,ESTRECHA
2020-10-30,MIXED,MIXED,,0.45451902156157553,CRISIS,NORMAL,ESTRECHA
2020-11-06,MIXED,MIXED,,0.5421987989957964,ABUNDANTE,NORMAL,ESTRECHA
2020-11-13,MIXED,MIXED,,0.4872297843275788,ABUNDANTE,ELEVATED,ESTRECHA
2020-11-20,MIXED,MIXED,,0.5601383918768684,NEUTRAL,ELEVATED,ESTRECHA
2020-11-27,MIXED,MIXED,,0.5768216575409477,ABUNDANTE,LOW,ESTRECHA
2020-12-04,EXPANSION,MIXED,,0.5168076706579134,NEUTRAL,LOW,ESTRECHA
2020-12-11,EXPANSION,MIXED,,0.6596859375025281,ESTRECHA,LOW,ESTRECHA
2020-12-18,EXPANSION,MIXED,,0.611261780744157,ESTRECHA,LOW,ESTRECHA
2020-12-25,EXPANSION,MIXED,,0.6863858682406814,ESTRECHA,LOW,ESTRECHA
2021-01-01,EXPANSION,MIXED,,0.6016895655354295,ESTRECHA,LOW,ESTRECHA
2021-01-08,EXPANSION,MIXED,,0.5217649787536001,CRISIS,NORMAL,ESTRECHA
2021-01-15,EXPANSION,MIXED,,0.5310990844410118,CRISIS,NORMAL,ESTRECHA
2021-01-22,EXPANSION,MIXED,,0.525142048627287,CRISIS,NORMAL,ESTRECHA
2021-01-29,EXPANSION,MIXED,,0.5430788599507951,CRISIS,STRESS,ESTRECHA
2021-02-05,EXPANSION,MIXED,,0.6036628088469088,NEUTRAL,STRESS,ESTRECHA
2021-02-12,EXPANSION,MIXED,,0.679913623636018,ESTRECHA,STRESS,ESTRECHA
2021-02-19,EXPANSION,MIXED,,0.6597484195313639,ESTRECHA,STRESS,ESTRECHA
2021-02-26,EXPANSION,MIXED,,0.6892829725779953,CRISIS,ELEVATED,ESTRECHA
2021-03-05,EXPANSION,INFLATION SHOCK,,0.4680895958474574,CRISIS,ELEVATED,ESTRECHA
2021-03-12,EXPANSION,INFLATION SHOCK,,0.47295463573034235,ESTRECHA,ELEVATED,ESTRECHA
2021-03-19,EXPANSION,INFLATION SHOCK,,0.5803300830766865,NEUTRAL,ELEVATED,ESTRECHA
2021-03-26,EXPANSION,MIXED,,0.5349716674813499,NEUTRAL,NORMAL,ESTRECHA
2021-04-02,EXPANSION,INFLATION SHOCK,,0.4827788707782791,ABUNDANTE,NORMAL,ESTRECHA
2021-04-09,EXPANSION,MIXED,,0.5479229923707217,NEUTRAL,NORMAL,ESTRECHA
2021-04-16,EXPANSION,MIXED,,0.5870005292102279,ABUNDANTE,LOW,ESTRECHA
2021-04-23,EXPANSION,MIXED,,0.5472378379123394,ABUNDANTE,LOW,ESTRECHA
2021-04-30,EXPANSION,MIXED,,0.6061302295605716,ESTRECHA,LOW,ESTRECHA
2021-05-07,EXPANSION,MIXED,,0.6466962206778066,ABUNDANTE,LOW,ESTRECHA
2021-05-14,EXPANSION,MIXED,,0.6834080131954998,NEUTRAL,ELEVATED,ESTRECHA
2021-05-21,EXPANSION,MIXED,,0.7694067550314173,ESTRECHA,ELEVATED,ESTRECHA
2021-05-28,EXPANSION,MIXED,,0.7162602009964895,ABUNDANTE,ELEVATED,ESTRECHA
2021-06-04,EXPANSION,MIXED,,0.5821201256600702,ABUNDANTE,ELEVATED,ESTRECHA
2021-06-11,EXPANSION,MIXED,,0.575931094070965,ABUNDANTE,LOW,ESTRECHA
2021-06-18,EXPANSION,MIXED,,0.5474862874248995,ESTRECHA,NORMAL,ESTRECHA
2021-06-25,EXPANSION,MIXED,,0.5286730578032727,ABUNDANTE,NORMAL,ESTRECHA
2021-07-02,EXPANSION,MIXED,,0.580942721377273,ABUNDANTE,NORMAL,ESTRECHA
2021-07-09,EXPANSION,MIXED,,0.6175197553311431,ABUNDANTE,NORMAL,ESTRECHA
2021-07-16,EXPANSION,MIXED,,0.6646887853271737,NEUTRAL,NORMAL,ESTRECHA
2021-07-23,EXPANSION,MIXED,,0.6207208984564403,NEUTRAL,ELEVATED,ESTRECHA
2021-07-30,EXPANSION,MIXED,,0.6122000343604933,ESTRECHA,ELEVATED,ESTRECHA
2021-08-06,EXPANSION,MIXED,,0.49336752566698616,NEUTRAL,NORMAL,ESTRECHA
2021-08-13,EXPANSION,MIXED,,0.392841824331493,ABUNDANTE,NORMAL,ESTRECHA
2021-08-20,EXPANSION,INFLATION SHOCK,,0.6104800471885659,ESTRECHA,NORMAL,ESTRECHA
2021-08-27,EXPANSION,MIXED,,0.5689823071011394,ABUNDANTE,NORMAL,ESTRECHA
2021-09-03,EXPANSION,MIXED,,0.5472571817240551,NEUTRAL,NORMAL,ESTRECHA
2021-09-10,EXPANSION,MIXED,,0.6681127281197646,CRISIS,NORMAL,ESTRECHA
2021-09-17,EXPANSION,MIXED,,0.6408724741429487,CRISIS,NORMAL,ESTRECHA
2021-09-24,EXPANSION,MIXED,,0.6460825983705896,ESTRECHA,ELEVATED,ESTRECHA
2021-10-01,EXPANSION,INFLATION SHOCK,,0.3564286926295617,CRISIS,ELEVATED,ESTRECHA
2021-10-08,EXPANSION,INFLATION SHOCK,,0.4239791907197602,CRISIS,ELEVATED,ESTRECHA
2021-10-15,EXPANSION,MIXED,,0.5491115112571762,NEUTRAL,ELEVATED,ESTRECHA
2021-10-22,EXPANSION,MIXED,,0.5939676626344222,NEUTRAL,NORMAL,ESTRECHA
2021-10-29,EXPANSION,MIXED,,0.6285841790900023,ESTRECHA,LOW,ESTRECHA
2021-11-05,EXPANSION,MIXED,,0.514341246747048,ABUNDANTE,LOW,ESTRECHA
2021-11-12,EXPANSION,MIXED,,0.4927911444500156,NEUTRAL,LOW,ESTRECHA
2021-11-19,EXPANSION,MIXED,,0.5686215158212049,ESTRECHA,LOW,ESTRECHA
2021-11-26,EXPANSION,MIXED,,0.5519500048035547,NEUTRAL,STRESS,ESTRECHA
2021-12-03,EXPANSION,MIXED,,0.6588490537772574,ESTRECHA,STRESS,ESTRECHA
2021-12-10,EXPANSION,MIXED,,0.7532640934774916,NEUTRAL,STRESS,ESTRECHA
2021-12-17,EXPANSION,MIXED,,0.6504607307395001,CRISIS,STRESS,ESTRECHA
2021-12-24,EXPANSION,MIXED,,0.7899148191692765,ESTRECHA,STRESS,ESTRECHA
2021-12-31,EXPANSION,MIXED,,0.7219028441621064,NEUTRAL,NORMAL,ESTRECHA
2022-01-07,EXPANSION,INFLATION SHOCK,,0.5743232973426526,ESTRECHA,NORMAL,ESTRECHA
2022-01-14,EXPANSION,INFLATION SHOCK,,0.47333237591337035,CRISIS,NORMAL,ESTRECHA
2022-01-21,EXPANSION,INFLATION SHOCK,,0.5514626414630343,CRISIS,NORMAL,ESTRECHA
2022-01-28,EXPANSION,MIXED,,0.6788815566875577,CRISIS,NORMAL,ESTRECHA
2022-02-04,MIXED,INFLATION SHOCK,,0.5419496738306026,CRISIS,NORMAL,ESTRECHA
2022-02-11,MIXED,INFLATION SHOCK,,0.6230849560986684,CRISIS,ELEVATED,ESTRECHA
2022-02-18,MIXED,MIXED,,0.552627808146335,CRISIS,ELEVATED,ESTRECHA
2022-02-25,MIXED,MIXED,,0.558980579651368,CRISIS,ELEVATED,ESTRECHA
2022-03-04,RECOVERY,INFLATION SHOCK,,0.28217628614633894,CRISIS,NORMAL,ESTRECHA
2022-03-11,RECOVERY,INFLATION SHOCK,,0.39360842453807515,CRISIS,NORMAL,ESTRECHA
2022-03-18,RECOVERY,MIXED,,0.5113924970597412,ESTRECHA,NORMAL,ESTRECHA
2022-03-25,RECOVERY,MIXED,,0.4868541236096881,NEUTRAL,NORMAL,ESTRECHA
2022-04-01,MIXED,MIXED,,0.6106159468930565,ESTRECHA,LOW,ESTRECHA
2022-04-08,MIXED,MIXED,,0.661980166058044,NEUTRAL,LOW,ESTRECHA
2022-04-15,MIXED,MIXED,,0.5959008999446904,ESTRECHA,NORMAL,ESTRECHA
2022-04-22,MIXED,MIXED,,0.6047821763026543,CRISIS,NORMAL,ESTRECHA
2022-04-29,MIXED,MIXED,,0.6845824440695851,CRISIS,ELEVATED,ESTRECHA
2022-05-06,STAGFLATION,INFLATION SHOCK,,0.6677908614604671,CRISIS,STRESS,ESTRECHA
2022-05-13,STAGFLATION,MIXED,,0.6432013537784923,ESTRECHA,STRESS,ESTRECHA
2022-05-20,STAGFLATION,MIXED,,0.7331421775588423,ESTRECHA,ELEVATED,ESTRECHA
2022-05-27,STAGFLATION,MIXED,,0.4881653396101966,NEUTRAL,ELEVATED,ESTRECHA
2022-06-03,MIXED,MIXED,,0.37889150049631243,ESTRECHA,NORMAL,ESTRECHA
2022-06-10,MIXED,MIXED,,0.5286516737252273,CRISIS,LOW,ESTRECHA
2022-06-17,MIXED,INFLATION SHOCK,,0.6017917824121093,CRISIS,NORMAL,ESTRECHA
2022-06-24,MIXED,MIXED,,0.6075474323512127,ABUNDANTE,NORMAL,ESTRECHA
2022-07-01,MIXED,MIXED,,0.5105957301169286,ABUNDANTE,NORMAL,ESTRECHA
2022-07-08,MIXED,MIXED,,0.6340774644544922,ABUNDANTE,NORMAL,ESTRECHA
2022-07-15,MIXED,MIXED,,0.5976259981107002,ABUNDANTE,LOW,ESTRECHA
2022-07-22,MIXED,MIXED,,0.5731383775432584,ABUNDANTE,LOW,ESTRECHA
2022-07-29,MIXED,MIXED,,0.6448503844534961,ABUNDANTE,LOW,ESTRECHA
2022-08-05,MIXED,MIXED,,0.6606693872538253,ESTRECHA,LOW,ESTRECHA
2022-08-12,MIXED,MIXED,,0.6845698993792089,NEUTRAL,LOW,ESTRECHA
2022-08-19,MIXED,MIXED,,0.6286410386793199,ESTRECHA,LOW,ESTRECHA
2022-08-26,MIXED,MIXED,,0.7694451415141428,ESTRECHA,NORMAL,ESTRECHA
2022-09-02,MIXED,INFLATION SHOCK,,0.758456961078095,ESTRECHA,NORMAL,ESTRECHA
2022-09-09,MIXED,MIXED,,0.4640593765779345,NEUTRAL,NORMAL,ESTRECHA
2022-09-16,MIXED,MIXED,,0.4724224740644544,CRISIS,NORMAL,ESTRECHA
2022-09-23,MIXED,MIXED,,0.7473477396056656,CRISIS,LOW,ESTRECHA
2022-09-30,INFLATION SHOCK,MIXED,,0.6357602621012663,CRISIS,LOW,ESTRECHA
2022-10-07,MIXED,INFLATION SHOCK,,0.4764893956240218,CRISIS,LOW,ESTRECHA
2022-10-14,MIXED,INFLATION SHOCK,,0.5412754994336295,CRISIS,LOW,ESTRECHA
2022-10-21,MIXED,MIXED,,0.5660553375100817,CRISIS,LOW,ESTRECHA
2022-10-28,MIXED,MIXED,,0.4840243993485784,ESTRECHA,LOW,ESTRECHA
2022-11-04,SLOWDOWN,MIXED,,0.5170223410999674,NEUTRAL,LOW,ESTRECHA
2022-11-11,SLOWDOWN,MIXED,,0.5588104586967659,ABUNDANTE,LOW,ESTRECHA
2022-11-18,SLOWDOWN,MIXED,,0.6194137193039102,NEUTRAL,LOW,ESTRECHA
2022-11-25,SLOWDOWN,MIXED,,0.6222661557207838,ABUNDANTE,LOW,ESTRECHA
2022-12-02,MIXED,MIXED,,0.590301429813945,ABUNDANTE,LOW,ESTRECHA
2022-12-09,MIXED,MIXED,,0.644203468761446,ABUNDANTE,LOW,ESTRECHA
2022-12-16,MIXED,MIXED,,0.6616332782824915,ABUNDANTE,LOW,ESTRECHA
2022-12-23,MIXED,MIXED,,0.614189378432166,ABUNDANTE,NORMAL,ESTRECHA
2022-12-30,MIXED,MIXED,,0.7148357901270975,NEUTRAL,LOW,ESTRECHA
2023-01-06,MIXED,MIXED,,0.6466560908887973,ABUNDANTE,LOW,ESTRECHA
2023-01-13,MIXED,MIXED,,0.7891101769525865,ABUNDANTE,LOW,ESTRECHA
2023-01-20,MIXED,MIXED,,0.7782195511081228,ABUNDANTE,LOW,ESTRECHA
2023-01-27,MIXED,MIXED,,0.760745860319455,ABUNDANTE,LOW,ESTRECHA
2023-02-03,SLOWDOWN,MIXED,,0.6768746037222915,NEUTRAL,LOW,ESTRECHA
2023-02-10,SLOWDOWN,MIXED,,0.6123665365946898,ESTRECHA,LOW,ESTRECHA
2023-02-17,SLOWDOWN,MIXED,,0.5711221301192778,ESTRECHA,LOW,ESTRECHA
2023-02-24,SLOWDOWN,MIXED,,0.517330038990588,CRISIS,NORMAL,ESTRECHA
2023-03-03,SLOWDOWN,INFLATION SHOCK,,0.5344405536183359,NEUTRAL,NORMAL,ESTRECHA
2023-03-10,SLOWDOWN,INFLATION SHOCK,,0.534675962081364,ESTRECHA,NORMAL,ESTRECHA
2023-03-17,SLOWDOWN,MIXED,,0.5130106530571011,NEUTRAL,NORMAL,ESTRECHA
2023-03-24,SLOWDOWN,MIXED,,0.5028779091621065,ESTRECHA,NORMAL,ESTRECHA
2023-03-31,SLOWDOWN,MIXED,,0.7223525682579482,NEUTRAL,NORMAL,ESTRECHA
2023-04-07,MIXED,INFLATION SHOCK,,0.6033311112379955,ABUNDANTE,NORMAL,ESTRECHA
2023-04-14,MIXED,INFLATION SHOCK,,0.6628611427949258,NEUTRAL,LOW,ESTRECHA
2023-04-21,MIXED,INFLATION SHOCK,,0.6555677146345299,ABUNDANTE,LOW,ESTRECHA
2023-04-28,MIXED,MIXED,,0.6497551274775413,ABUNDANTE,LOW,ESTRECHA
2023-05-05,STAGFLATION,MIXED,,0.6719673173642154,NEUTRAL,NORMAL,ESTRECHA
2023-05-12,STAGFLATION,MIXED,,0.6952736635262262,NEUTRAL,NORMAL,ESTRECHA
2023-05-19,STAGFLATION,MIXED,,0.6636329306889901,NEUTRAL,NORMAL,ESTRECHA
2023-05-26,STAGFLATION,MIXED,,0.4710039772447268,ESTRECHA,NORMAL,ESTRECHA
2023-06-02,MIXED,MIXED,,0.406005004368029,ESTRECHA,NORMAL,ESTRECHA
2023-06-09,MIXED,MIXED,,0.3548227196230646,ESTRECHA,LOW,ESTRECHA
2023-06-16,MIXED,MIXED,,0.5278421902956586,NEUTRAL,NORMAL,ESTRECHA
2023-06-23,MIXED,MIXED,,0.7185647139583956,NEUTRAL,LOW,ESTRECHA
2023-06-30,EXPANSION,MIXED,,0.7427849962039814,NEUTRAL,LOW,ESTRECHA
2023-07-07,MIXED,MIXED,,0.6637701379688931,NEUTRAL,LOW,ESTRECHA
2023-07-14,MIXED,MIXED,,0.6757640333721993,ESTRECHA,LOW,ESTRECHA
2023-07-21,MIXED,MIXED,,0.6726224352110578,ESTRECHA,LOW,ESTRECHA
2023-07-28,MIXED,MIXED,,0.6809079066101007,NEUTRAL,LOW,ESTRECHA
2023-08-04,MIXED,MIXED,,0.652558183174688,CRISIS,NORMAL,ESTRECHA
2023-08-11,MIXED,INFLATION SHOCK,,0.3910212839064946,CRISIS,NORMAL,ESTRECHA
2023-08-18,MIXED,MIXED,,0.47002534186867656,CRISIS,NORMAL,ESTRECHA
2023-08-25,MIXED,MIXED,,0.4780870771325753,CRISIS,NORMAL,ESTRECHA
2023-09-01,EXPANSION,INFLATION SHOCK,,0.5441327210641153,CRISIS,LOW,ESTRECHA
2023-09-08,EXPANSION,INFLATION SHOCK,,0.5320176962959782,ESTRECHA,LOW,ESTRECHA
2023-09-15,EXPANSION,INFLATION SHOCK,,0.5505461941857183,ESTRECHA,LOW,ESTRECHA
2023-09-22,EXPANSION,MIXED,,0.5587752620542499,CRISIS,NORMAL,ESTRECHA
2023-09-29,EXPANSION,MIXED,,0.6774767094137634,CRISIS,NORMAL,ESTRECHA
2023-10-06,MIXED,INFLATION SHOCK,,0.6019167382458611,CRISIS,NORMAL,ESTRECHA
2023-10-13,MIXED,INFLATION SHOCK,,0.6552275237374128,CRISIS,NORMAL,ESTRECHA
2023-10-20,MIXED,MIXED,,0.5970485743525378,CRISIS,NORMAL,ESTRECHA
2023-10-27,MIXED,MIXED,,0.5430543010360753,CRISIS,NORMAL,ESTRECHA
2023-11-03,RECOVERY,INFLATION SHOCK,,0.7639403100209481,NEUTRAL,NORMAL,ESTRECHA
2023-11-10,RECOVERY,MIXED,,0.8564169504026318,NEUTRAL,NORMAL,ESTRECHA
2023-11-17,RECOVERY,MIXED,,0.7853687527186456,ABUNDANTE,LOW,ESTRECHA
2023-11-24,RECOVERY,MIXED,,0.7261212792502196,ABUNDANTE,LOW,ESTRECHA
2023-12-01,MIXED,MIXED,,0.670432327318373,ABUNDANTE,LOW,ESTRECHA
2023-12-08,MIXED,MIXED,,0.6176707291128383,ABUNDANTE,LOW,ESTRECHA
2023-12-15,MIXED,MIXED,,0.5212250806636184,ABUNDANTE,LOW,ESTRECHA
2023-12-22,MIXED,MIXED,,0.5929990893158454,ABUNDANTE,LOW,ESTRECHA
2023-12-29,MIXED,MIXED,,0.6845086427714664,ABUNDANTE,LOW,ESTRECHA
2024-01-05,EXPANSION,MIXED,,0.5946166648087868,NEUTRAL,LOW,ESTRECHA
2024-01-12,EXPANSION,MIXED,,0.5779095681559249,NEUTRAL,LOW,ESTRECHA
2024-01-19,EXPANSION,MIXED,,0.4845909245649105,NEUTRAL,LOW,ESTRECHA
2024-01-26,EXPANSION,MIXED,,0.4965987880490053,ESTRECHA,LOW,ESTRECHA
2024-02-02,EXPANSION,MIXED,,0.5665874116293602,CRISIS,LOW,ESTRECHA
2024-02-09,EXPANSION,MIXED,,0.6055105250212748,ESTRECHA,LOW,ESTRECHA
2024-02-16,EXPANSION,MIXED,,0.6475715950678739,CRISIS,NORMAL,ESTRECHA
2024-02-23,EXPANSION,MIXED,,0.7706487961254198,CRISIS,NORMAL,ESTRECHA
2024-03-01,EXPANSION,MIXED,,0.8536520228742696,NEUTRAL,NORMAL,ESTRECHA
2024-03-08,EXPANSION,INFLATION SHOCK,,0.5966606118613098,CRISIS,NORMAL,ESTRECHA
2024-03-15,EXPANSION,INFLATION SHOCK,,0.5558746116331779,CRISIS,LOW,ESTRECHA
2024-03-22,EXPANSION,MIXED,,0.6446671144462537,ESTRECHA,LOW,ESTRECHA
2024-03-29,EXPANSION,MIXED,,0.62204783707109,NEUTRAL,LOW,ESTRECHA
2024-04-05,EXPANSION,INFLATION SHOCK,,0.4087775203852156,CRISIS,NORMAL,ESTRECHA
2024-04-12,EXPANSION,MIXED,,0.44652089971936937,CRISIS,NORMAL,ESTRECHA
2024-04-19,EXPANSION,MIXED,,0.4412550300470991,CRISIS,NORMAL,ESTRECHA
2024-04-26,EXPANSION,MIXED,,0.42277659277162843,CRISIS,ELEVATED,ESTRECHA
2024-05-03,EXPANSION,INFLATION SHOCK,,0.44985018505576213,NEUTRAL,NORMAL,ESTRECHA
2024-05-10,EXPANSION,INFLATION SHOCK,,0.5350896392983611,NEUTRAL,NORMAL,ESTRECHA
2024-05-17,EXPANSION,INFLATION SHOCK,,0.5956654902254822,ABUNDANTE,LOW,ESTRECHA
2024-05-24,EXPANSION,MIXED,,0.527774979447654,ABUNDANTE,LOW,ESTRECHA
2024-05-31,EXPANSION,MIXED,,0.6326064824758084,NEUTRAL,NORMAL,ESTRECHA
2024-06-07,EXPANSION,INFLATION SHOCK,,0.5631341299334768,NEUTRAL,NORMAL,ESTRECHA
2024-06-14,EXPANSION,INFLATION SHOCK,,0.4787387608200893,NEUTRAL,NORMAL,ESTRECHA
2024-06-21,EXPANSION,MIXED,,0.5817816560568776,NEUTRAL,NORMAL,ESTRECHA
2024-06-28,EXPANSION,MIXED,,0.6714015742046813,NEUTRAL,LOW,ESTRECHA
2024-07-05,EXPANSION,MIXED,,0.6387760396951029,ABUNDANTE,LOW,ESTRECHA
2024-07-12,EXPANSION,MIXED,,0.5011765943144677,ABUNDANTE,LOW,ESTRECHA
2024-07-19,EXPANSION,MIXED,,0.5210144336080523,CRISIS,LOW,ESTRECHA
2024-07-26,EXPANSION,MIXED,,0.5965520073219069,CRISIS,ELEVATED,ESTRECHA
2024-08-02,EXPANSION,INFLATION SHOCK,,0.4026436243184295,NEUTRAL,STRESS,ESTRECHA
2024-08-09,EXPANSION,MIXED,,0.5561666241597047,ESTRECHA,STRESS,ESTRECHA
2024-08-16,EXPANSION,MIXED,,0.43363479092024865,NEUTRAL,STRESS,ESTRECHA
2024-08-23,EXPANSION,MIXED,,0.4947620914484325,NEUTRAL,STRESS,ESTRECHA
2024-08-30,EXPANSION,MIXED,,0.6101716857125868,ESTRECHA,STRESS,ESTRECHA
2024-09-06,EXPANSION,INFLATION SHOCK,,0.3788163468704246,ESTRECHA,STRESS,ESTRECHA
2024-09-13,EXPANSION,INFLATION SHOCK,,0.5256126187136085,ABUNDANTE,STRESS,ESTRECHA
2024-09-20,EXPANSION,INFLATION SHOCK,,0.6076609273848054,NEUTRAL,STRESS,ESTRECHA
2024-09-27,EXPANSION,MIXED,,0.6780578343299136,ESTRECHA,STRESS,ESTRECHA
2024-10-04,EXPANSION,INFLATION SHOCK,,0.4668898496974552,CRISIS,NORMAL,ESTRECHA
2024-10-11,EXPANSION,INFLATION SHOCK,,0.40681114377664557,CRISIS,ELEVATED,ESTRECHA
2024-10-18,EXPANSION,MIXED,,0.4336599644472155,ESTRECHA,ELEVATED,ESTRECHA
2024-10-25,EXPANSION,MIXED,,0.404736630009455,CRISIS,NORMAL,ESTRECHA
2024-11-01,EXPANSION,MIXED,,0.2973574947277115,CRISIS,NORMAL,ESTRECHA
2024-11-08,EXPANSION,MIXED,,0.5020400724953938,ESTRECHA,ELEVATED,ESTRECHA
2024-11-15,EXPANSION,INFLATION SHOCK,,0.5576300467371794,ESTRECHA,ELEVATED,ESTRECHA
2024-11-22,EXPANSION,MIXED,,0.7416306763116469,ESTRECHA,ELEVATED,ESTRECHA
2024-11-29,EXPANSION,MIXED,,0.647510057998583,ABUNDANTE,NORMAL,ESTRECHA
2024-12-06,EXPANSION,MIXED,,0.46885991243047065,ABUNDANTE,NORMAL,ESTRECHA
2024-12-13,EXPANSION,MIXED,,0.5660658692931448,NEUTRAL,NORMAL,ESTRECHA
2024-12-20,EXPANSION,INFLATION SHOCK,,0.49668670664622,ESTRECHA,STRESS,ESTRECHA
2024-12-27,EXPANSION,MIXED,,0.6265471772224176,ESTRECHA,STRESS,ESTRECHA
2025-01-03,EXPANSION,MIXED,,0.724832166858732,ESTRECHA,STRESS,ESTRECHA
2025-01-10,EXPANSION,MIXED,,0.6565511484817066,CRISIS,STRESS,ESTRECHA
2025-01-17,EXPANSION,MIXED,,0.6005916542212054,CRISIS,ELEVATED,ESTRECHA
2025-01-24,EXPANSION,MIXED,,0.6315514083781092,NEUTRAL,NORMAL,ESTRECHA
2025-01-31,EXPANSION,MIXED,,0.6847005116323372,CRISIS,ELEVATED,ESTRECHA
2025-02-07,EXPANSION,INFLATION SHOCK,,0.5058995337190969,CRISIS,ELEVATED,ESTRECHA
2025-02-14,EXPANSION,MIXED,,0.7472989493830691,ABUNDANTE,ELEVATED,ESTRECHA
2025-02-21,EXPANSION,INFLATION SHOCK,,0.5863482484744879,CRISIS,ELEVATED,ESTRECHA
2025-02-28,EXPANSION,MIXED,,0.48491038786900537,CRISIS,NORMAL,ESTRECHA
2025-03-07,MIXED,INFLATION SHOCK,,0.4064029522917695,ESTRECHA,ELEVATED,ESTRECHA
2025-03-14,MIXED,INFLATION SHOCK,,0.4543230701358676,ESTRECHA,ELEVATED,ESTRECHA
2025-03-21,MIXED,INFLATION SHOCK,,0.6650539050896007,ESTRECHA,ELEVATED,ESTRECHA
2025-03-28,MIXED,MIXED,,0.5528484644299394,ESTRECHA,ELEVATED,ESTRECHA
2025-04-04,RECOVERY,INFLATION SHOCK,,0.5351132232825913,CRISIS,STRESS,ESTRECHA
2025-04-11,RECOVERY,MIXED,,0.5554652808784871,ESTRECHA,STRESS,ESTRECHA
2025-04-18,RECOVERY,MIXED,,0.602640972889142,CRISIS,STRESS,ESTRECHA
2025-04-25,RECOVERY,MIXED,,0.6028449549957434,ESTRECHA,STRESS,ESTRECHA
2025-05-02,RECOVERY,MIXED,,0.5659939021362247,ESTRECHA,STRESS,ESTRECHA
2025-05-09,RECOVERY,MIXED,,0.6253659376864743,ESTRECHA,ELEVATED,ESTRECHA
2025-05-16,RECOVERY,MIXED,,0.5155627088374473,ESTRECHA,NORMAL,ESTRECHA
2025-05-23,RECOVERY,MIXED,,0.5794755518981093,ESTRECHA,NORMAL,ESTRECHA
2025-05-30,RECOVERY,MIXED,,0.6642029065863777,NEUTRAL,ELEVATED,ESTRECHA
2025-06-06,RECOVERY,MIXED,,0.5295088415841896,ESTRECHA,ELEVATED,ESTRECHA
2025-06-13,RECOVERY,MIXED,,0.7181863261281961,ESTRECHA,ELEVATED,ESTRECHA
2025-06-20,RECOVERY,MIXED,,0.65196415158783,NEUTRAL,NORMAL,ESTRECHA
2025-06-27,RECOVERY,MIXED,,0.6994622006839087,NEUTRAL,NORMAL,ESTRECHA
2025-07-04,MIXED,MIXED,,0.728571582147636,NEUTRAL,NORMAL,ESTRECHA
2025-07-11,MIXED,MIXED,,0.589532899114086,ESTRECHA,NORMAL,ESTRECHA
2025-07-18,MIXED,MIXED,,0.5668252591012806,NEUTRAL,LOW,ESTRECHA
2025-07-25,MIXED,MIXED,,0.5413899756287862,NEUTRAL,LOW,ESTRECHA
2025-08-01,EXPANSION,MIXED,,0.48664721078050704,NEUTRAL,NORMAL,ESTRECHA
2025-08-08,EXPANSION,MIXED,,0.5696763906650248,ABUNDANTE,ELEVATED,ESTRECHA
2025-08-15,EXPANSION,MIXED,,0.707603567540272,ABUNDANTE,ELEVATED,ESTRECHA
2025-08-22,EXPANSION,MIXED,,0.686018758959869,ABUNDANTE,ELEVATED,ESTRECHA
2025-08-29,EXPANSION,MIXED,,0.8364813879040672,NEUTRAL,NORMAL,ESTRECHA
2025-09-05,EXPANSION,INFLATION SHOCK,,0.6354617488833566,ABUNDANTE,NORMAL,ESTRECHA
2025-09-12,EXPANSION,MIXED,,0.7350348771850268,ABUNDANTE,NORMAL,ESTRECHA
2025-09-19,EXPANSION,MIXED,,0.7088972522623115,NEUTRAL,LOW,ESTRECHA
2025-09-26,EXPANSION,MIXED,,0.6665917611435367,ABUNDANTE,NORMAL,ESTRECHA
2025-10-03,EXPANSION,MIXED,,0.5844377264269598,NEUTRAL,LOW,ESTRECHA
2025-10-10,EXPANSION,INFLATION SHOCK,,0.5770928106475273,NEUTRAL,ELEVATED,ESTRECHA
2025-10-17,EXPANSION,INFLATION SHOCK,,0.6149342733692389,ESTRECHA,STRESS,ESTRECHA
2025-10-24,EXPANSION,MIXED,,0.5566885749816616,NEUTRAL,STRESS,ESTRECHA
2025-10-31,EXPANSION,MIXED,,0.5163705464438121,CRISIS,STRESS,ESTRECHA
2025-11-07,MIXED,INFLATION SHOCK,,0.5697795084813949,CRISIS,ELEVATED,ESTRECHA
2025-11-14,MIXED,INFLATION SHOCK,,0.5683015406563154,CRISIS,NORMAL,ESTRECHA
2025-11-21,MIXED,MIXED,,0.6412372962754902,CRISIS,NORMAL,ESTRECHA
2025-11-28,MIXED,MIXED,,0.5293609479075332,NEUTRAL,ELEVATED,ESTRECHA
2025-12-05,MIXED,INFLATION SHOCK,,0.5387116626195619,NEUTRAL,ELEVATED,ESTRECHA
2025-12-12,MIXED,INFLATION SHOCK,,0.5053904578170928,ESTRECHA,ELEVATED,ESTRECHA
2025-12-19,MIXED,INFLATION SHOCK,,0.5288353273221493,ESTRECHA,NORMAL,ESTRECHA
2025-12-26,MIXED,MIXED,,0.5186674006007,NEUTRAL,NORMAL,ESTRECHA
2026-01-02,EXPANSION,INFLATION SHOCK,,0.479401635719233,ESTRECHA,NORMAL,ESTRECHA
2026-01-09,EXPANSION,MIXED,,0.5705216540929595,ESTRECHA,LOW,ESTRECHA
2026-01-16,EXPANSION,MIXED,,0.5806802654437447,ESTRECHA,LOW,ESTRECHA
2026-01-23,EXPANSION,MIXED,,0.6576659915417337,NEUTRAL,ELEVATED,ESTRECHA
2026-01-30,EXPANSION,MIXED,,0.5988966377625532,CRISIS,ELEVATED,ESTRECHA
2026-02-06,EXPANSION,MIXED,,0.6619472442391398,CRISIS,ELEVATED,ESTRECHA
2026-02-13,EXPANSION,MIXED,,0.5287623941213723,ESTRECHA,STRESS,ESTRECHA
2026-02-20,EXPANSION,MIXED,,0.4366363955474507,ESTRECHA,NORMAL,ESTRECHA
2026-02-27,EXPANSION,MIXED,,0.5182344582000642,NEUTRAL,ELEVATED,ESTRECHA
2026-03-06,MIXED,INFLATION SHOCK,,0.48449674239155016,ESTRECHA,ELEVATED,ESTRECHA
2026-03-13,MIXED,INFLATION SHOCK,,0.5662696064849538,CRISIS,ELEVATED,ESTRECHA
2026-03-20,MIXED,INFLATION SHOCK,,0.6253068345646626,CRISIS,STRESS,ESTRECHA
2026-03-27,MIXED,MIXED,,0.7000215140001613,CRISIS,STRESS,ESTRECHA
2026-04-03,MIXED,INFLATION SHOCK,,0.4535207743829604,ESTRECHA,ELEVATED,ESTRECHA
2026-04-10,MIXED,MIXED,,0.5454702820276806,NEUTRAL,ELEVATED,ESTRECHA
2026-04-17,MIXED,MIXED,,0.6224730192517945,NEUTRAL,NORMAL,ESTRECHA
2026-04-24,MIXED,MIXED,,0.5711676562942568,NEUTRAL,NORMAL,ESTRECHA
2026-05-01,EXPANSION,MIXED,,0.5803691021916135,ESTRECHA,NORMAL,ESTRECHA
2026-05-08,EXPANSION,MIXED,,0.6896450653212072,NEUTRAL,LOW,ESTRECHA
2026-05-15,EXPANSION,MIXED,,0.5602854589018796,CRISIS,LOW,ESTRECHA
2026-05-22,EXPANSION,MIXED,,0.6003355595245196,ESTRECHA,LOW,ESTRECHA
2026-05-29,EXPANSION,MIXED,,0.6083697190810774,NEUTRAL,LOW,ESTRECHA
2026-06-05,EXPANSION,MIXED,,0.4035397171969896,CRISIS,ELEVATED,ESTRECHA
2026-06-12,EXPANSION,MIXED,,0.5519981759472238,NEUTRAL,STRESS,ESTRECHA
2026-06-19,EXPANSION,MIXED,,0.48624310764490625,NEUTRAL,STRESS,ESTRECHA
